ISO-10303-21;
HEADER;
/* Generated by software containing ST-Developer
 * from STEP Tools, Inc. (www.steptools.com) 
 */
/* OPTION: using custom renumber hook */

FILE_DESCRIPTION(
/* description */ ('STEP AP242 Edition 2',
'CAx-IF Rec.Pracs.---Representation and Presentation of Product Manufa
cturing Information (PMI)---4.0---2014-10-13',
'CAx-IF Rec.Pracs.---3D Tessellated Geometry---0.4---2014-09-14','2;1',
'CAx-IF Rec.Pracs.---User Defined Attributes---1.5---2016-08-15'),
/* implementation_level */ '2;1');

FILE_NAME(
/* name */ 'Part Studio 1 - Part 1',
/* time_stamp */ '2026-05-19T19:17:10Z',
/* author */ (''),
/* organization */ (''),
/* preprocessor_version */ 'ST-DEVELOPER v20',
/* originating_system */ 'ONSHAPE BY PTC INC, 1.215',
/* authorisation */ '  ');

FILE_SCHEMA (('AP242_MANAGED_MODEL_BASED_3D_ENGINEERING_MIM_LF { 1 0 10303 442 3 1 4 }'));
ENDSEC;

DATA;
#10=SHAPE_REPRESENTATION_RELATIONSHIP('','',#2907,#11);
#11=ADVANCED_BREP_SHAPE_REPRESENTATION('',(#2905),#4575);
#12=CYLINDRICAL_SURFACE('',#2930,0.0015);
#13=CYLINDRICAL_SURFACE('',#2935,0.0015);
#14=CYLINDRICAL_SURFACE('',#2942,0.0015);
#15=CYLINDRICAL_SURFACE('',#2947,0.0015);
#16=CYLINDRICAL_SURFACE('',#2974,0.00125);
#17=CYLINDRICAL_SURFACE('',#2979,0.00125);
#18=CYLINDRICAL_SURFACE('',#2984,0.00125);
#19=CYLINDRICAL_SURFACE('',#2989,0.00125);
#20=CYLINDRICAL_SURFACE('',#3015,0.00465);
#21=CIRCLE('',#2910,0.0015);
#22=CIRCLE('',#2911,0.0015);
#23=CIRCLE('',#2912,0.0015);
#24=CIRCLE('',#2913,0.0015);
#25=CIRCLE('',#2914,0.00465);
#26=CIRCLE('',#2915,0.00125);
#27=CIRCLE('',#2916,0.00125);
#28=CIRCLE('',#2917,0.00125);
#29=CIRCLE('',#2918,0.00125);
#30=CIRCLE('',#2920,0.00465);
#31=CIRCLE('',#2921,0.00125);
#32=CIRCLE('',#2922,0.00125);
#33=CIRCLE('',#2923,0.00125);
#34=CIRCLE('',#2924,0.00125);
#35=CIRCLE('',#2925,0.0015);
#36=CIRCLE('',#2926,0.0015);
#37=CIRCLE('',#2927,0.0015);
#38=CIRCLE('',#2928,0.0015);
#39=CIRCLE('',#2931,0.0015);
#40=CIRCLE('',#2936,0.0015);
#41=CIRCLE('',#2943,0.0015);
#42=CIRCLE('',#2948,0.0015);
#43=CIRCLE('',#2975,0.00125);
#44=CIRCLE('',#2980,0.00125);
#45=CIRCLE('',#2985,0.00125);
#46=CIRCLE('',#2990,0.00125);
#47=ORIENTED_EDGE('',*,*,#835,.F.);
#48=ORIENTED_EDGE('',*,*,#836,.T.);
#49=ORIENTED_EDGE('',*,*,#837,.T.);
#50=ORIENTED_EDGE('',*,*,#838,.F.);
#51=ORIENTED_EDGE('',*,*,#839,.F.);
#52=ORIENTED_EDGE('',*,*,#840,.T.);
#53=ORIENTED_EDGE('',*,*,#841,.T.);
#54=ORIENTED_EDGE('',*,*,#842,.F.);
#55=ORIENTED_EDGE('',*,*,#843,.F.);
#56=ORIENTED_EDGE('',*,*,#844,.T.);
#57=ORIENTED_EDGE('',*,*,#845,.T.);
#58=ORIENTED_EDGE('',*,*,#846,.F.);
#59=ORIENTED_EDGE('',*,*,#847,.F.);
#60=ORIENTED_EDGE('',*,*,#848,.T.);
#61=ORIENTED_EDGE('',*,*,#849,.F.);
#62=ORIENTED_EDGE('',*,*,#850,.F.);
#63=ORIENTED_EDGE('',*,*,#851,.F.);
#64=ORIENTED_EDGE('',*,*,#852,.F.);
#65=ORIENTED_EDGE('',*,*,#853,.F.);
#66=ORIENTED_EDGE('',*,*,#854,.T.);
#67=ORIENTED_EDGE('',*,*,#855,.T.);
#68=ORIENTED_EDGE('',*,*,#856,.F.);
#69=ORIENTED_EDGE('',*,*,#857,.F.);
#70=ORIENTED_EDGE('',*,*,#858,.T.);
#71=ORIENTED_EDGE('',*,*,#859,.T.);
#72=ORIENTED_EDGE('',*,*,#860,.T.);
#73=ORIENTED_EDGE('',*,*,#861,.T.);
#74=ORIENTED_EDGE('',*,*,#862,.F.);
#75=ORIENTED_EDGE('',*,*,#863,.F.);
#76=ORIENTED_EDGE('',*,*,#864,.T.);
#77=ORIENTED_EDGE('',*,*,#865,.F.);
#78=ORIENTED_EDGE('',*,*,#866,.F.);
#79=ORIENTED_EDGE('',*,*,#867,.F.);
#80=ORIENTED_EDGE('',*,*,#868,.T.);
#81=ORIENTED_EDGE('',*,*,#869,.T.);
#82=ORIENTED_EDGE('',*,*,#870,.F.);
#83=ORIENTED_EDGE('',*,*,#871,.F.);
#84=ORIENTED_EDGE('',*,*,#872,.T.);
#85=ORIENTED_EDGE('',*,*,#873,.T.);
#86=ORIENTED_EDGE('',*,*,#874,.F.);
#87=ORIENTED_EDGE('',*,*,#875,.F.);
#88=ORIENTED_EDGE('',*,*,#876,.T.);
#89=ORIENTED_EDGE('',*,*,#877,.T.);
#90=ORIENTED_EDGE('',*,*,#878,.F.);
#91=ORIENTED_EDGE('',*,*,#879,.T.);
#92=ORIENTED_EDGE('',*,*,#880,.F.);
#93=ORIENTED_EDGE('',*,*,#881,.T.);
#94=ORIENTED_EDGE('',*,*,#882,.T.);
#95=ORIENTED_EDGE('',*,*,#883,.F.);
#96=ORIENTED_EDGE('',*,*,#884,.T.);
#97=ORIENTED_EDGE('',*,*,#885,.T.);
#98=ORIENTED_EDGE('',*,*,#886,.F.);
#99=ORIENTED_EDGE('',*,*,#887,.F.);
#100=ORIENTED_EDGE('',*,*,#888,.T.);
#101=ORIENTED_EDGE('',*,*,#889,.T.);
#102=ORIENTED_EDGE('',*,*,#890,.F.);
#103=ORIENTED_EDGE('',*,*,#891,.F.);
#104=ORIENTED_EDGE('',*,*,#892,.T.);
#105=ORIENTED_EDGE('',*,*,#893,.T.);
#106=ORIENTED_EDGE('',*,*,#894,.F.);
#107=ORIENTED_EDGE('',*,*,#895,.F.);
#108=ORIENTED_EDGE('',*,*,#896,.T.);
#109=ORIENTED_EDGE('',*,*,#897,.T.);
#110=ORIENTED_EDGE('',*,*,#898,.F.);
#111=ORIENTED_EDGE('',*,*,#899,.F.);
#112=ORIENTED_EDGE('',*,*,#900,.T.);
#113=ORIENTED_EDGE('',*,*,#901,.T.);
#114=ORIENTED_EDGE('',*,*,#902,.F.);
#115=ORIENTED_EDGE('',*,*,#903,.T.);
#116=ORIENTED_EDGE('',*,*,#904,.F.);
#117=ORIENTED_EDGE('',*,*,#905,.T.);
#118=ORIENTED_EDGE('',*,*,#906,.T.);
#119=ORIENTED_EDGE('',*,*,#907,.F.);
#120=ORIENTED_EDGE('',*,*,#908,.F.);
#121=ORIENTED_EDGE('',*,*,#909,.T.);
#122=ORIENTED_EDGE('',*,*,#910,.T.);
#123=ORIENTED_EDGE('',*,*,#911,.F.);
#124=ORIENTED_EDGE('',*,*,#912,.T.);
#125=ORIENTED_EDGE('',*,*,#913,.T.);
#126=ORIENTED_EDGE('',*,*,#914,.T.);
#127=ORIENTED_EDGE('',*,*,#915,.F.);
#128=ORIENTED_EDGE('',*,*,#916,.F.);
#129=ORIENTED_EDGE('',*,*,#917,.F.);
#130=ORIENTED_EDGE('',*,*,#918,.T.);
#131=ORIENTED_EDGE('',*,*,#919,.F.);
#132=ORIENTED_EDGE('',*,*,#920,.F.);
#133=ORIENTED_EDGE('',*,*,#921,.T.);
#134=ORIENTED_EDGE('',*,*,#922,.T.);
#135=ORIENTED_EDGE('',*,*,#923,.T.);
#136=ORIENTED_EDGE('',*,*,#924,.F.);
#137=ORIENTED_EDGE('',*,*,#925,.F.);
#138=ORIENTED_EDGE('',*,*,#926,.F.);
#139=ORIENTED_EDGE('',*,*,#927,.T.);
#140=ORIENTED_EDGE('',*,*,#928,.F.);
#141=ORIENTED_EDGE('',*,*,#929,.T.);
#142=ORIENTED_EDGE('',*,*,#930,.T.);
#143=ORIENTED_EDGE('',*,*,#931,.F.);
#144=ORIENTED_EDGE('',*,*,#932,.F.);
#145=ORIENTED_EDGE('',*,*,#933,.T.);
#146=ORIENTED_EDGE('',*,*,#934,.T.);
#147=ORIENTED_EDGE('',*,*,#935,.F.);
#148=ORIENTED_EDGE('',*,*,#936,.F.);
#149=ORIENTED_EDGE('',*,*,#937,.T.);
#150=ORIENTED_EDGE('',*,*,#938,.T.);
#151=ORIENTED_EDGE('',*,*,#939,.F.);
#152=ORIENTED_EDGE('',*,*,#940,.F.);
#153=ORIENTED_EDGE('',*,*,#941,.T.);
#154=ORIENTED_EDGE('',*,*,#942,.T.);
#155=ORIENTED_EDGE('',*,*,#943,.F.);
#156=ORIENTED_EDGE('',*,*,#944,.F.);
#157=ORIENTED_EDGE('',*,*,#945,.T.);
#158=ORIENTED_EDGE('',*,*,#946,.T.);
#159=ORIENTED_EDGE('',*,*,#947,.F.);
#160=ORIENTED_EDGE('',*,*,#948,.T.);
#161=ORIENTED_EDGE('',*,*,#949,.T.);
#162=ORIENTED_EDGE('',*,*,#950,.F.);
#163=ORIENTED_EDGE('',*,*,#951,.F.);
#164=ORIENTED_EDGE('',*,*,#952,.F.);
#165=ORIENTED_EDGE('',*,*,#953,.T.);
#166=ORIENTED_EDGE('',*,*,#954,.T.);
#167=ORIENTED_EDGE('',*,*,#955,.F.);
#168=ORIENTED_EDGE('',*,*,#956,.F.);
#169=ORIENTED_EDGE('',*,*,#957,.T.);
#170=ORIENTED_EDGE('',*,*,#958,.T.);
#171=ORIENTED_EDGE('',*,*,#959,.F.);
#172=ORIENTED_EDGE('',*,*,#960,.F.);
#173=ORIENTED_EDGE('',*,*,#961,.T.);
#174=ORIENTED_EDGE('',*,*,#962,.T.);
#175=ORIENTED_EDGE('',*,*,#963,.F.);
#176=ORIENTED_EDGE('',*,*,#964,.F.);
#177=ORIENTED_EDGE('',*,*,#965,.T.);
#178=ORIENTED_EDGE('',*,*,#966,.T.);
#179=ORIENTED_EDGE('',*,*,#967,.F.);
#180=ORIENTED_EDGE('',*,*,#968,.F.);
#181=ORIENTED_EDGE('',*,*,#969,.T.);
#182=ORIENTED_EDGE('',*,*,#970,.T.);
#183=ORIENTED_EDGE('',*,*,#971,.F.);
#184=ORIENTED_EDGE('',*,*,#972,.F.);
#185=ORIENTED_EDGE('',*,*,#973,.T.);
#186=ORIENTED_EDGE('',*,*,#974,.T.);
#187=ORIENTED_EDGE('',*,*,#975,.F.);
#188=ORIENTED_EDGE('',*,*,#976,.F.);
#189=ORIENTED_EDGE('',*,*,#977,.T.);
#190=ORIENTED_EDGE('',*,*,#978,.T.);
#191=ORIENTED_EDGE('',*,*,#979,.F.);
#192=ORIENTED_EDGE('',*,*,#980,.F.);
#193=ORIENTED_EDGE('',*,*,#981,.T.);
#194=ORIENTED_EDGE('',*,*,#982,.T.);
#195=ORIENTED_EDGE('',*,*,#983,.F.);
#196=ORIENTED_EDGE('',*,*,#984,.F.);
#197=ORIENTED_EDGE('',*,*,#985,.T.);
#198=ORIENTED_EDGE('',*,*,#986,.T.);
#199=ORIENTED_EDGE('',*,*,#987,.F.);
#200=ORIENTED_EDGE('',*,*,#988,.T.);
#201=ORIENTED_EDGE('',*,*,#989,.T.);
#202=ORIENTED_EDGE('',*,*,#990,.F.);
#203=ORIENTED_EDGE('',*,*,#991,.F.);
#204=ORIENTED_EDGE('',*,*,#992,.F.);
#205=ORIENTED_EDGE('',*,*,#993,.T.);
#206=ORIENTED_EDGE('',*,*,#994,.T.);
#207=ORIENTED_EDGE('',*,*,#995,.F.);
#208=ORIENTED_EDGE('',*,*,#996,.F.);
#209=ORIENTED_EDGE('',*,*,#997,.F.);
#210=ORIENTED_EDGE('',*,*,#998,.F.);
#211=ORIENTED_EDGE('',*,*,#999,.T.);
#212=ORIENTED_EDGE('',*,*,#1000,.T.);
#213=ORIENTED_EDGE('',*,*,#1001,.F.);
#214=ORIENTED_EDGE('',*,*,#1002,.T.);
#215=ORIENTED_EDGE('',*,*,#1003,.F.);
#216=ORIENTED_EDGE('',*,*,#1004,.F.);
#217=ORIENTED_EDGE('',*,*,#1005,.T.);
#218=ORIENTED_EDGE('',*,*,#1006,.F.);
#219=ORIENTED_EDGE('',*,*,#1007,.T.);
#220=ORIENTED_EDGE('',*,*,#1008,.F.);
#221=ORIENTED_EDGE('',*,*,#1009,.F.);
#222=ORIENTED_EDGE('',*,*,#1010,.T.);
#223=ORIENTED_EDGE('',*,*,#1011,.T.);
#224=ORIENTED_EDGE('',*,*,#1012,.T.);
#225=ORIENTED_EDGE('',*,*,#1013,.F.);
#226=ORIENTED_EDGE('',*,*,#1014,.T.);
#227=ORIENTED_EDGE('',*,*,#1015,.T.);
#228=ORIENTED_EDGE('',*,*,#1016,.F.);
#229=ORIENTED_EDGE('',*,*,#1017,.F.);
#230=ORIENTED_EDGE('',*,*,#1018,.F.);
#231=ORIENTED_EDGE('',*,*,#1019,.F.);
#232=ORIENTED_EDGE('',*,*,#1020,.T.);
#233=ORIENTED_EDGE('',*,*,#1021,.F.);
#234=ORIENTED_EDGE('',*,*,#1022,.F.);
#235=ORIENTED_EDGE('',*,*,#1023,.T.);
#236=ORIENTED_EDGE('',*,*,#1024,.T.);
#237=ORIENTED_EDGE('',*,*,#1025,.F.);
#238=ORIENTED_EDGE('',*,*,#1026,.F.);
#239=ORIENTED_EDGE('',*,*,#1027,.T.);
#240=ORIENTED_EDGE('',*,*,#1028,.T.);
#241=ORIENTED_EDGE('',*,*,#1029,.F.);
#242=ORIENTED_EDGE('',*,*,#1030,.F.);
#243=ORIENTED_EDGE('',*,*,#1031,.T.);
#244=ORIENTED_EDGE('',*,*,#1032,.T.);
#245=ORIENTED_EDGE('',*,*,#1033,.F.);
#246=ORIENTED_EDGE('',*,*,#1034,.F.);
#247=ORIENTED_EDGE('',*,*,#1035,.T.);
#248=ORIENTED_EDGE('',*,*,#1036,.T.);
#249=ORIENTED_EDGE('',*,*,#1037,.F.);
#250=ORIENTED_EDGE('',*,*,#1038,.T.);
#251=ORIENTED_EDGE('',*,*,#1039,.T.);
#252=ORIENTED_EDGE('',*,*,#1040,.T.);
#253=ORIENTED_EDGE('',*,*,#1041,.T.);
#254=ORIENTED_EDGE('',*,*,#1042,.F.);
#255=ORIENTED_EDGE('',*,*,#1043,.F.);
#256=ORIENTED_EDGE('',*,*,#1044,.T.);
#257=ORIENTED_EDGE('',*,*,#1045,.T.);
#258=ORIENTED_EDGE('',*,*,#1046,.F.);
#259=ORIENTED_EDGE('',*,*,#1047,.F.);
#260=ORIENTED_EDGE('',*,*,#1048,.T.);
#261=ORIENTED_EDGE('',*,*,#1049,.F.);
#262=ORIENTED_EDGE('',*,*,#1050,.F.);
#263=ORIENTED_EDGE('',*,*,#1051,.F.);
#264=ORIENTED_EDGE('',*,*,#1052,.F.);
#265=ORIENTED_EDGE('',*,*,#1053,.F.);
#266=ORIENTED_EDGE('',*,*,#1054,.T.);
#267=ORIENTED_EDGE('',*,*,#1055,.F.);
#268=ORIENTED_EDGE('',*,*,#1056,.F.);
#269=ORIENTED_EDGE('',*,*,#1057,.F.);
#270=ORIENTED_EDGE('',*,*,#1058,.F.);
#271=ORIENTED_EDGE('',*,*,#1059,.T.);
#272=ORIENTED_EDGE('',*,*,#1060,.T.);
#273=ORIENTED_EDGE('',*,*,#1061,.F.);
#274=ORIENTED_EDGE('',*,*,#1062,.T.);
#275=ORIENTED_EDGE('',*,*,#1063,.T.);
#276=ORIENTED_EDGE('',*,*,#1064,.F.);
#277=ORIENTED_EDGE('',*,*,#1065,.F.);
#278=ORIENTED_EDGE('',*,*,#1066,.T.);
#279=ORIENTED_EDGE('',*,*,#1067,.T.);
#280=ORIENTED_EDGE('',*,*,#1068,.F.);
#281=ORIENTED_EDGE('',*,*,#1069,.T.);
#282=ORIENTED_EDGE('',*,*,#1070,.T.);
#283=ORIENTED_EDGE('',*,*,#1071,.F.);
#284=ORIENTED_EDGE('',*,*,#1072,.F.);
#285=ORIENTED_EDGE('',*,*,#1073,.F.);
#286=ORIENTED_EDGE('',*,*,#1074,.T.);
#287=ORIENTED_EDGE('',*,*,#1075,.T.);
#288=ORIENTED_EDGE('',*,*,#1076,.F.);
#289=ORIENTED_EDGE('',*,*,#1077,.F.);
#290=ORIENTED_EDGE('',*,*,#1078,.T.);
#291=ORIENTED_EDGE('',*,*,#1079,.T.);
#292=ORIENTED_EDGE('',*,*,#1080,.F.);
#293=ORIENTED_EDGE('',*,*,#1081,.F.);
#294=ORIENTED_EDGE('',*,*,#1082,.T.);
#295=ORIENTED_EDGE('',*,*,#1083,.T.);
#296=ORIENTED_EDGE('',*,*,#1084,.F.);
#297=ORIENTED_EDGE('',*,*,#1085,.F.);
#298=ORIENTED_EDGE('',*,*,#1086,.T.);
#299=ORIENTED_EDGE('',*,*,#1087,.T.);
#300=ORIENTED_EDGE('',*,*,#1088,.F.);
#301=ORIENTED_EDGE('',*,*,#1089,.F.);
#302=ORIENTED_EDGE('',*,*,#1090,.T.);
#303=ORIENTED_EDGE('',*,*,#1091,.T.);
#304=ORIENTED_EDGE('',*,*,#1092,.F.);
#305=ORIENTED_EDGE('',*,*,#1059,.F.);
#306=ORIENTED_EDGE('',*,*,#1093,.F.);
#307=ORIENTED_EDGE('',*,*,#843,.T.);
#308=ORIENTED_EDGE('',*,*,#1094,.T.);
#309=ORIENTED_EDGE('',*,*,#1037,.T.);
#310=ORIENTED_EDGE('',*,*,#1095,.F.);
#311=ORIENTED_EDGE('',*,*,#853,.T.);
#312=ORIENTED_EDGE('',*,*,#1096,.T.);
#313=ORIENTED_EDGE('',*,*,#1097,.F.);
#314=ORIENTED_EDGE('',*,*,#1056,.T.);
#315=ORIENTED_EDGE('',*,*,#1098,.F.);
#316=ORIENTED_EDGE('',*,*,#854,.F.);
#317=ORIENTED_EDGE('',*,*,#1095,.T.);
#318=ORIENTED_EDGE('',*,*,#1055,.T.);
#319=ORIENTED_EDGE('',*,*,#1099,.F.);
#320=ORIENTED_EDGE('',*,*,#855,.F.);
#321=ORIENTED_EDGE('',*,*,#1098,.T.);
#322=ORIENTED_EDGE('',*,*,#1054,.F.);
#323=ORIENTED_EDGE('',*,*,#1100,.F.);
#324=ORIENTED_EDGE('',*,*,#856,.T.);
#325=ORIENTED_EDGE('',*,*,#1099,.T.);
#326=ORIENTED_EDGE('',*,*,#1053,.T.);
#327=ORIENTED_EDGE('',*,*,#1101,.F.);
#328=ORIENTED_EDGE('',*,*,#857,.T.);
#329=ORIENTED_EDGE('',*,*,#1100,.T.);
#330=ORIENTED_EDGE('',*,*,#1102,.F.);
#331=ORIENTED_EDGE('',*,*,#1052,.T.);
#332=ORIENTED_EDGE('',*,*,#1103,.F.);
#333=ORIENTED_EDGE('',*,*,#858,.F.);
#334=ORIENTED_EDGE('',*,*,#1101,.T.);
#335=ORIENTED_EDGE('',*,*,#1051,.T.);
#336=ORIENTED_EDGE('',*,*,#1104,.F.);
#337=ORIENTED_EDGE('',*,*,#859,.F.);
#338=ORIENTED_EDGE('',*,*,#1103,.T.);
#339=ORIENTED_EDGE('',*,*,#1050,.T.);
#340=ORIENTED_EDGE('',*,*,#1105,.F.);
#341=ORIENTED_EDGE('',*,*,#860,.F.);
#342=ORIENTED_EDGE('',*,*,#1104,.T.);
#343=ORIENTED_EDGE('',*,*,#1049,.T.);
#344=ORIENTED_EDGE('',*,*,#1106,.F.);
#345=ORIENTED_EDGE('',*,*,#861,.F.);
#346=ORIENTED_EDGE('',*,*,#1105,.T.);
#347=ORIENTED_EDGE('',*,*,#1048,.F.);
#348=ORIENTED_EDGE('',*,*,#1107,.F.);
#349=ORIENTED_EDGE('',*,*,#862,.T.);
#350=ORIENTED_EDGE('',*,*,#1106,.T.);
#351=ORIENTED_EDGE('',*,*,#1047,.T.);
#352=ORIENTED_EDGE('',*,*,#1108,.F.);
#353=ORIENTED_EDGE('',*,*,#863,.T.);
#354=ORIENTED_EDGE('',*,*,#1107,.T.);
#355=ORIENTED_EDGE('',*,*,#1109,.F.);
#356=ORIENTED_EDGE('',*,*,#1046,.T.);
#357=ORIENTED_EDGE('',*,*,#1110,.F.);
#358=ORIENTED_EDGE('',*,*,#864,.F.);
#359=ORIENTED_EDGE('',*,*,#1108,.T.);
#360=ORIENTED_EDGE('',*,*,#1045,.F.);
#361=ORIENTED_EDGE('',*,*,#1111,.F.);
#362=ORIENTED_EDGE('',*,*,#865,.T.);
#363=ORIENTED_EDGE('',*,*,#1110,.T.);
#364=ORIENTED_EDGE('',*,*,#1044,.F.);
#365=ORIENTED_EDGE('',*,*,#1112,.F.);
#366=ORIENTED_EDGE('',*,*,#866,.T.);
#367=ORIENTED_EDGE('',*,*,#1111,.T.);
#368=ORIENTED_EDGE('',*,*,#1043,.T.);
#369=ORIENTED_EDGE('',*,*,#1113,.F.);
#370=ORIENTED_EDGE('',*,*,#847,.T.);
#371=ORIENTED_EDGE('',*,*,#1112,.T.);
#372=ORIENTED_EDGE('',*,*,#1114,.F.);
#373=ORIENTED_EDGE('',*,*,#1042,.T.);
#374=ORIENTED_EDGE('',*,*,#1115,.F.);
#375=ORIENTED_EDGE('',*,*,#848,.F.);
#376=ORIENTED_EDGE('',*,*,#1113,.T.);
#377=ORIENTED_EDGE('',*,*,#1041,.F.);
#378=ORIENTED_EDGE('',*,*,#1116,.F.);
#379=ORIENTED_EDGE('',*,*,#849,.T.);
#380=ORIENTED_EDGE('',*,*,#1115,.T.);
#381=ORIENTED_EDGE('',*,*,#1040,.F.);
#382=ORIENTED_EDGE('',*,*,#1117,.F.);
#383=ORIENTED_EDGE('',*,*,#850,.T.);
#384=ORIENTED_EDGE('',*,*,#1116,.T.);
#385=ORIENTED_EDGE('',*,*,#1039,.F.);
#386=ORIENTED_EDGE('',*,*,#1118,.F.);
#387=ORIENTED_EDGE('',*,*,#851,.T.);
#388=ORIENTED_EDGE('',*,*,#1117,.T.);
#389=ORIENTED_EDGE('',*,*,#1038,.F.);
#390=ORIENTED_EDGE('',*,*,#1096,.F.);
#391=ORIENTED_EDGE('',*,*,#852,.T.);
#392=ORIENTED_EDGE('',*,*,#1118,.T.);
#393=ORIENTED_EDGE('',*,*,#1097,.T.);
#394=ORIENTED_EDGE('',*,*,#1102,.T.);
#395=ORIENTED_EDGE('',*,*,#1109,.T.);
#396=ORIENTED_EDGE('',*,*,#1114,.T.);
#397=ORIENTED_EDGE('',*,*,#881,.F.);
#398=ORIENTED_EDGE('',*,*,#1119,.T.);
#399=ORIENTED_EDGE('',*,*,#976,.T.);
#400=ORIENTED_EDGE('',*,*,#1120,.F.);
#401=ORIENTED_EDGE('',*,*,#1119,.F.);
#402=ORIENTED_EDGE('',*,*,#880,.T.);
#403=ORIENTED_EDGE('',*,*,#1121,.T.);
#404=ORIENTED_EDGE('',*,*,#977,.F.);
#405=ORIENTED_EDGE('',*,*,#1121,.F.);
#406=ORIENTED_EDGE('',*,*,#883,.T.);
#407=ORIENTED_EDGE('',*,*,#1122,.T.);
#408=ORIENTED_EDGE('',*,*,#978,.F.);
#409=ORIENTED_EDGE('',*,*,#868,.F.);
#410=ORIENTED_EDGE('',*,*,#1123,.T.);
#411=ORIENTED_EDGE('',*,*,#980,.T.);
#412=ORIENTED_EDGE('',*,*,#1124,.F.);
#413=ORIENTED_EDGE('',*,*,#1123,.F.);
#414=ORIENTED_EDGE('',*,*,#867,.T.);
#415=ORIENTED_EDGE('',*,*,#1125,.T.);
#416=ORIENTED_EDGE('',*,*,#981,.F.);
#417=ORIENTED_EDGE('',*,*,#1125,.F.);
#418=ORIENTED_EDGE('',*,*,#870,.T.);
#419=ORIENTED_EDGE('',*,*,#1126,.T.);
#420=ORIENTED_EDGE('',*,*,#982,.F.);
#421=ORIENTED_EDGE('',*,*,#872,.F.);
#422=ORIENTED_EDGE('',*,*,#1127,.T.);
#423=ORIENTED_EDGE('',*,*,#984,.T.);
#424=ORIENTED_EDGE('',*,*,#1128,.F.);
#425=ORIENTED_EDGE('',*,*,#1127,.F.);
#426=ORIENTED_EDGE('',*,*,#871,.T.);
#427=ORIENTED_EDGE('',*,*,#1129,.T.);
#428=ORIENTED_EDGE('',*,*,#985,.F.);
#429=ORIENTED_EDGE('',*,*,#1129,.F.);
#430=ORIENTED_EDGE('',*,*,#874,.T.);
#431=ORIENTED_EDGE('',*,*,#1130,.T.);
#432=ORIENTED_EDGE('',*,*,#986,.F.);
#433=ORIENTED_EDGE('',*,*,#1131,.F.);
#434=ORIENTED_EDGE('',*,*,#908,.T.);
#435=ORIENTED_EDGE('',*,*,#1132,.T.);
#436=ORIENTED_EDGE('',*,*,#988,.F.);
#437=ORIENTED_EDGE('',*,*,#1132,.F.);
#438=ORIENTED_EDGE('',*,*,#911,.T.);
#439=ORIENTED_EDGE('',*,*,#1133,.T.);
#440=ORIENTED_EDGE('',*,*,#989,.F.);
#441=ORIENTED_EDGE('',*,*,#910,.F.);
#442=ORIENTED_EDGE('',*,*,#1134,.T.);
#443=ORIENTED_EDGE('',*,*,#990,.T.);
#444=ORIENTED_EDGE('',*,*,#1133,.F.);
#445=ORIENTED_EDGE('',*,*,#876,.F.);
#446=ORIENTED_EDGE('',*,*,#1135,.T.);
#447=ORIENTED_EDGE('',*,*,#992,.T.);
#448=ORIENTED_EDGE('',*,*,#1136,.F.);
#449=ORIENTED_EDGE('',*,*,#1135,.F.);
#450=ORIENTED_EDGE('',*,*,#875,.T.);
#451=ORIENTED_EDGE('',*,*,#1137,.T.);
#452=ORIENTED_EDGE('',*,*,#993,.F.);
#453=ORIENTED_EDGE('',*,*,#1137,.F.);
#454=ORIENTED_EDGE('',*,*,#878,.T.);
#455=ORIENTED_EDGE('',*,*,#1138,.T.);
#456=ORIENTED_EDGE('',*,*,#994,.F.);
#457=ORIENTED_EDGE('',*,*,#918,.F.);
#458=ORIENTED_EDGE('',*,*,#1139,.T.);
#459=ORIENTED_EDGE('',*,*,#997,.T.);
#460=ORIENTED_EDGE('',*,*,#1140,.F.);
#461=ORIENTED_EDGE('',*,*,#1139,.F.);
#462=ORIENTED_EDGE('',*,*,#917,.T.);
#463=ORIENTED_EDGE('',*,*,#1141,.T.);
#464=ORIENTED_EDGE('',*,*,#998,.T.);
#465=ORIENTED_EDGE('',*,*,#1142,.F.);
#466=ORIENTED_EDGE('',*,*,#1141,.F.);
#467=ORIENTED_EDGE('',*,*,#916,.T.);
#468=ORIENTED_EDGE('',*,*,#1143,.T.);
#469=ORIENTED_EDGE('',*,*,#999,.F.);
#470=ORIENTED_EDGE('',*,*,#1143,.F.);
#471=ORIENTED_EDGE('',*,*,#915,.T.);
#472=ORIENTED_EDGE('',*,*,#1144,.T.);
#473=ORIENTED_EDGE('',*,*,#1000,.F.);
#474=ORIENTED_EDGE('',*,*,#914,.F.);
#475=ORIENTED_EDGE('',*,*,#1145,.T.);
#476=ORIENTED_EDGE('',*,*,#1001,.T.);
#477=ORIENTED_EDGE('',*,*,#1144,.F.);
#478=ORIENTED_EDGE('',*,*,#1145,.F.);
#479=ORIENTED_EDGE('',*,*,#913,.F.);
#480=ORIENTED_EDGE('',*,*,#1146,.T.);
#481=ORIENTED_EDGE('',*,*,#1002,.F.);
#482=ORIENTED_EDGE('',*,*,#1147,.T.);
#483=ORIENTED_EDGE('',*,*,#912,.F.);
#484=ORIENTED_EDGE('',*,*,#1148,.T.);
#485=ORIENTED_EDGE('',*,*,#1003,.T.);
#486=ORIENTED_EDGE('',*,*,#1146,.F.);
#487=ORIENTED_EDGE('',*,*,#927,.F.);
#488=ORIENTED_EDGE('',*,*,#1149,.T.);
#489=ORIENTED_EDGE('',*,*,#1004,.T.);
#490=ORIENTED_EDGE('',*,*,#1148,.F.);
#491=ORIENTED_EDGE('',*,*,#1149,.F.);
#492=ORIENTED_EDGE('',*,*,#926,.T.);
#493=ORIENTED_EDGE('',*,*,#1150,.T.);
#494=ORIENTED_EDGE('',*,*,#1005,.F.);
#495=ORIENTED_EDGE('',*,*,#1150,.F.);
#496=ORIENTED_EDGE('',*,*,#925,.T.);
#497=ORIENTED_EDGE('',*,*,#1151,.T.);
#498=ORIENTED_EDGE('',*,*,#1006,.T.);
#499=ORIENTED_EDGE('',*,*,#1152,.F.);
#500=ORIENTED_EDGE('',*,*,#1151,.F.);
#501=ORIENTED_EDGE('',*,*,#924,.T.);
#502=ORIENTED_EDGE('',*,*,#1153,.T.);
#503=ORIENTED_EDGE('',*,*,#1007,.F.);
#504=ORIENTED_EDGE('',*,*,#923,.F.);
#505=ORIENTED_EDGE('',*,*,#1154,.T.);
#506=ORIENTED_EDGE('',*,*,#1008,.T.);
#507=ORIENTED_EDGE('',*,*,#1153,.F.);
#508=ORIENTED_EDGE('',*,*,#922,.F.);
#509=ORIENTED_EDGE('',*,*,#1155,.T.);
#510=ORIENTED_EDGE('',*,*,#1009,.T.);
#511=ORIENTED_EDGE('',*,*,#1154,.F.);
#512=ORIENTED_EDGE('',*,*,#1155,.F.);
#513=ORIENTED_EDGE('',*,*,#921,.F.);
#514=ORIENTED_EDGE('',*,*,#1156,.T.);
#515=ORIENTED_EDGE('',*,*,#1010,.F.);
#516=ORIENTED_EDGE('',*,*,#1157,.T.);
#517=ORIENTED_EDGE('',*,*,#1156,.F.);
#518=ORIENTED_EDGE('',*,*,#920,.T.);
#519=ORIENTED_EDGE('',*,*,#1158,.T.);
#520=ORIENTED_EDGE('',*,*,#1011,.F.);
#521=ORIENTED_EDGE('',*,*,#905,.F.);
#522=ORIENTED_EDGE('',*,*,#1159,.T.);
#523=ORIENTED_EDGE('',*,*,#1013,.T.);
#524=ORIENTED_EDGE('',*,*,#1160,.F.);
#525=ORIENTED_EDGE('',*,*,#1159,.F.);
#526=ORIENTED_EDGE('',*,*,#904,.T.);
#527=ORIENTED_EDGE('',*,*,#1161,.T.);
#528=ORIENTED_EDGE('',*,*,#1014,.F.);
#529=ORIENTED_EDGE('',*,*,#1161,.F.);
#530=ORIENTED_EDGE('',*,*,#907,.T.);
#531=ORIENTED_EDGE('',*,*,#1162,.T.);
#532=ORIENTED_EDGE('',*,*,#1015,.F.);
#533=ORIENTED_EDGE('',*,*,#901,.F.);
#534=ORIENTED_EDGE('',*,*,#1163,.T.);
#535=ORIENTED_EDGE('',*,*,#1017,.T.);
#536=ORIENTED_EDGE('',*,*,#1164,.F.);
#537=ORIENTED_EDGE('',*,*,#900,.F.);
#538=ORIENTED_EDGE('',*,*,#1165,.T.);
#539=ORIENTED_EDGE('',*,*,#1018,.T.);
#540=ORIENTED_EDGE('',*,*,#1163,.F.);
#541=ORIENTED_EDGE('',*,*,#903,.F.);
#542=ORIENTED_EDGE('',*,*,#1166,.T.);
#543=ORIENTED_EDGE('',*,*,#1019,.T.);
#544=ORIENTED_EDGE('',*,*,#1165,.F.);
#545=ORIENTED_EDGE('',*,*,#897,.F.);
#546=ORIENTED_EDGE('',*,*,#1167,.T.);
#547=ORIENTED_EDGE('',*,*,#1021,.T.);
#548=ORIENTED_EDGE('',*,*,#1168,.F.);
#549=ORIENTED_EDGE('',*,*,#896,.F.);
#550=ORIENTED_EDGE('',*,*,#1169,.T.);
#551=ORIENTED_EDGE('',*,*,#1022,.T.);
#552=ORIENTED_EDGE('',*,*,#1167,.F.);
#553=ORIENTED_EDGE('',*,*,#1169,.F.);
#554=ORIENTED_EDGE('',*,*,#899,.T.);
#555=ORIENTED_EDGE('',*,*,#1170,.T.);
#556=ORIENTED_EDGE('',*,*,#1023,.F.);
#557=ORIENTED_EDGE('',*,*,#893,.F.);
#558=ORIENTED_EDGE('',*,*,#1171,.T.);
#559=ORIENTED_EDGE('',*,*,#1025,.T.);
#560=ORIENTED_EDGE('',*,*,#1172,.F.);
#561=ORIENTED_EDGE('',*,*,#892,.F.);
#562=ORIENTED_EDGE('',*,*,#1173,.T.);
#563=ORIENTED_EDGE('',*,*,#1026,.T.);
#564=ORIENTED_EDGE('',*,*,#1171,.F.);
#565=ORIENTED_EDGE('',*,*,#1173,.F.);
#566=ORIENTED_EDGE('',*,*,#895,.T.);
#567=ORIENTED_EDGE('',*,*,#1174,.T.);
#568=ORIENTED_EDGE('',*,*,#1027,.F.);
#569=ORIENTED_EDGE('',*,*,#889,.F.);
#570=ORIENTED_EDGE('',*,*,#1175,.T.);
#571=ORIENTED_EDGE('',*,*,#1029,.T.);
#572=ORIENTED_EDGE('',*,*,#1176,.F.);
#573=ORIENTED_EDGE('',*,*,#888,.F.);
#574=ORIENTED_EDGE('',*,*,#1177,.T.);
#575=ORIENTED_EDGE('',*,*,#1030,.T.);
#576=ORIENTED_EDGE('',*,*,#1175,.F.);
#577=ORIENTED_EDGE('',*,*,#1177,.F.);
#578=ORIENTED_EDGE('',*,*,#891,.T.);
#579=ORIENTED_EDGE('',*,*,#1178,.T.);
#580=ORIENTED_EDGE('',*,*,#1031,.F.);
#581=ORIENTED_EDGE('',*,*,#885,.F.);
#582=ORIENTED_EDGE('',*,*,#1179,.T.);
#583=ORIENTED_EDGE('',*,*,#1033,.T.);
#584=ORIENTED_EDGE('',*,*,#1180,.F.);
#585=ORIENTED_EDGE('',*,*,#884,.F.);
#586=ORIENTED_EDGE('',*,*,#1181,.T.);
#587=ORIENTED_EDGE('',*,*,#1034,.T.);
#588=ORIENTED_EDGE('',*,*,#1179,.F.);
#589=ORIENTED_EDGE('',*,*,#1181,.F.);
#590=ORIENTED_EDGE('',*,*,#887,.T.);
#591=ORIENTED_EDGE('',*,*,#1182,.T.);
#592=ORIENTED_EDGE('',*,*,#1035,.F.);
#593=ORIENTED_EDGE('',*,*,#845,.F.);
#594=ORIENTED_EDGE('',*,*,#1183,.T.);
#595=ORIENTED_EDGE('',*,*,#1057,.T.);
#596=ORIENTED_EDGE('',*,*,#1184,.F.);
#597=ORIENTED_EDGE('',*,*,#869,.F.);
#598=ORIENTED_EDGE('',*,*,#1124,.T.);
#599=ORIENTED_EDGE('',*,*,#983,.T.);
#600=ORIENTED_EDGE('',*,*,#1126,.F.);
#601=ORIENTED_EDGE('',*,*,#873,.F.);
#602=ORIENTED_EDGE('',*,*,#1128,.T.);
#603=ORIENTED_EDGE('',*,*,#987,.T.);
#604=ORIENTED_EDGE('',*,*,#1130,.F.);
#605=ORIENTED_EDGE('',*,*,#909,.F.);
#606=ORIENTED_EDGE('',*,*,#1131,.T.);
#607=ORIENTED_EDGE('',*,*,#991,.T.);
#608=ORIENTED_EDGE('',*,*,#1134,.F.);
#609=ORIENTED_EDGE('',*,*,#877,.F.);
#610=ORIENTED_EDGE('',*,*,#1136,.T.);
#611=ORIENTED_EDGE('',*,*,#995,.T.);
#612=ORIENTED_EDGE('',*,*,#1138,.F.);
#613=ORIENTED_EDGE('',*,*,#996,.T.);
#614=ORIENTED_EDGE('',*,*,#879,.F.);
#615=ORIENTED_EDGE('',*,*,#1158,.F.);
#616=ORIENTED_EDGE('',*,*,#919,.T.);
#617=ORIENTED_EDGE('',*,*,#1140,.T.);
#618=ORIENTED_EDGE('',*,*,#1012,.F.);
#619=ORIENTED_EDGE('',*,*,#906,.F.);
#620=ORIENTED_EDGE('',*,*,#1160,.T.);
#621=ORIENTED_EDGE('',*,*,#1016,.T.);
#622=ORIENTED_EDGE('',*,*,#1162,.F.);
#623=ORIENTED_EDGE('',*,*,#1166,.F.);
#624=ORIENTED_EDGE('',*,*,#902,.T.);
#625=ORIENTED_EDGE('',*,*,#1164,.T.);
#626=ORIENTED_EDGE('',*,*,#1020,.F.);
#627=ORIENTED_EDGE('',*,*,#1170,.F.);
#628=ORIENTED_EDGE('',*,*,#898,.T.);
#629=ORIENTED_EDGE('',*,*,#1168,.T.);
#630=ORIENTED_EDGE('',*,*,#1024,.F.);
#631=ORIENTED_EDGE('',*,*,#1174,.F.);
#632=ORIENTED_EDGE('',*,*,#894,.T.);
#633=ORIENTED_EDGE('',*,*,#1172,.T.);
#634=ORIENTED_EDGE('',*,*,#1028,.F.);
#635=ORIENTED_EDGE('',*,*,#1178,.F.);
#636=ORIENTED_EDGE('',*,*,#890,.T.);
#637=ORIENTED_EDGE('',*,*,#1176,.T.);
#638=ORIENTED_EDGE('',*,*,#1032,.F.);
#639=ORIENTED_EDGE('',*,*,#1182,.F.);
#640=ORIENTED_EDGE('',*,*,#886,.T.);
#641=ORIENTED_EDGE('',*,*,#1180,.T.);
#642=ORIENTED_EDGE('',*,*,#1036,.F.);
#643=ORIENTED_EDGE('',*,*,#882,.F.);
#644=ORIENTED_EDGE('',*,*,#1120,.T.);
#645=ORIENTED_EDGE('',*,*,#979,.T.);
#646=ORIENTED_EDGE('',*,*,#1122,.F.);
#647=ORIENTED_EDGE('',*,*,#1142,.T.);
#648=ORIENTED_EDGE('',*,*,#1157,.F.);
#649=ORIENTED_EDGE('',*,*,#1152,.T.);
#650=ORIENTED_EDGE('',*,*,#1147,.F.);
#651=ORIENTED_EDGE('',*,*,#844,.F.);
#652=ORIENTED_EDGE('',*,*,#1093,.T.);
#653=ORIENTED_EDGE('',*,*,#1058,.T.);
#654=ORIENTED_EDGE('',*,*,#1183,.F.);
#655=ORIENTED_EDGE('',*,*,#1094,.F.);
#656=ORIENTED_EDGE('',*,*,#846,.T.);
#657=ORIENTED_EDGE('',*,*,#1184,.T.);
#658=ORIENTED_EDGE('',*,*,#1060,.F.);
#659=ORIENTED_EDGE('',*,*,#1061,.T.);
#660=ORIENTED_EDGE('',*,*,#1185,.T.);
#661=ORIENTED_EDGE('',*,*,#929,.F.);
#662=ORIENTED_EDGE('',*,*,#1186,.F.);
#663=ORIENTED_EDGE('',*,*,#1186,.T.);
#664=ORIENTED_EDGE('',*,*,#928,.T.);
#665=ORIENTED_EDGE('',*,*,#1187,.F.);
#666=ORIENTED_EDGE('',*,*,#1062,.F.);
#667=ORIENTED_EDGE('',*,*,#1187,.T.);
#668=ORIENTED_EDGE('',*,*,#931,.T.);
#669=ORIENTED_EDGE('',*,*,#1188,.F.);
#670=ORIENTED_EDGE('',*,*,#1063,.F.);
#671=ORIENTED_EDGE('',*,*,#1064,.T.);
#672=ORIENTED_EDGE('',*,*,#1188,.T.);
#673=ORIENTED_EDGE('',*,*,#930,.F.);
#674=ORIENTED_EDGE('',*,*,#1185,.F.);
#675=ORIENTED_EDGE('',*,*,#972,.T.);
#676=ORIENTED_EDGE('',*,*,#1189,.T.);
#677=ORIENTED_EDGE('',*,*,#933,.F.);
#678=ORIENTED_EDGE('',*,*,#1190,.F.);
#679=ORIENTED_EDGE('',*,*,#1190,.T.);
#680=ORIENTED_EDGE('',*,*,#932,.T.);
#681=ORIENTED_EDGE('',*,*,#1191,.F.);
#682=ORIENTED_EDGE('',*,*,#973,.F.);
#683=ORIENTED_EDGE('',*,*,#1191,.T.);
#684=ORIENTED_EDGE('',*,*,#935,.T.);
#685=ORIENTED_EDGE('',*,*,#1192,.F.);
#686=ORIENTED_EDGE('',*,*,#974,.F.);
#687=ORIENTED_EDGE('',*,*,#975,.T.);
#688=ORIENTED_EDGE('',*,*,#1192,.T.);
#689=ORIENTED_EDGE('',*,*,#934,.F.);
#690=ORIENTED_EDGE('',*,*,#1189,.F.);
#691=ORIENTED_EDGE('',*,*,#1065,.T.);
#692=ORIENTED_EDGE('',*,*,#1193,.T.);
#693=ORIENTED_EDGE('',*,*,#937,.F.);
#694=ORIENTED_EDGE('',*,*,#1194,.F.);
#695=ORIENTED_EDGE('',*,*,#1194,.T.);
#696=ORIENTED_EDGE('',*,*,#936,.T.);
#697=ORIENTED_EDGE('',*,*,#1195,.F.);
#698=ORIENTED_EDGE('',*,*,#1066,.F.);
#699=ORIENTED_EDGE('',*,*,#1195,.T.);
#700=ORIENTED_EDGE('',*,*,#939,.T.);
#701=ORIENTED_EDGE('',*,*,#1196,.F.);
#702=ORIENTED_EDGE('',*,*,#1067,.F.);
#703=ORIENTED_EDGE('',*,*,#1068,.T.);
#704=ORIENTED_EDGE('',*,*,#1196,.T.);
#705=ORIENTED_EDGE('',*,*,#938,.F.);
#706=ORIENTED_EDGE('',*,*,#1193,.F.);
#707=ORIENTED_EDGE('',*,*,#968,.T.);
#708=ORIENTED_EDGE('',*,*,#1197,.T.);
#709=ORIENTED_EDGE('',*,*,#941,.F.);
#710=ORIENTED_EDGE('',*,*,#1198,.F.);
#711=ORIENTED_EDGE('',*,*,#1198,.T.);
#712=ORIENTED_EDGE('',*,*,#940,.T.);
#713=ORIENTED_EDGE('',*,*,#1199,.F.);
#714=ORIENTED_EDGE('',*,*,#969,.F.);
#715=ORIENTED_EDGE('',*,*,#1199,.T.);
#716=ORIENTED_EDGE('',*,*,#943,.T.);
#717=ORIENTED_EDGE('',*,*,#1200,.F.);
#718=ORIENTED_EDGE('',*,*,#970,.F.);
#719=ORIENTED_EDGE('',*,*,#971,.T.);
#720=ORIENTED_EDGE('',*,*,#1200,.T.);
#721=ORIENTED_EDGE('',*,*,#942,.F.);
#722=ORIENTED_EDGE('',*,*,#1197,.F.);
#723=ORIENTED_EDGE('',*,*,#949,.F.);
#724=ORIENTED_EDGE('',*,*,#1201,.T.);
#725=ORIENTED_EDGE('',*,*,#1076,.T.);
#726=ORIENTED_EDGE('',*,*,#1202,.F.);
#727=ORIENTED_EDGE('',*,*,#945,.F.);
#728=ORIENTED_EDGE('',*,*,#1203,.T.);
#729=ORIENTED_EDGE('',*,*,#1072,.T.);
#730=ORIENTED_EDGE('',*,*,#1204,.F.);
#731=ORIENTED_EDGE('',*,*,#1070,.F.);
#732=ORIENTED_EDGE('',*,*,#1205,.F.);
#733=ORIENTED_EDGE('',*,*,#947,.T.);
#734=ORIENTED_EDGE('',*,*,#1206,.T.);
#735=ORIENTED_EDGE('',*,*,#1074,.F.);
#736=ORIENTED_EDGE('',*,*,#1207,.F.);
#737=ORIENTED_EDGE('',*,*,#951,.T.);
#738=ORIENTED_EDGE('',*,*,#1208,.T.);
#739=ORIENTED_EDGE('',*,*,#1075,.F.);
#740=ORIENTED_EDGE('',*,*,#1208,.F.);
#741=ORIENTED_EDGE('',*,*,#950,.T.);
#742=ORIENTED_EDGE('',*,*,#1202,.T.);
#743=ORIENTED_EDGE('',*,*,#946,.F.);
#744=ORIENTED_EDGE('',*,*,#1204,.T.);
#745=ORIENTED_EDGE('',*,*,#1071,.T.);
#746=ORIENTED_EDGE('',*,*,#1206,.F.);
#747=ORIENTED_EDGE('',*,*,#1069,.F.);
#748=ORIENTED_EDGE('',*,*,#1203,.F.);
#749=ORIENTED_EDGE('',*,*,#944,.T.);
#750=ORIENTED_EDGE('',*,*,#1205,.T.);
#751=ORIENTED_EDGE('',*,*,#948,.F.);
#752=ORIENTED_EDGE('',*,*,#1207,.T.);
#753=ORIENTED_EDGE('',*,*,#1073,.T.);
#754=ORIENTED_EDGE('',*,*,#1201,.F.);
#755=ORIENTED_EDGE('',*,*,#1209,.T.);
#756=ORIENTED_EDGE('',*,*,#839,.T.);
#757=ORIENTED_EDGE('',*,*,#1210,.F.);
#758=ORIENTED_EDGE('',*,*,#1078,.F.);
#759=ORIENTED_EDGE('',*,*,#1210,.T.);
#760=ORIENTED_EDGE('',*,*,#842,.T.);
#761=ORIENTED_EDGE('',*,*,#1211,.F.);
#762=ORIENTED_EDGE('',*,*,#1079,.F.);
#763=ORIENTED_EDGE('',*,*,#1080,.T.);
#764=ORIENTED_EDGE('',*,*,#1211,.T.);
#765=ORIENTED_EDGE('',*,*,#841,.F.);
#766=ORIENTED_EDGE('',*,*,#1212,.F.);
#767=ORIENTED_EDGE('',*,*,#1077,.T.);
#768=ORIENTED_EDGE('',*,*,#1212,.T.);
#769=ORIENTED_EDGE('',*,*,#840,.F.);
#770=ORIENTED_EDGE('',*,*,#1209,.F.);
#771=ORIENTED_EDGE('',*,*,#1081,.T.);
#772=ORIENTED_EDGE('',*,*,#1213,.T.);
#773=ORIENTED_EDGE('',*,*,#953,.F.);
#774=ORIENTED_EDGE('',*,*,#1214,.F.);
#775=ORIENTED_EDGE('',*,*,#1214,.T.);
#776=ORIENTED_EDGE('',*,*,#952,.T.);
#777=ORIENTED_EDGE('',*,*,#1215,.F.);
#778=ORIENTED_EDGE('',*,*,#1082,.F.);
#779=ORIENTED_EDGE('',*,*,#1215,.T.);
#780=ORIENTED_EDGE('',*,*,#955,.T.);
#781=ORIENTED_EDGE('',*,*,#1216,.F.);
#782=ORIENTED_EDGE('',*,*,#1083,.F.);
#783=ORIENTED_EDGE('',*,*,#1084,.T.);
#784=ORIENTED_EDGE('',*,*,#1216,.T.);
#785=ORIENTED_EDGE('',*,*,#954,.F.);
#786=ORIENTED_EDGE('',*,*,#1213,.F.);
#787=ORIENTED_EDGE('',*,*,#964,.T.);
#788=ORIENTED_EDGE('',*,*,#1217,.T.);
#789=ORIENTED_EDGE('',*,*,#957,.F.);
#790=ORIENTED_EDGE('',*,*,#1218,.F.);
#791=ORIENTED_EDGE('',*,*,#1218,.T.);
#792=ORIENTED_EDGE('',*,*,#956,.T.);
#793=ORIENTED_EDGE('',*,*,#1219,.F.);
#794=ORIENTED_EDGE('',*,*,#965,.F.);
#795=ORIENTED_EDGE('',*,*,#1219,.T.);
#796=ORIENTED_EDGE('',*,*,#959,.T.);
#797=ORIENTED_EDGE('',*,*,#1220,.F.);
#798=ORIENTED_EDGE('',*,*,#966,.F.);
#799=ORIENTED_EDGE('',*,*,#967,.T.);
#800=ORIENTED_EDGE('',*,*,#1220,.T.);
#801=ORIENTED_EDGE('',*,*,#958,.F.);
#802=ORIENTED_EDGE('',*,*,#1217,.F.);
#803=ORIENTED_EDGE('',*,*,#1221,.T.);
#804=ORIENTED_EDGE('',*,*,#835,.T.);
#805=ORIENTED_EDGE('',*,*,#1222,.F.);
#806=ORIENTED_EDGE('',*,*,#1086,.F.);
#807=ORIENTED_EDGE('',*,*,#1222,.T.);
#808=ORIENTED_EDGE('',*,*,#838,.T.);
#809=ORIENTED_EDGE('',*,*,#1223,.F.);
#810=ORIENTED_EDGE('',*,*,#1087,.F.);
#811=ORIENTED_EDGE('',*,*,#1088,.T.);
#812=ORIENTED_EDGE('',*,*,#1223,.T.);
#813=ORIENTED_EDGE('',*,*,#837,.F.);
#814=ORIENTED_EDGE('',*,*,#1224,.F.);
#815=ORIENTED_EDGE('',*,*,#1085,.T.);
#816=ORIENTED_EDGE('',*,*,#1224,.T.);
#817=ORIENTED_EDGE('',*,*,#836,.F.);
#818=ORIENTED_EDGE('',*,*,#1221,.F.);
#819=ORIENTED_EDGE('',*,*,#1089,.T.);
#820=ORIENTED_EDGE('',*,*,#1225,.T.);
#821=ORIENTED_EDGE('',*,*,#961,.F.);
#822=ORIENTED_EDGE('',*,*,#1226,.F.);
#823=ORIENTED_EDGE('',*,*,#1226,.T.);
#824=ORIENTED_EDGE('',*,*,#960,.T.);
#825=ORIENTED_EDGE('',*,*,#1227,.F.);
#826=ORIENTED_EDGE('',*,*,#1090,.F.);
#827=ORIENTED_EDGE('',*,*,#1227,.T.);
#828=ORIENTED_EDGE('',*,*,#963,.T.);
#829=ORIENTED_EDGE('',*,*,#1228,.F.);
#830=ORIENTED_EDGE('',*,*,#1091,.F.);
#831=ORIENTED_EDGE('',*,*,#1092,.T.);
#832=ORIENTED_EDGE('',*,*,#1228,.T.);
#833=ORIENTED_EDGE('',*,*,#962,.F.);
#834=ORIENTED_EDGE('',*,*,#1225,.F.);
#835=EDGE_CURVE('',#1229,#1230,#1495,.T.);
#836=EDGE_CURVE('',#1229,#1231,#1496,.T.);
#837=EDGE_CURVE('',#1231,#1232,#1497,.T.);
#838=EDGE_CURVE('',#1230,#1232,#1498,.T.);
#839=EDGE_CURVE('',#1233,#1234,#1499,.T.);
#840=EDGE_CURVE('',#1233,#1235,#1500,.T.);
#841=EDGE_CURVE('',#1235,#1236,#1501,.T.);
#842=EDGE_CURVE('',#1234,#1236,#1502,.T.);
#843=EDGE_CURVE('',#1237,#1238,#1503,.T.);
#844=EDGE_CURVE('',#1237,#1239,#1504,.F.);
#845=EDGE_CURVE('',#1239,#1240,#1505,.T.);
#846=EDGE_CURVE('',#1238,#1240,#1506,.F.);
#847=EDGE_CURVE('',#1241,#1242,#21,.T.);
#848=EDGE_CURVE('',#1241,#1243,#1507,.T.);
#849=EDGE_CURVE('',#1244,#1243,#1508,.T.);
#850=EDGE_CURVE('',#1245,#1244,#1509,.T.);
#851=EDGE_CURVE('',#1246,#1245,#1510,.T.);
#852=EDGE_CURVE('',#1247,#1246,#1511,.T.);
#853=EDGE_CURVE('',#1248,#1247,#22,.T.);
#854=EDGE_CURVE('',#1248,#1249,#1512,.T.);
#855=EDGE_CURVE('',#1249,#1250,#1513,.T.);
#856=EDGE_CURVE('',#1251,#1250,#1514,.T.);
#857=EDGE_CURVE('',#1252,#1251,#23,.T.);
#858=EDGE_CURVE('',#1252,#1253,#1515,.T.);
#859=EDGE_CURVE('',#1253,#1254,#1516,.T.);
#860=EDGE_CURVE('',#1254,#1255,#1517,.T.);
#861=EDGE_CURVE('',#1255,#1256,#1518,.T.);
#862=EDGE_CURVE('',#1257,#1256,#1519,.T.);
#863=EDGE_CURVE('',#1258,#1257,#24,.T.);
#864=EDGE_CURVE('',#1258,#1259,#1520,.T.);
#865=EDGE_CURVE('',#1260,#1259,#1521,.T.);
#866=EDGE_CURVE('',#1242,#1260,#1522,.T.);
#867=EDGE_CURVE('',#1261,#1262,#1523,.T.);
#868=EDGE_CURVE('',#1261,#1263,#1524,.T.);
#869=EDGE_CURVE('',#1263,#1264,#1525,.T.);
#870=EDGE_CURVE('',#1262,#1264,#1526,.T.);
#871=EDGE_CURVE('',#1265,#1266,#1527,.T.);
#872=EDGE_CURVE('',#1265,#1267,#1528,.T.);
#873=EDGE_CURVE('',#1267,#1268,#1529,.T.);
#874=EDGE_CURVE('',#1266,#1268,#1530,.T.);
#875=EDGE_CURVE('',#1269,#1270,#1531,.T.);
#876=EDGE_CURVE('',#1269,#1271,#1532,.T.);
#877=EDGE_CURVE('',#1271,#1272,#1533,.T.);
#878=EDGE_CURVE('',#1270,#1272,#1534,.T.);
#879=EDGE_CURVE('',#1273,#1273,#25,.F.);
#880=EDGE_CURVE('',#1274,#1275,#1535,.T.);
#881=EDGE_CURVE('',#1274,#1276,#1536,.T.);
#882=EDGE_CURVE('',#1276,#1277,#1537,.T.);
#883=EDGE_CURVE('',#1275,#1277,#1538,.T.);
#884=EDGE_CURVE('',#1278,#1279,#1539,.T.);
#885=EDGE_CURVE('',#1279,#1280,#1540,.T.);
#886=EDGE_CURVE('',#1281,#1280,#1541,.T.);
#887=EDGE_CURVE('',#1278,#1281,#1542,.T.);
#888=EDGE_CURVE('',#1282,#1283,#1543,.T.);
#889=EDGE_CURVE('',#1283,#1284,#1544,.T.);
#890=EDGE_CURVE('',#1285,#1284,#1545,.T.);
#891=EDGE_CURVE('',#1282,#1285,#1546,.T.);
#892=EDGE_CURVE('',#1286,#1287,#1547,.T.);
#893=EDGE_CURVE('',#1287,#1288,#1548,.T.);
#894=EDGE_CURVE('',#1289,#1288,#1549,.T.);
#895=EDGE_CURVE('',#1286,#1289,#1550,.T.);
#896=EDGE_CURVE('',#1290,#1291,#1551,.T.);
#897=EDGE_CURVE('',#1291,#1292,#1552,.T.);
#898=EDGE_CURVE('',#1293,#1292,#1553,.T.);
#899=EDGE_CURVE('',#1290,#1293,#1554,.T.);
#900=EDGE_CURVE('',#1294,#1295,#1555,.T.);
#901=EDGE_CURVE('',#1295,#1296,#1556,.T.);
#902=EDGE_CURVE('',#1297,#1296,#1557,.T.);
#903=EDGE_CURVE('',#1297,#1294,#1558,.T.);
#904=EDGE_CURVE('',#1298,#1299,#1559,.T.);
#905=EDGE_CURVE('',#1298,#1300,#1560,.T.);
#906=EDGE_CURVE('',#1300,#1301,#1561,.T.);
#907=EDGE_CURVE('',#1299,#1301,#1562,.T.);
#908=EDGE_CURVE('',#1302,#1303,#1563,.T.);
#909=EDGE_CURVE('',#1302,#1304,#1564,.T.);
#910=EDGE_CURVE('',#1304,#1305,#1565,.T.);
#911=EDGE_CURVE('',#1303,#1305,#1566,.T.);
#912=EDGE_CURVE('',#1306,#1307,#1567,.T.);
#913=EDGE_CURVE('',#1307,#1308,#26,.F.);
#914=EDGE_CURVE('',#1308,#1309,#1568,.T.);
#915=EDGE_CURVE('',#1310,#1309,#1569,.T.);
#916=EDGE_CURVE('',#1311,#1310,#1570,.T.);
#917=EDGE_CURVE('',#1312,#1311,#27,.T.);
#918=EDGE_CURVE('',#1312,#1313,#1571,.T.);
#919=EDGE_CURVE('',#1314,#1313,#1572,.T.);
#920=EDGE_CURVE('',#1315,#1314,#1573,.T.);
#921=EDGE_CURVE('',#1315,#1316,#28,.F.);
#922=EDGE_CURVE('',#1316,#1317,#1574,.T.);
#923=EDGE_CURVE('',#1317,#1318,#1575,.T.);
#924=EDGE_CURVE('',#1319,#1318,#1576,.T.);
#925=EDGE_CURVE('',#1320,#1319,#29,.T.);
#926=EDGE_CURVE('',#1321,#1320,#1577,.T.);
#927=EDGE_CURVE('',#1321,#1306,#1578,.T.);
#928=EDGE_CURVE('',#1322,#1323,#1579,.T.);
#929=EDGE_CURVE('',#1322,#1324,#1580,.T.);
#930=EDGE_CURVE('',#1324,#1325,#1581,.T.);
#931=EDGE_CURVE('',#1323,#1325,#1582,.T.);
#932=EDGE_CURVE('',#1326,#1327,#1583,.T.);
#933=EDGE_CURVE('',#1326,#1328,#1584,.T.);
#934=EDGE_CURVE('',#1328,#1329,#1585,.T.);
#935=EDGE_CURVE('',#1327,#1329,#1586,.T.);
#936=EDGE_CURVE('',#1330,#1331,#1587,.T.);
#937=EDGE_CURVE('',#1330,#1332,#1588,.T.);
#938=EDGE_CURVE('',#1332,#1333,#1589,.T.);
#939=EDGE_CURVE('',#1331,#1333,#1590,.T.);
#940=EDGE_CURVE('',#1334,#1335,#1591,.T.);
#941=EDGE_CURVE('',#1334,#1336,#1592,.T.);
#942=EDGE_CURVE('',#1336,#1337,#1593,.T.);
#943=EDGE_CURVE('',#1335,#1337,#1594,.T.);
#944=EDGE_CURVE('',#1338,#1339,#1595,.F.);
#945=EDGE_CURVE('',#1338,#1340,#1596,.F.);
#946=EDGE_CURVE('',#1340,#1341,#1597,.F.);
#947=EDGE_CURVE('',#1339,#1341,#1598,.F.);
#948=EDGE_CURVE('',#1342,#1343,#1599,.T.);
#949=EDGE_CURVE('',#1343,#1344,#1600,.F.);
#950=EDGE_CURVE('',#1345,#1344,#1601,.T.);
#951=EDGE_CURVE('',#1342,#1345,#1602,.F.);
#952=EDGE_CURVE('',#1346,#1347,#1603,.T.);
#953=EDGE_CURVE('',#1346,#1348,#1604,.T.);
#954=EDGE_CURVE('',#1348,#1349,#1605,.T.);
#955=EDGE_CURVE('',#1347,#1349,#1606,.T.);
#956=EDGE_CURVE('',#1350,#1351,#1607,.T.);
#957=EDGE_CURVE('',#1350,#1352,#1608,.T.);
#958=EDGE_CURVE('',#1352,#1353,#1609,.T.);
#959=EDGE_CURVE('',#1351,#1353,#1610,.T.);
#960=EDGE_CURVE('',#1354,#1355,#1611,.T.);
#961=EDGE_CURVE('',#1354,#1356,#1612,.T.);
#962=EDGE_CURVE('',#1356,#1357,#1613,.T.);
#963=EDGE_CURVE('',#1355,#1357,#1614,.T.);
#964=EDGE_CURVE('',#1358,#1359,#1615,.T.);
#965=EDGE_CURVE('',#1358,#1360,#1616,.T.);
#966=EDGE_CURVE('',#1360,#1361,#1617,.T.);
#967=EDGE_CURVE('',#1359,#1361,#1618,.T.);
#968=EDGE_CURVE('',#1362,#1363,#1619,.T.);
#969=EDGE_CURVE('',#1362,#1364,#1620,.T.);
#970=EDGE_CURVE('',#1364,#1365,#1621,.T.);
#971=EDGE_CURVE('',#1363,#1365,#1622,.T.);
#972=EDGE_CURVE('',#1366,#1367,#1623,.T.);
#973=EDGE_CURVE('',#1366,#1368,#1624,.T.);
#974=EDGE_CURVE('',#1368,#1369,#1625,.T.);
#975=EDGE_CURVE('',#1367,#1369,#1626,.T.);
#976=EDGE_CURVE('',#1370,#1371,#1627,.T.);
#977=EDGE_CURVE('',#1370,#1372,#1628,.T.);
#978=EDGE_CURVE('',#1372,#1373,#1629,.T.);
#979=EDGE_CURVE('',#1371,#1373,#1630,.T.);
#980=EDGE_CURVE('',#1374,#1375,#1631,.T.);
#981=EDGE_CURVE('',#1374,#1376,#1632,.T.);
#982=EDGE_CURVE('',#1376,#1377,#1633,.T.);
#983=EDGE_CURVE('',#1375,#1377,#1634,.T.);
#984=EDGE_CURVE('',#1378,#1379,#1635,.T.);
#985=EDGE_CURVE('',#1378,#1380,#1636,.T.);
#986=EDGE_CURVE('',#1380,#1381,#1637,.T.);
#987=EDGE_CURVE('',#1379,#1381,#1638,.T.);
#988=EDGE_CURVE('',#1382,#1383,#1639,.T.);
#989=EDGE_CURVE('',#1383,#1384,#1640,.T.);
#990=EDGE_CURVE('',#1385,#1384,#1641,.T.);
#991=EDGE_CURVE('',#1382,#1385,#1642,.T.);
#992=EDGE_CURVE('',#1386,#1387,#1643,.T.);
#993=EDGE_CURVE('',#1386,#1388,#1644,.T.);
#994=EDGE_CURVE('',#1388,#1389,#1645,.T.);
#995=EDGE_CURVE('',#1387,#1389,#1646,.T.);
#996=EDGE_CURVE('',#1390,#1390,#30,.T.);
#997=EDGE_CURVE('',#1391,#1392,#1647,.T.);
#998=EDGE_CURVE('',#1393,#1391,#31,.T.);
#999=EDGE_CURVE('',#1393,#1394,#1648,.T.);
#1000=EDGE_CURVE('',#1394,#1395,#1649,.T.);
#1001=EDGE_CURVE('',#1396,#1395,#1650,.T.);
#1002=EDGE_CURVE('',#1396,#1397,#32,.T.);
#1003=EDGE_CURVE('',#1398,#1397,#1651,.T.);
#1004=EDGE_CURVE('',#1399,#1398,#1652,.T.);
#1005=EDGE_CURVE('',#1399,#1400,#1653,.T.);
#1006=EDGE_CURVE('',#1401,#1400,#33,.T.);
#1007=EDGE_CURVE('',#1401,#1402,#1654,.T.);
#1008=EDGE_CURVE('',#1403,#1402,#1655,.T.);
#1009=EDGE_CURVE('',#1404,#1403,#1656,.T.);
#1010=EDGE_CURVE('',#1404,#1405,#34,.T.);
#1011=EDGE_CURVE('',#1405,#1406,#1657,.T.);
#1012=EDGE_CURVE('',#1406,#1392,#1658,.T.);
#1013=EDGE_CURVE('',#1407,#1408,#1659,.T.);
#1014=EDGE_CURVE('',#1407,#1409,#1660,.T.);
#1015=EDGE_CURVE('',#1409,#1410,#1661,.T.);
#1016=EDGE_CURVE('',#1408,#1410,#1662,.T.);
#1017=EDGE_CURVE('',#1411,#1412,#1663,.T.);
#1018=EDGE_CURVE('',#1413,#1411,#1664,.T.);
#1019=EDGE_CURVE('',#1414,#1413,#1665,.T.);
#1020=EDGE_CURVE('',#1414,#1412,#1666,.T.);
#1021=EDGE_CURVE('',#1415,#1416,#1667,.T.);
#1022=EDGE_CURVE('',#1417,#1415,#1668,.T.);
#1023=EDGE_CURVE('',#1417,#1418,#1669,.T.);
#1024=EDGE_CURVE('',#1418,#1416,#1670,.T.);
#1025=EDGE_CURVE('',#1419,#1420,#1671,.T.);
#1026=EDGE_CURVE('',#1421,#1419,#1672,.T.);
#1027=EDGE_CURVE('',#1421,#1422,#1673,.T.);
#1028=EDGE_CURVE('',#1422,#1420,#1674,.T.);
#1029=EDGE_CURVE('',#1423,#1424,#1675,.T.);
#1030=EDGE_CURVE('',#1425,#1423,#1676,.T.);
#1031=EDGE_CURVE('',#1425,#1426,#1677,.T.);
#1032=EDGE_CURVE('',#1426,#1424,#1678,.T.);
#1033=EDGE_CURVE('',#1427,#1428,#1679,.T.);
#1034=EDGE_CURVE('',#1429,#1427,#1680,.T.);
#1035=EDGE_CURVE('',#1429,#1430,#1681,.T.);
#1036=EDGE_CURVE('',#1430,#1428,#1682,.T.);
#1037=EDGE_CURVE('',#1431,#1432,#35,.T.);
#1038=EDGE_CURVE('',#1431,#1433,#1683,.T.);
#1039=EDGE_CURVE('',#1433,#1434,#1684,.T.);
#1040=EDGE_CURVE('',#1434,#1435,#1685,.T.);
#1041=EDGE_CURVE('',#1435,#1436,#1686,.T.);
#1042=EDGE_CURVE('',#1437,#1436,#1687,.T.);
#1043=EDGE_CURVE('',#1438,#1437,#36,.T.);
#1044=EDGE_CURVE('',#1438,#1439,#1688,.T.);
#1045=EDGE_CURVE('',#1439,#1440,#1689,.T.);
#1046=EDGE_CURVE('',#1441,#1440,#1690,.T.);
#1047=EDGE_CURVE('',#1442,#1441,#37,.T.);
#1048=EDGE_CURVE('',#1442,#1443,#1691,.T.);
#1049=EDGE_CURVE('',#1444,#1443,#1692,.T.);
#1050=EDGE_CURVE('',#1445,#1444,#1693,.T.);
#1051=EDGE_CURVE('',#1446,#1445,#1694,.T.);
#1052=EDGE_CURVE('',#1447,#1446,#1695,.T.);
#1053=EDGE_CURVE('',#1448,#1447,#38,.T.);
#1054=EDGE_CURVE('',#1448,#1449,#1696,.T.);
#1055=EDGE_CURVE('',#1450,#1449,#1697,.T.);
#1056=EDGE_CURVE('',#1432,#1450,#1698,.T.);
#1057=EDGE_CURVE('',#1451,#1452,#1699,.T.);
#1058=EDGE_CURVE('',#1453,#1451,#1700,.F.);
#1059=EDGE_CURVE('',#1453,#1454,#1701,.T.);
#1060=EDGE_CURVE('',#1454,#1452,#1702,.F.);
#1061=EDGE_CURVE('',#1455,#1456,#1703,.T.);
#1062=EDGE_CURVE('',#1455,#1457,#1704,.T.);
#1063=EDGE_CURVE('',#1457,#1458,#1705,.T.);
#1064=EDGE_CURVE('',#1456,#1458,#1706,.T.);
#1065=EDGE_CURVE('',#1459,#1460,#1707,.T.);
#1066=EDGE_CURVE('',#1459,#1461,#1708,.T.);
#1067=EDGE_CURVE('',#1461,#1462,#1709,.T.);
#1068=EDGE_CURVE('',#1460,#1462,#1710,.T.);
#1069=EDGE_CURVE('',#1463,#1464,#1711,.F.);
#1070=EDGE_CURVE('',#1464,#1465,#1712,.F.);
#1071=EDGE_CURVE('',#1466,#1465,#1713,.F.);
#1072=EDGE_CURVE('',#1463,#1466,#1714,.F.);
#1073=EDGE_CURVE('',#1467,#1468,#1715,.T.);
#1074=EDGE_CURVE('',#1467,#1469,#1716,.F.);
#1075=EDGE_CURVE('',#1469,#1470,#1717,.T.);
#1076=EDGE_CURVE('',#1468,#1470,#1718,.F.);
#1077=EDGE_CURVE('',#1471,#1472,#1719,.T.);
#1078=EDGE_CURVE('',#1471,#1473,#1720,.T.);
#1079=EDGE_CURVE('',#1473,#1474,#1721,.T.);
#1080=EDGE_CURVE('',#1472,#1474,#1722,.T.);
#1081=EDGE_CURVE('',#1475,#1476,#1723,.T.);
#1082=EDGE_CURVE('',#1475,#1477,#1724,.T.);
#1083=EDGE_CURVE('',#1477,#1478,#1725,.T.);
#1084=EDGE_CURVE('',#1476,#1478,#1726,.T.);
#1085=EDGE_CURVE('',#1479,#1480,#1727,.T.);
#1086=EDGE_CURVE('',#1479,#1481,#1728,.T.);
#1087=EDGE_CURVE('',#1481,#1482,#1729,.T.);
#1088=EDGE_CURVE('',#1480,#1482,#1730,.T.);
#1089=EDGE_CURVE('',#1483,#1484,#1731,.T.);
#1090=EDGE_CURVE('',#1483,#1485,#1732,.T.);
#1091=EDGE_CURVE('',#1485,#1486,#1733,.T.);
#1092=EDGE_CURVE('',#1484,#1486,#1734,.T.);
#1093=EDGE_CURVE('',#1237,#1453,#1735,.T.);
#1094=EDGE_CURVE('',#1238,#1454,#1736,.F.);
#1095=EDGE_CURVE('',#1248,#1432,#1737,.T.);
#1096=EDGE_CURVE('',#1247,#1431,#1738,.T.);
#1097=EDGE_CURVE('',#1487,#1487,#39,.T.);
#1098=EDGE_CURVE('',#1249,#1450,#1739,.T.);
#1099=EDGE_CURVE('',#1250,#1449,#1740,.T.);
#1100=EDGE_CURVE('',#1251,#1448,#1741,.T.);
#1101=EDGE_CURVE('',#1252,#1447,#1742,.T.);
#1102=EDGE_CURVE('',#1488,#1488,#40,.T.);
#1103=EDGE_CURVE('',#1253,#1446,#1743,.T.);
#1104=EDGE_CURVE('',#1254,#1445,#1744,.T.);
#1105=EDGE_CURVE('',#1255,#1444,#1745,.T.);
#1106=EDGE_CURVE('',#1256,#1443,#1746,.T.);
#1107=EDGE_CURVE('',#1257,#1442,#1747,.T.);
#1108=EDGE_CURVE('',#1258,#1441,#1748,.T.);
#1109=EDGE_CURVE('',#1489,#1489,#41,.T.);
#1110=EDGE_CURVE('',#1259,#1440,#1749,.T.);
#1111=EDGE_CURVE('',#1260,#1439,#1750,.T.);
#1112=EDGE_CURVE('',#1242,#1438,#1751,.T.);
#1113=EDGE_CURVE('',#1241,#1437,#1752,.T.);
#1114=EDGE_CURVE('',#1490,#1490,#42,.T.);
#1115=EDGE_CURVE('',#1243,#1436,#1753,.T.);
#1116=EDGE_CURVE('',#1244,#1435,#1754,.T.);
#1117=EDGE_CURVE('',#1245,#1434,#1755,.T.);
#1118=EDGE_CURVE('',#1246,#1433,#1756,.T.);
#1119=EDGE_CURVE('',#1274,#1370,#1757,.T.);
#1120=EDGE_CURVE('',#1276,#1371,#1758,.T.);
#1121=EDGE_CURVE('',#1275,#1372,#1759,.T.);
#1122=EDGE_CURVE('',#1277,#1373,#1760,.T.);
#1123=EDGE_CURVE('',#1261,#1374,#1761,.T.);
#1124=EDGE_CURVE('',#1263,#1375,#1762,.T.);
#1125=EDGE_CURVE('',#1262,#1376,#1763,.T.);
#1126=EDGE_CURVE('',#1264,#1377,#1764,.T.);
#1127=EDGE_CURVE('',#1265,#1378,#1765,.T.);
#1128=EDGE_CURVE('',#1267,#1379,#1766,.T.);
#1129=EDGE_CURVE('',#1266,#1380,#1767,.T.);
#1130=EDGE_CURVE('',#1268,#1381,#1768,.T.);
#1131=EDGE_CURVE('',#1302,#1382,#1769,.T.);
#1132=EDGE_CURVE('',#1303,#1383,#1770,.T.);
#1133=EDGE_CURVE('',#1305,#1384,#1771,.T.);
#1134=EDGE_CURVE('',#1304,#1385,#1772,.T.);
#1135=EDGE_CURVE('',#1269,#1386,#1773,.T.);
#1136=EDGE_CURVE('',#1271,#1387,#1774,.T.);
#1137=EDGE_CURVE('',#1270,#1388,#1775,.T.);
#1138=EDGE_CURVE('',#1272,#1389,#1776,.T.);
#1139=EDGE_CURVE('',#1312,#1391,#1777,.T.);
#1140=EDGE_CURVE('',#1313,#1392,#1778,.T.);
#1141=EDGE_CURVE('',#1311,#1393,#1779,.T.);
#1142=EDGE_CURVE('',#1491,#1491,#43,.T.);
#1143=EDGE_CURVE('',#1310,#1394,#1780,.T.);
#1144=EDGE_CURVE('',#1309,#1395,#1781,.T.);
#1145=EDGE_CURVE('',#1308,#1396,#1782,.T.);
#1146=EDGE_CURVE('',#1307,#1397,#1783,.T.);
#1147=EDGE_CURVE('',#1492,#1492,#44,.F.);
#1148=EDGE_CURVE('',#1306,#1398,#1784,.T.);
#1149=EDGE_CURVE('',#1321,#1399,#1785,.T.);
#1150=EDGE_CURVE('',#1320,#1400,#1786,.T.);
#1151=EDGE_CURVE('',#1319,#1401,#1787,.T.);
#1152=EDGE_CURVE('',#1493,#1493,#45,.T.);
#1153=EDGE_CURVE('',#1318,#1402,#1788,.T.);
#1154=EDGE_CURVE('',#1317,#1403,#1789,.T.);
#1155=EDGE_CURVE('',#1316,#1404,#1790,.T.);
#1156=EDGE_CURVE('',#1315,#1405,#1791,.T.);
#1157=EDGE_CURVE('',#1494,#1494,#46,.F.);
#1158=EDGE_CURVE('',#1314,#1406,#1792,.T.);
#1159=EDGE_CURVE('',#1298,#1407,#1793,.T.);
#1160=EDGE_CURVE('',#1300,#1408,#1794,.T.);
#1161=EDGE_CURVE('',#1299,#1409,#1795,.T.);
#1162=EDGE_CURVE('',#1301,#1410,#1796,.T.);
#1163=EDGE_CURVE('',#1295,#1411,#1797,.T.);
#1164=EDGE_CURVE('',#1296,#1412,#1798,.T.);
#1165=EDGE_CURVE('',#1294,#1413,#1799,.T.);
#1166=EDGE_CURVE('',#1297,#1414,#1800,.T.);
#1167=EDGE_CURVE('',#1291,#1415,#1801,.T.);
#1168=EDGE_CURVE('',#1292,#1416,#1802,.T.);
#1169=EDGE_CURVE('',#1290,#1417,#1803,.T.);
#1170=EDGE_CURVE('',#1293,#1418,#1804,.T.);
#1171=EDGE_CURVE('',#1287,#1419,#1805,.T.);
#1172=EDGE_CURVE('',#1288,#1420,#1806,.T.);
#1173=EDGE_CURVE('',#1286,#1421,#1807,.T.);
#1174=EDGE_CURVE('',#1289,#1422,#1808,.T.);
#1175=EDGE_CURVE('',#1283,#1423,#1809,.T.);
#1176=EDGE_CURVE('',#1284,#1424,#1810,.T.);
#1177=EDGE_CURVE('',#1282,#1425,#1811,.T.);
#1178=EDGE_CURVE('',#1285,#1426,#1812,.T.);
#1179=EDGE_CURVE('',#1279,#1427,#1813,.T.);
#1180=EDGE_CURVE('',#1280,#1428,#1814,.T.);
#1181=EDGE_CURVE('',#1278,#1429,#1815,.T.);
#1182=EDGE_CURVE('',#1281,#1430,#1816,.T.);
#1183=EDGE_CURVE('',#1239,#1451,#1817,.T.);
#1184=EDGE_CURVE('',#1240,#1452,#1818,.F.);
#1185=EDGE_CURVE('',#1456,#1324,#1819,.T.);
#1186=EDGE_CURVE('',#1455,#1322,#1820,.T.);
#1187=EDGE_CURVE('',#1457,#1323,#1821,.T.);
#1188=EDGE_CURVE('',#1458,#1325,#1822,.T.);
#1189=EDGE_CURVE('',#1367,#1328,#1823,.T.);
#1190=EDGE_CURVE('',#1366,#1326,#1824,.T.);
#1191=EDGE_CURVE('',#1368,#1327,#1825,.T.);
#1192=EDGE_CURVE('',#1369,#1329,#1826,.T.);
#1193=EDGE_CURVE('',#1460,#1332,#1827,.T.);
#1194=EDGE_CURVE('',#1459,#1330,#1828,.T.);
#1195=EDGE_CURVE('',#1461,#1331,#1829,.T.);
#1196=EDGE_CURVE('',#1462,#1333,#1830,.T.);
#1197=EDGE_CURVE('',#1363,#1336,#1831,.T.);
#1198=EDGE_CURVE('',#1362,#1334,#1832,.T.);
#1199=EDGE_CURVE('',#1364,#1335,#1833,.T.);
#1200=EDGE_CURVE('',#1365,#1337,#1834,.T.);
#1201=EDGE_CURVE('',#1343,#1468,#1835,.F.);
#1202=EDGE_CURVE('',#1344,#1470,#1836,.F.);
#1203=EDGE_CURVE('',#1338,#1463,#1837,.T.);
#1204=EDGE_CURVE('',#1340,#1466,#1838,.T.);
#1205=EDGE_CURVE('',#1339,#1464,#1839,.T.);
#1206=EDGE_CURVE('',#1341,#1465,#1840,.T.);
#1207=EDGE_CURVE('',#1342,#1467,#1841,.F.);
#1208=EDGE_CURVE('',#1345,#1469,#1842,.F.);
#1209=EDGE_CURVE('',#1471,#1233,#1843,.T.);
#1210=EDGE_CURVE('',#1473,#1234,#1844,.T.);
#1211=EDGE_CURVE('',#1474,#1236,#1845,.T.);
#1212=EDGE_CURVE('',#1472,#1235,#1846,.T.);
#1213=EDGE_CURVE('',#1476,#1348,#1847,.T.);
#1214=EDGE_CURVE('',#1475,#1346,#1848,.T.);
#1215=EDGE_CURVE('',#1477,#1347,#1849,.T.);
#1216=EDGE_CURVE('',#1478,#1349,#1850,.T.);
#1217=EDGE_CURVE('',#1359,#1352,#1851,.T.);
#1218=EDGE_CURVE('',#1358,#1350,#1852,.T.);
#1219=EDGE_CURVE('',#1360,#1351,#1853,.T.);
#1220=EDGE_CURVE('',#1361,#1353,#1854,.T.);
#1221=EDGE_CURVE('',#1479,#1229,#1855,.T.);
#1222=EDGE_CURVE('',#1481,#1230,#1856,.T.);
#1223=EDGE_CURVE('',#1482,#1232,#1857,.T.);
#1224=EDGE_CURVE('',#1480,#1231,#1858,.T.);
#1225=EDGE_CURVE('',#1484,#1356,#1859,.T.);
#1226=EDGE_CURVE('',#1483,#1354,#1860,.T.);
#1227=EDGE_CURVE('',#1485,#1355,#1861,.T.);
#1228=EDGE_CURVE('',#1486,#1357,#1862,.T.);
#1229=VERTEX_POINT('',#3777);
#1230=VERTEX_POINT('',#3778);
#1231=VERTEX_POINT('',#3780);
#1232=VERTEX_POINT('',#3782);
#1233=VERTEX_POINT('',#3785);
#1234=VERTEX_POINT('',#3786);
#1235=VERTEX_POINT('',#3788);
#1236=VERTEX_POINT('',#3790);
#1237=VERTEX_POINT('',#3793);
#1238=VERTEX_POINT('',#3794);
#1239=VERTEX_POINT('',#3796);
#1240=VERTEX_POINT('',#3798);
#1241=VERTEX_POINT('',#3801);
#1242=VERTEX_POINT('',#3802);
#1243=VERTEX_POINT('',#3804);
#1244=VERTEX_POINT('',#3806);
#1245=VERTEX_POINT('',#3808);
#1246=VERTEX_POINT('',#3810);
#1247=VERTEX_POINT('',#3812);
#1248=VERTEX_POINT('',#3814);
#1249=VERTEX_POINT('',#3816);
#1250=VERTEX_POINT('',#3818);
#1251=VERTEX_POINT('',#3820);
#1252=VERTEX_POINT('',#3822);
#1253=VERTEX_POINT('',#3824);
#1254=VERTEX_POINT('',#3826);
#1255=VERTEX_POINT('',#3828);
#1256=VERTEX_POINT('',#3830);
#1257=VERTEX_POINT('',#3832);
#1258=VERTEX_POINT('',#3834);
#1259=VERTEX_POINT('',#3836);
#1260=VERTEX_POINT('',#3838);
#1261=VERTEX_POINT('',#3841);
#1262=VERTEX_POINT('',#3842);
#1263=VERTEX_POINT('',#3844);
#1264=VERTEX_POINT('',#3846);
#1265=VERTEX_POINT('',#3849);
#1266=VERTEX_POINT('',#3850);
#1267=VERTEX_POINT('',#3852);
#1268=VERTEX_POINT('',#3854);
#1269=VERTEX_POINT('',#3857);
#1270=VERTEX_POINT('',#3858);
#1271=VERTEX_POINT('',#3860);
#1272=VERTEX_POINT('',#3862);
#1273=VERTEX_POINT('',#3865);
#1274=VERTEX_POINT('',#3867);
#1275=VERTEX_POINT('',#3868);
#1276=VERTEX_POINT('',#3870);
#1277=VERTEX_POINT('',#3872);
#1278=VERTEX_POINT('',#3875);
#1279=VERTEX_POINT('',#3876);
#1280=VERTEX_POINT('',#3878);
#1281=VERTEX_POINT('',#3880);
#1282=VERTEX_POINT('',#3883);
#1283=VERTEX_POINT('',#3884);
#1284=VERTEX_POINT('',#3886);
#1285=VERTEX_POINT('',#3888);
#1286=VERTEX_POINT('',#3891);
#1287=VERTEX_POINT('',#3892);
#1288=VERTEX_POINT('',#3894);
#1289=VERTEX_POINT('',#3896);
#1290=VERTEX_POINT('',#3899);
#1291=VERTEX_POINT('',#3900);
#1292=VERTEX_POINT('',#3902);
#1293=VERTEX_POINT('',#3904);
#1294=VERTEX_POINT('',#3907);
#1295=VERTEX_POINT('',#3908);
#1296=VERTEX_POINT('',#3910);
#1297=VERTEX_POINT('',#3912);
#1298=VERTEX_POINT('',#3915);
#1299=VERTEX_POINT('',#3916);
#1300=VERTEX_POINT('',#3918);
#1301=VERTEX_POINT('',#3920);
#1302=VERTEX_POINT('',#3923);
#1303=VERTEX_POINT('',#3924);
#1304=VERTEX_POINT('',#3926);
#1305=VERTEX_POINT('',#3928);
#1306=VERTEX_POINT('',#3931);
#1307=VERTEX_POINT('',#3932);
#1308=VERTEX_POINT('',#3934);
#1309=VERTEX_POINT('',#3936);
#1310=VERTEX_POINT('',#3938);
#1311=VERTEX_POINT('',#3940);
#1312=VERTEX_POINT('',#3942);
#1313=VERTEX_POINT('',#3944);
#1314=VERTEX_POINT('',#3946);
#1315=VERTEX_POINT('',#3948);
#1316=VERTEX_POINT('',#3950);
#1317=VERTEX_POINT('',#3952);
#1318=VERTEX_POINT('',#3954);
#1319=VERTEX_POINT('',#3956);
#1320=VERTEX_POINT('',#3958);
#1321=VERTEX_POINT('',#3960);
#1322=VERTEX_POINT('',#3963);
#1323=VERTEX_POINT('',#3964);
#1324=VERTEX_POINT('',#3966);
#1325=VERTEX_POINT('',#3968);
#1326=VERTEX_POINT('',#3971);
#1327=VERTEX_POINT('',#3972);
#1328=VERTEX_POINT('',#3974);
#1329=VERTEX_POINT('',#3976);
#1330=VERTEX_POINT('',#3979);
#1331=VERTEX_POINT('',#3980);
#1332=VERTEX_POINT('',#3982);
#1333=VERTEX_POINT('',#3984);
#1334=VERTEX_POINT('',#3987);
#1335=VERTEX_POINT('',#3988);
#1336=VERTEX_POINT('',#3990);
#1337=VERTEX_POINT('',#3992);
#1338=VERTEX_POINT('',#3995);
#1339=VERTEX_POINT('',#3996);
#1340=VERTEX_POINT('',#3998);
#1341=VERTEX_POINT('',#4000);
#1342=VERTEX_POINT('',#4003);
#1343=VERTEX_POINT('',#4004);
#1344=VERTEX_POINT('',#4006);
#1345=VERTEX_POINT('',#4008);
#1346=VERTEX_POINT('',#4011);
#1347=VERTEX_POINT('',#4012);
#1348=VERTEX_POINT('',#4014);
#1349=VERTEX_POINT('',#4016);
#1350=VERTEX_POINT('',#4019);
#1351=VERTEX_POINT('',#4020);
#1352=VERTEX_POINT('',#4022);
#1353=VERTEX_POINT('',#4024);
#1354=VERTEX_POINT('',#4027);
#1355=VERTEX_POINT('',#4028);
#1356=VERTEX_POINT('',#4030);
#1357=VERTEX_POINT('',#4032);
#1358=VERTEX_POINT('',#4036);
#1359=VERTEX_POINT('',#4037);
#1360=VERTEX_POINT('',#4039);
#1361=VERTEX_POINT('',#4041);
#1362=VERTEX_POINT('',#4044);
#1363=VERTEX_POINT('',#4045);
#1364=VERTEX_POINT('',#4047);
#1365=VERTEX_POINT('',#4049);
#1366=VERTEX_POINT('',#4052);
#1367=VERTEX_POINT('',#4053);
#1368=VERTEX_POINT('',#4055);
#1369=VERTEX_POINT('',#4057);
#1370=VERTEX_POINT('',#4060);
#1371=VERTEX_POINT('',#4061);
#1372=VERTEX_POINT('',#4063);
#1373=VERTEX_POINT('',#4065);
#1374=VERTEX_POINT('',#4068);
#1375=VERTEX_POINT('',#4069);
#1376=VERTEX_POINT('',#4071);
#1377=VERTEX_POINT('',#4073);
#1378=VERTEX_POINT('',#4076);
#1379=VERTEX_POINT('',#4077);
#1380=VERTEX_POINT('',#4079);
#1381=VERTEX_POINT('',#4081);
#1382=VERTEX_POINT('',#4084);
#1383=VERTEX_POINT('',#4085);
#1384=VERTEX_POINT('',#4087);
#1385=VERTEX_POINT('',#4089);
#1386=VERTEX_POINT('',#4092);
#1387=VERTEX_POINT('',#4093);
#1388=VERTEX_POINT('',#4095);
#1389=VERTEX_POINT('',#4097);
#1390=VERTEX_POINT('',#4100);
#1391=VERTEX_POINT('',#4102);
#1392=VERTEX_POINT('',#4103);
#1393=VERTEX_POINT('',#4105);
#1394=VERTEX_POINT('',#4107);
#1395=VERTEX_POINT('',#4109);
#1396=VERTEX_POINT('',#4111);
#1397=VERTEX_POINT('',#4113);
#1398=VERTEX_POINT('',#4115);
#1399=VERTEX_POINT('',#4117);
#1400=VERTEX_POINT('',#4119);
#1401=VERTEX_POINT('',#4121);
#1402=VERTEX_POINT('',#4123);
#1403=VERTEX_POINT('',#4125);
#1404=VERTEX_POINT('',#4127);
#1405=VERTEX_POINT('',#4129);
#1406=VERTEX_POINT('',#4131);
#1407=VERTEX_POINT('',#4134);
#1408=VERTEX_POINT('',#4135);
#1409=VERTEX_POINT('',#4137);
#1410=VERTEX_POINT('',#4139);
#1411=VERTEX_POINT('',#4142);
#1412=VERTEX_POINT('',#4143);
#1413=VERTEX_POINT('',#4145);
#1414=VERTEX_POINT('',#4147);
#1415=VERTEX_POINT('',#4150);
#1416=VERTEX_POINT('',#4151);
#1417=VERTEX_POINT('',#4153);
#1418=VERTEX_POINT('',#4155);
#1419=VERTEX_POINT('',#4158);
#1420=VERTEX_POINT('',#4159);
#1421=VERTEX_POINT('',#4161);
#1422=VERTEX_POINT('',#4163);
#1423=VERTEX_POINT('',#4166);
#1424=VERTEX_POINT('',#4167);
#1425=VERTEX_POINT('',#4169);
#1426=VERTEX_POINT('',#4171);
#1427=VERTEX_POINT('',#4174);
#1428=VERTEX_POINT('',#4175);
#1429=VERTEX_POINT('',#4177);
#1430=VERTEX_POINT('',#4179);
#1431=VERTEX_POINT('',#4182);
#1432=VERTEX_POINT('',#4183);
#1433=VERTEX_POINT('',#4185);
#1434=VERTEX_POINT('',#4187);
#1435=VERTEX_POINT('',#4189);
#1436=VERTEX_POINT('',#4191);
#1437=VERTEX_POINT('',#4193);
#1438=VERTEX_POINT('',#4195);
#1439=VERTEX_POINT('',#4197);
#1440=VERTEX_POINT('',#4199);
#1441=VERTEX_POINT('',#4201);
#1442=VERTEX_POINT('',#4203);
#1443=VERTEX_POINT('',#4205);
#1444=VERTEX_POINT('',#4207);
#1445=VERTEX_POINT('',#4209);
#1446=VERTEX_POINT('',#4211);
#1447=VERTEX_POINT('',#4213);
#1448=VERTEX_POINT('',#4215);
#1449=VERTEX_POINT('',#4217);
#1450=VERTEX_POINT('',#4219);
#1451=VERTEX_POINT('',#4222);
#1452=VERTEX_POINT('',#4223);
#1453=VERTEX_POINT('',#4225);
#1454=VERTEX_POINT('',#4227);
#1455=VERTEX_POINT('',#4230);
#1456=VERTEX_POINT('',#4231);
#1457=VERTEX_POINT('',#4233);
#1458=VERTEX_POINT('',#4235);
#1459=VERTEX_POINT('',#4238);
#1460=VERTEX_POINT('',#4239);
#1461=VERTEX_POINT('',#4241);
#1462=VERTEX_POINT('',#4243);
#1463=VERTEX_POINT('',#4246);
#1464=VERTEX_POINT('',#4247);
#1465=VERTEX_POINT('',#4249);
#1466=VERTEX_POINT('',#4251);
#1467=VERTEX_POINT('',#4254);
#1468=VERTEX_POINT('',#4255);
#1469=VERTEX_POINT('',#4257);
#1470=VERTEX_POINT('',#4259);
#1471=VERTEX_POINT('',#4262);
#1472=VERTEX_POINT('',#4263);
#1473=VERTEX_POINT('',#4265);
#1474=VERTEX_POINT('',#4267);
#1475=VERTEX_POINT('',#4270);
#1476=VERTEX_POINT('',#4271);
#1477=VERTEX_POINT('',#4273);
#1478=VERTEX_POINT('',#4275);
#1479=VERTEX_POINT('',#4278);
#1480=VERTEX_POINT('',#4279);
#1481=VERTEX_POINT('',#4281);
#1482=VERTEX_POINT('',#4283);
#1483=VERTEX_POINT('',#4286);
#1484=VERTEX_POINT('',#4287);
#1485=VERTEX_POINT('',#4289);
#1486=VERTEX_POINT('',#4291);
#1487=VERTEX_POINT('',#4300);
#1488=VERTEX_POINT('',#4310);
#1489=VERTEX_POINT('',#4324);
#1490=VERTEX_POINT('',#4334);
#1491=VERTEX_POINT('',#4389);
#1492=VERTEX_POINT('',#4399);
#1493=VERTEX_POINT('',#4409);
#1494=VERTEX_POINT('',#4419);
#1495=LINE('',#3776,#1863);
#1496=LINE('',#3779,#1864);
#1497=LINE('',#3781,#1865);
#1498=LINE('',#3783,#1866);
#1499=LINE('',#3784,#1867);
#1500=LINE('',#3787,#1868);
#1501=LINE('',#3789,#1869);
#1502=LINE('',#3791,#1870);
#1503=LINE('',#3792,#1871);
#1504=LINE('',#3795,#1872);
#1505=LINE('',#3797,#1873);
#1506=LINE('',#3799,#1874);
#1507=LINE('',#3803,#1875);
#1508=LINE('',#3805,#1876);
#1509=LINE('',#3807,#1877);
#1510=LINE('',#3809,#1878);
#1511=LINE('',#3811,#1879);
#1512=LINE('',#3815,#1880);
#1513=LINE('',#3817,#1881);
#1514=LINE('',#3819,#1882);
#1515=LINE('',#3823,#1883);
#1516=LINE('',#3825,#1884);
#1517=LINE('',#3827,#1885);
#1518=LINE('',#3829,#1886);
#1519=LINE('',#3831,#1887);
#1520=LINE('',#3835,#1888);
#1521=LINE('',#3837,#1889);
#1522=LINE('',#3839,#1890);
#1523=LINE('',#3840,#1891);
#1524=LINE('',#3843,#1892);
#1525=LINE('',#3845,#1893);
#1526=LINE('',#3847,#1894);
#1527=LINE('',#3848,#1895);
#1528=LINE('',#3851,#1896);
#1529=LINE('',#3853,#1897);
#1530=LINE('',#3855,#1898);
#1531=LINE('',#3856,#1899);
#1532=LINE('',#3859,#1900);
#1533=LINE('',#3861,#1901);
#1534=LINE('',#3863,#1902);
#1535=LINE('',#3866,#1903);
#1536=LINE('',#3869,#1904);
#1537=LINE('',#3871,#1905);
#1538=LINE('',#3873,#1906);
#1539=LINE('',#3874,#1907);
#1540=LINE('',#3877,#1908);
#1541=LINE('',#3879,#1909);
#1542=LINE('',#3881,#1910);
#1543=LINE('',#3882,#1911);
#1544=LINE('',#3885,#1912);
#1545=LINE('',#3887,#1913);
#1546=LINE('',#3889,#1914);
#1547=LINE('',#3890,#1915);
#1548=LINE('',#3893,#1916);
#1549=LINE('',#3895,#1917);
#1550=LINE('',#3897,#1918);
#1551=LINE('',#3898,#1919);
#1552=LINE('',#3901,#1920);
#1553=LINE('',#3903,#1921);
#1554=LINE('',#3905,#1922);
#1555=LINE('',#3906,#1923);
#1556=LINE('',#3909,#1924);
#1557=LINE('',#3911,#1925);
#1558=LINE('',#3913,#1926);
#1559=LINE('',#3914,#1927);
#1560=LINE('',#3917,#1928);
#1561=LINE('',#3919,#1929);
#1562=LINE('',#3921,#1930);
#1563=LINE('',#3922,#1931);
#1564=LINE('',#3925,#1932);
#1565=LINE('',#3927,#1933);
#1566=LINE('',#3929,#1934);
#1567=LINE('',#3930,#1935);
#1568=LINE('',#3935,#1936);
#1569=LINE('',#3937,#1937);
#1570=LINE('',#3939,#1938);
#1571=LINE('',#3943,#1939);
#1572=LINE('',#3945,#1940);
#1573=LINE('',#3947,#1941);
#1574=LINE('',#3951,#1942);
#1575=LINE('',#3953,#1943);
#1576=LINE('',#3955,#1944);
#1577=LINE('',#3959,#1945);
#1578=LINE('',#3961,#1946);
#1579=LINE('',#3962,#1947);
#1580=LINE('',#3965,#1948);
#1581=LINE('',#3967,#1949);
#1582=LINE('',#3969,#1950);
#1583=LINE('',#3970,#1951);
#1584=LINE('',#3973,#1952);
#1585=LINE('',#3975,#1953);
#1586=LINE('',#3977,#1954);
#1587=LINE('',#3978,#1955);
#1588=LINE('',#3981,#1956);
#1589=LINE('',#3983,#1957);
#1590=LINE('',#3985,#1958);
#1591=LINE('',#3986,#1959);
#1592=LINE('',#3989,#1960);
#1593=LINE('',#3991,#1961);
#1594=LINE('',#3993,#1962);
#1595=LINE('',#3994,#1963);
#1596=LINE('',#3997,#1964);
#1597=LINE('',#3999,#1965);
#1598=LINE('',#4001,#1966);
#1599=LINE('',#4002,#1967);
#1600=LINE('',#4005,#1968);
#1601=LINE('',#4007,#1969);
#1602=LINE('',#4009,#1970);
#1603=LINE('',#4010,#1971);
#1604=LINE('',#4013,#1972);
#1605=LINE('',#4015,#1973);
#1606=LINE('',#4017,#1974);
#1607=LINE('',#4018,#1975);
#1608=LINE('',#4021,#1976);
#1609=LINE('',#4023,#1977);
#1610=LINE('',#4025,#1978);
#1611=LINE('',#4026,#1979);
#1612=LINE('',#4029,#1980);
#1613=LINE('',#4031,#1981);
#1614=LINE('',#4033,#1982);
#1615=LINE('',#4035,#1983);
#1616=LINE('',#4038,#1984);
#1617=LINE('',#4040,#1985);
#1618=LINE('',#4042,#1986);
#1619=LINE('',#4043,#1987);
#1620=LINE('',#4046,#1988);
#1621=LINE('',#4048,#1989);
#1622=LINE('',#4050,#1990);
#1623=LINE('',#4051,#1991);
#1624=LINE('',#4054,#1992);
#1625=LINE('',#4056,#1993);
#1626=LINE('',#4058,#1994);
#1627=LINE('',#4059,#1995);
#1628=LINE('',#4062,#1996);
#1629=LINE('',#4064,#1997);
#1630=LINE('',#4066,#1998);
#1631=LINE('',#4067,#1999);
#1632=LINE('',#4070,#2000);
#1633=LINE('',#4072,#2001);
#1634=LINE('',#4074,#2002);
#1635=LINE('',#4075,#2003);
#1636=LINE('',#4078,#2004);
#1637=LINE('',#4080,#2005);
#1638=LINE('',#4082,#2006);
#1639=LINE('',#4083,#2007);
#1640=LINE('',#4086,#2008);
#1641=LINE('',#4088,#2009);
#1642=LINE('',#4090,#2010);
#1643=LINE('',#4091,#2011);
#1644=LINE('',#4094,#2012);
#1645=LINE('',#4096,#2013);
#1646=LINE('',#4098,#2014);
#1647=LINE('',#4101,#2015);
#1648=LINE('',#4106,#2016);
#1649=LINE('',#4108,#2017);
#1650=LINE('',#4110,#2018);
#1651=LINE('',#4114,#2019);
#1652=LINE('',#4116,#2020);
#1653=LINE('',#4118,#2021);
#1654=LINE('',#4122,#2022);
#1655=LINE('',#4124,#2023);
#1656=LINE('',#4126,#2024);
#1657=LINE('',#4130,#2025);
#1658=LINE('',#4132,#2026);
#1659=LINE('',#4133,#2027);
#1660=LINE('',#4136,#2028);
#1661=LINE('',#4138,#2029);
#1662=LINE('',#4140,#2030);
#1663=LINE('',#4141,#2031);
#1664=LINE('',#4144,#2032);
#1665=LINE('',#4146,#2033);
#1666=LINE('',#4148,#2034);
#1667=LINE('',#4149,#2035);
#1668=LINE('',#4152,#2036);
#1669=LINE('',#4154,#2037);
#1670=LINE('',#4156,#2038);
#1671=LINE('',#4157,#2039);
#1672=LINE('',#4160,#2040);
#1673=LINE('',#4162,#2041);
#1674=LINE('',#4164,#2042);
#1675=LINE('',#4165,#2043);
#1676=LINE('',#4168,#2044);
#1677=LINE('',#4170,#2045);
#1678=LINE('',#4172,#2046);
#1679=LINE('',#4173,#2047);
#1680=LINE('',#4176,#2048);
#1681=LINE('',#4178,#2049);
#1682=LINE('',#4180,#2050);
#1683=LINE('',#4184,#2051);
#1684=LINE('',#4186,#2052);
#1685=LINE('',#4188,#2053);
#1686=LINE('',#4190,#2054);
#1687=LINE('',#4192,#2055);
#1688=LINE('',#4196,#2056);
#1689=LINE('',#4198,#2057);
#1690=LINE('',#4200,#2058);
#1691=LINE('',#4204,#2059);
#1692=LINE('',#4206,#2060);
#1693=LINE('',#4208,#2061);
#1694=LINE('',#4210,#2062);
#1695=LINE('',#4212,#2063);
#1696=LINE('',#4216,#2064);
#1697=LINE('',#4218,#2065);
#1698=LINE('',#4220,#2066);
#1699=LINE('',#4221,#2067);
#1700=LINE('',#4224,#2068);
#1701=LINE('',#4226,#2069);
#1702=LINE('',#4228,#2070);
#1703=LINE('',#4229,#2071);
#1704=LINE('',#4232,#2072);
#1705=LINE('',#4234,#2073);
#1706=LINE('',#4236,#2074);
#1707=LINE('',#4237,#2075);
#1708=LINE('',#4240,#2076);
#1709=LINE('',#4242,#2077);
#1710=LINE('',#4244,#2078);
#1711=LINE('',#4245,#2079);
#1712=LINE('',#4248,#2080);
#1713=LINE('',#4250,#2081);
#1714=LINE('',#4252,#2082);
#1715=LINE('',#4253,#2083);
#1716=LINE('',#4256,#2084);
#1717=LINE('',#4258,#2085);
#1718=LINE('',#4260,#2086);
#1719=LINE('',#4261,#2087);
#1720=LINE('',#4264,#2088);
#1721=LINE('',#4266,#2089);
#1722=LINE('',#4268,#2090);
#1723=LINE('',#4269,#2091);
#1724=LINE('',#4272,#2092);
#1725=LINE('',#4274,#2093);
#1726=LINE('',#4276,#2094);
#1727=LINE('',#4277,#2095);
#1728=LINE('',#4280,#2096);
#1729=LINE('',#4282,#2097);
#1730=LINE('',#4284,#2098);
#1731=LINE('',#4285,#2099);
#1732=LINE('',#4288,#2100);
#1733=LINE('',#4290,#2101);
#1734=LINE('',#4292,#2102);
#1735=LINE('',#4294,#2103);
#1736=LINE('',#4295,#2104);
#1737=LINE('',#4297,#2105);
#1738=LINE('',#4298,#2106);
#1739=LINE('',#4302,#2107);
#1740=LINE('',#4304,#2108);
#1741=LINE('',#4306,#2109);
#1742=LINE('',#4308,#2110);
#1743=LINE('',#4312,#2111);
#1744=LINE('',#4314,#2112);
#1745=LINE('',#4316,#2113);
#1746=LINE('',#4318,#2114);
#1747=LINE('',#4320,#2115);
#1748=LINE('',#4322,#2116);
#1749=LINE('',#4326,#2117);
#1750=LINE('',#4328,#2118);
#1751=LINE('',#4330,#2119);
#1752=LINE('',#4332,#2120);
#1753=LINE('',#4336,#2121);
#1754=LINE('',#4338,#2122);
#1755=LINE('',#4340,#2123);
#1756=LINE('',#4342,#2124);
#1757=LINE('',#4349,#2125);
#1758=LINE('',#4350,#2126);
#1759=LINE('',#4352,#2127);
#1760=LINE('',#4354,#2128);
#1761=LINE('',#4356,#2129);
#1762=LINE('',#4357,#2130);
#1763=LINE('',#4359,#2131);
#1764=LINE('',#4361,#2132);
#1765=LINE('',#4363,#2133);
#1766=LINE('',#4364,#2134);
#1767=LINE('',#4366,#2135);
#1768=LINE('',#4368,#2136);
#1769=LINE('',#4370,#2137);
#1770=LINE('',#4371,#2138);
#1771=LINE('',#4373,#2139);
#1772=LINE('',#4375,#2140);
#1773=LINE('',#4377,#2141);
#1774=LINE('',#4378,#2142);
#1775=LINE('',#4380,#2143);
#1776=LINE('',#4382,#2144);
#1777=LINE('',#4384,#2145);
#1778=LINE('',#4385,#2146);
#1779=LINE('',#4387,#2147);
#1780=LINE('',#4391,#2148);
#1781=LINE('',#4393,#2149);
#1782=LINE('',#4395,#2150);
#1783=LINE('',#4397,#2151);
#1784=LINE('',#4401,#2152);
#1785=LINE('',#4403,#2153);
#1786=LINE('',#4405,#2154);
#1787=LINE('',#4407,#2155);
#1788=LINE('',#4411,#2156);
#1789=LINE('',#4413,#2157);
#1790=LINE('',#4415,#2158);
#1791=LINE('',#4417,#2159);
#1792=LINE('',#4421,#2160);
#1793=LINE('',#4423,#2161);
#1794=LINE('',#4424,#2162);
#1795=LINE('',#4426,#2163);
#1796=LINE('',#4428,#2164);
#1797=LINE('',#4430,#2165);
#1798=LINE('',#4431,#2166);
#1799=LINE('',#4433,#2167);
#1800=LINE('',#4435,#2168);
#1801=LINE('',#4437,#2169);
#1802=LINE('',#4438,#2170);
#1803=LINE('',#4440,#2171);
#1804=LINE('',#4442,#2172);
#1805=LINE('',#4444,#2173);
#1806=LINE('',#4445,#2174);
#1807=LINE('',#4447,#2175);
#1808=LINE('',#4449,#2176);
#1809=LINE('',#4451,#2177);
#1810=LINE('',#4452,#2178);
#1811=LINE('',#4454,#2179);
#1812=LINE('',#4456,#2180);
#1813=LINE('',#4458,#2181);
#1814=LINE('',#4459,#2182);
#1815=LINE('',#4461,#2183);
#1816=LINE('',#4463,#2184);
#1817=LINE('',#4465,#2185);
#1818=LINE('',#4466,#2186);
#1819=LINE('',#4487,#2187);
#1820=LINE('',#4488,#2188);
#1821=LINE('',#4490,#2189);
#1822=LINE('',#4492,#2190);
#1823=LINE('',#4495,#2191);
#1824=LINE('',#4496,#2192);
#1825=LINE('',#4498,#2193);
#1826=LINE('',#4500,#2194);
#1827=LINE('',#4503,#2195);
#1828=LINE('',#4504,#2196);
#1829=LINE('',#4506,#2197);
#1830=LINE('',#4508,#2198);
#1831=LINE('',#4511,#2199);
#1832=LINE('',#4512,#2200);
#1833=LINE('',#4514,#2201);
#1834=LINE('',#4516,#2202);
#1835=LINE('',#4519,#2203);
#1836=LINE('',#4520,#2204);
#1837=LINE('',#4522,#2205);
#1838=LINE('',#4523,#2206);
#1839=LINE('',#4525,#2207);
#1840=LINE('',#4526,#2208);
#1841=LINE('',#4528,#2209);
#1842=LINE('',#4529,#2210);
#1843=LINE('',#4535,#2211);
#1844=LINE('',#4536,#2212);
#1845=LINE('',#4538,#2213);
#1846=LINE('',#4540,#2214);
#1847=LINE('',#4543,#2215);
#1848=LINE('',#4544,#2216);
#1849=LINE('',#4546,#2217);
#1850=LINE('',#4548,#2218);
#1851=LINE('',#4551,#2219);
#1852=LINE('',#4552,#2220);
#1853=LINE('',#4554,#2221);
#1854=LINE('',#4556,#2222);
#1855=LINE('',#4559,#2223);
#1856=LINE('',#4560,#2224);
#1857=LINE('',#4562,#2225);
#1858=LINE('',#4564,#2226);
#1859=LINE('',#4567,#2227);
#1860=LINE('',#4568,#2228);
#1861=LINE('',#4570,#2229);
#1862=LINE('',#4572,#2230);
#1863=VECTOR('',#3078,1.);
#1864=VECTOR('',#3079,1.);
#1865=VECTOR('',#3080,1.);
#1866=VECTOR('',#3081,1.);
#1867=VECTOR('',#3082,1.);
#1868=VECTOR('',#3083,1.);
#1869=VECTOR('',#3084,1.);
#1870=VECTOR('',#3085,1.);
#1871=VECTOR('',#3086,1.);
#1872=VECTOR('',#3087,1.);
#1873=VECTOR('',#3088,1.);
#1874=VECTOR('',#3089,1.);
#1875=VECTOR('',#3092,1.);
#1876=VECTOR('',#3093,1.);
#1877=VECTOR('',#3094,1.);
#1878=VECTOR('',#3095,1.);
#1879=VECTOR('',#3096,1.);
#1880=VECTOR('',#3099,1.);
#1881=VECTOR('',#3100,1.);
#1882=VECTOR('',#3101,1.);
#1883=VECTOR('',#3104,1.);
#1884=VECTOR('',#3105,1.);
#1885=VECTOR('',#3106,1.);
#1886=VECTOR('',#3107,1.);
#1887=VECTOR('',#3108,1.);
#1888=VECTOR('',#3111,1.);
#1889=VECTOR('',#3112,1.);
#1890=VECTOR('',#3113,1.);
#1891=VECTOR('',#3114,1.);
#1892=VECTOR('',#3115,1.);
#1893=VECTOR('',#3116,1.);
#1894=VECTOR('',#3117,1.);
#1895=VECTOR('',#3118,1.);
#1896=VECTOR('',#3119,1.);
#1897=VECTOR('',#3120,1.);
#1898=VECTOR('',#3121,1.);
#1899=VECTOR('',#3122,1.);
#1900=VECTOR('',#3123,1.);
#1901=VECTOR('',#3124,1.);
#1902=VECTOR('',#3125,1.);
#1903=VECTOR('',#3128,1.);
#1904=VECTOR('',#3129,1.);
#1905=VECTOR('',#3130,1.);
#1906=VECTOR('',#3131,1.);
#1907=VECTOR('',#3132,1.);
#1908=VECTOR('',#3133,1.);
#1909=VECTOR('',#3134,1.);
#1910=VECTOR('',#3135,1.);
#1911=VECTOR('',#3136,1.);
#1912=VECTOR('',#3137,1.);
#1913=VECTOR('',#3138,1.);
#1914=VECTOR('',#3139,1.);
#1915=VECTOR('',#3140,1.);
#1916=VECTOR('',#3141,1.);
#1917=VECTOR('',#3142,1.);
#1918=VECTOR('',#3143,1.);
#1919=VECTOR('',#3144,1.);
#1920=VECTOR('',#3145,1.);
#1921=VECTOR('',#3146,1.);
#1922=VECTOR('',#3147,1.);
#1923=VECTOR('',#3148,1.);
#1924=VECTOR('',#3149,1.);
#1925=VECTOR('',#3150,1.);
#1926=VECTOR('',#3151,1.);
#1927=VECTOR('',#3152,1.);
#1928=VECTOR('',#3153,1.);
#1929=VECTOR('',#3154,1.);
#1930=VECTOR('',#3155,1.);
#1931=VECTOR('',#3156,1.);
#1932=VECTOR('',#3157,1.);
#1933=VECTOR('',#3158,1.);
#1934=VECTOR('',#3159,1.);
#1935=VECTOR('',#3160,1.);
#1936=VECTOR('',#3163,1.);
#1937=VECTOR('',#3164,1.);
#1938=VECTOR('',#3165,1.);
#1939=VECTOR('',#3168,1.);
#1940=VECTOR('',#3169,1.);
#1941=VECTOR('',#3170,1.);
#1942=VECTOR('',#3173,1.);
#1943=VECTOR('',#3174,1.);
#1944=VECTOR('',#3175,1.);
#1945=VECTOR('',#3178,1.);
#1946=VECTOR('',#3179,1.);
#1947=VECTOR('',#3180,1.);
#1948=VECTOR('',#3181,1.);
#1949=VECTOR('',#3182,1.);
#1950=VECTOR('',#3183,1.);
#1951=VECTOR('',#3184,1.);
#1952=VECTOR('',#3185,1.);
#1953=VECTOR('',#3186,1.);
#1954=VECTOR('',#3187,1.);
#1955=VECTOR('',#3188,1.);
#1956=VECTOR('',#3189,1.);
#1957=VECTOR('',#3190,1.);
#1958=VECTOR('',#3191,1.);
#1959=VECTOR('',#3192,1.);
#1960=VECTOR('',#3193,1.);
#1961=VECTOR('',#3194,1.);
#1962=VECTOR('',#3195,1.);
#1963=VECTOR('',#3196,1.);
#1964=VECTOR('',#3197,1.);
#1965=VECTOR('',#3198,1.);
#1966=VECTOR('',#3199,1.);
#1967=VECTOR('',#3200,1.);
#1968=VECTOR('',#3201,1.);
#1969=VECTOR('',#3202,1.);
#1970=VECTOR('',#3203,1.);
#1971=VECTOR('',#3204,1.);
#1972=VECTOR('',#3205,1.);
#1973=VECTOR('',#3206,1.);
#1974=VECTOR('',#3207,1.);
#1975=VECTOR('',#3208,1.);
#1976=VECTOR('',#3209,1.);
#1977=VECTOR('',#3210,1.);
#1978=VECTOR('',#3211,1.);
#1979=VECTOR('',#3212,1.);
#1980=VECTOR('',#3213,1.);
#1981=VECTOR('',#3214,1.);
#1982=VECTOR('',#3215,1.);
#1983=VECTOR('',#3218,1.);
#1984=VECTOR('',#3219,1.);
#1985=VECTOR('',#3220,1.);
#1986=VECTOR('',#3221,1.);
#1987=VECTOR('',#3222,1.);
#1988=VECTOR('',#3223,1.);
#1989=VECTOR('',#3224,1.);
#1990=VECTOR('',#3225,1.);
#1991=VECTOR('',#3226,1.);
#1992=VECTOR('',#3227,1.);
#1993=VECTOR('',#3228,1.);
#1994=VECTOR('',#3229,1.);
#1995=VECTOR('',#3230,1.);
#1996=VECTOR('',#3231,1.);
#1997=VECTOR('',#3232,1.);
#1998=VECTOR('',#3233,1.);
#1999=VECTOR('',#3234,1.);
#2000=VECTOR('',#3235,1.);
#2001=VECTOR('',#3236,1.);
#2002=VECTOR('',#3237,1.);
#2003=VECTOR('',#3238,1.);
#2004=VECTOR('',#3239,1.);
#2005=VECTOR('',#3240,1.);
#2006=VECTOR('',#3241,1.);
#2007=VECTOR('',#3242,1.);
#2008=VECTOR('',#3243,1.);
#2009=VECTOR('',#3244,1.);
#2010=VECTOR('',#3245,1.);
#2011=VECTOR('',#3246,1.);
#2012=VECTOR('',#3247,1.);
#2013=VECTOR('',#3248,1.);
#2014=VECTOR('',#3249,1.);
#2015=VECTOR('',#3252,1.);
#2016=VECTOR('',#3255,1.);
#2017=VECTOR('',#3256,1.);
#2018=VECTOR('',#3257,1.);
#2019=VECTOR('',#3260,1.);
#2020=VECTOR('',#3261,1.);
#2021=VECTOR('',#3262,1.);
#2022=VECTOR('',#3265,1.);
#2023=VECTOR('',#3266,1.);
#2024=VECTOR('',#3267,1.);
#2025=VECTOR('',#3270,1.);
#2026=VECTOR('',#3271,1.);
#2027=VECTOR('',#3272,1.);
#2028=VECTOR('',#3273,1.);
#2029=VECTOR('',#3274,1.);
#2030=VECTOR('',#3275,1.);
#2031=VECTOR('',#3276,1.);
#2032=VECTOR('',#3277,1.);
#2033=VECTOR('',#3278,1.);
#2034=VECTOR('',#3279,1.);
#2035=VECTOR('',#3280,1.);
#2036=VECTOR('',#3281,1.);
#2037=VECTOR('',#3282,1.);
#2038=VECTOR('',#3283,1.);
#2039=VECTOR('',#3284,1.);
#2040=VECTOR('',#3285,1.);
#2041=VECTOR('',#3286,1.);
#2042=VECTOR('',#3287,1.);
#2043=VECTOR('',#3288,1.);
#2044=VECTOR('',#3289,1.);
#2045=VECTOR('',#3290,1.);
#2046=VECTOR('',#3291,1.);
#2047=VECTOR('',#3292,1.);
#2048=VECTOR('',#3293,1.);
#2049=VECTOR('',#3294,1.);
#2050=VECTOR('',#3295,1.);
#2051=VECTOR('',#3298,1.);
#2052=VECTOR('',#3299,1.);
#2053=VECTOR('',#3300,1.);
#2054=VECTOR('',#3301,1.);
#2055=VECTOR('',#3302,1.);
#2056=VECTOR('',#3305,1.);
#2057=VECTOR('',#3306,1.);
#2058=VECTOR('',#3307,1.);
#2059=VECTOR('',#3310,1.);
#2060=VECTOR('',#3311,1.);
#2061=VECTOR('',#3312,1.);
#2062=VECTOR('',#3313,1.);
#2063=VECTOR('',#3314,1.);
#2064=VECTOR('',#3317,1.);
#2065=VECTOR('',#3318,1.);
#2066=VECTOR('',#3319,1.);
#2067=VECTOR('',#3320,1.);
#2068=VECTOR('',#3321,1.);
#2069=VECTOR('',#3322,1.);
#2070=VECTOR('',#3323,1.);
#2071=VECTOR('',#3324,1.);
#2072=VECTOR('',#3325,1.);
#2073=VECTOR('',#3326,1.);
#2074=VECTOR('',#3327,1.);
#2075=VECTOR('',#3328,1.);
#2076=VECTOR('',#3329,1.);
#2077=VECTOR('',#3330,1.);
#2078=VECTOR('',#3331,1.);
#2079=VECTOR('',#3332,1.);
#2080=VECTOR('',#3333,1.);
#2081=VECTOR('',#3334,1.);
#2082=VECTOR('',#3335,1.);
#2083=VECTOR('',#3336,1.);
#2084=VECTOR('',#3337,1.);
#2085=VECTOR('',#3338,1.);
#2086=VECTOR('',#3339,1.);
#2087=VECTOR('',#3340,1.);
#2088=VECTOR('',#3341,1.);
#2089=VECTOR('',#3342,1.);
#2090=VECTOR('',#3343,1.);
#2091=VECTOR('',#3344,1.);
#2092=VECTOR('',#3345,1.);
#2093=VECTOR('',#3346,1.);
#2094=VECTOR('',#3347,1.);
#2095=VECTOR('',#3348,1.);
#2096=VECTOR('',#3349,1.);
#2097=VECTOR('',#3350,1.);
#2098=VECTOR('',#3351,1.);
#2099=VECTOR('',#3352,1.);
#2100=VECTOR('',#3353,1.);
#2101=VECTOR('',#3354,1.);
#2102=VECTOR('',#3355,1.);
#2103=VECTOR('',#3358,1.);
#2104=VECTOR('',#3359,1.);
#2105=VECTOR('',#3362,1.);
#2106=VECTOR('',#3363,1.);
#2107=VECTOR('',#3368,1.);
#2108=VECTOR('',#3371,1.);
#2109=VECTOR('',#3374,1.);
#2110=VECTOR('',#3377,1.);
#2111=VECTOR('',#3382,1.);
#2112=VECTOR('',#3385,1.);
#2113=VECTOR('',#3388,1.);
#2114=VECTOR('',#3391,1.);
#2115=VECTOR('',#3394,1.);
#2116=VECTOR('',#3397,1.);
#2117=VECTOR('',#3402,1.);
#2118=VECTOR('',#3405,1.);
#2119=VECTOR('',#3408,1.);
#2120=VECTOR('',#3411,1.);
#2121=VECTOR('',#3416,1.);
#2122=VECTOR('',#3419,1.);
#2123=VECTOR('',#3422,1.);
#2124=VECTOR('',#3425,1.);
#2125=VECTOR('',#3438,1.);
#2126=VECTOR('',#3439,1.);
#2127=VECTOR('',#3442,1.);
#2128=VECTOR('',#3445,1.);
#2129=VECTOR('',#3448,1.);
#2130=VECTOR('',#3449,1.);
#2131=VECTOR('',#3452,1.);
#2132=VECTOR('',#3455,1.);
#2133=VECTOR('',#3458,1.);
#2134=VECTOR('',#3459,1.);
#2135=VECTOR('',#3462,1.);
#2136=VECTOR('',#3465,1.);
#2137=VECTOR('',#3468,1.);
#2138=VECTOR('',#3469,1.);
#2139=VECTOR('',#3472,1.);
#2140=VECTOR('',#3475,1.);
#2141=VECTOR('',#3478,1.);
#2142=VECTOR('',#3479,1.);
#2143=VECTOR('',#3482,1.);
#2144=VECTOR('',#3485,1.);
#2145=VECTOR('',#3488,1.);
#2146=VECTOR('',#3489,1.);
#2147=VECTOR('',#3492,1.);
#2148=VECTOR('',#3497,1.);
#2149=VECTOR('',#3500,1.);
#2150=VECTOR('',#3503,1.);
#2151=VECTOR('',#3506,1.);
#2152=VECTOR('',#3511,1.);
#2153=VECTOR('',#3514,1.);
#2154=VECTOR('',#3517,1.);
#2155=VECTOR('',#3520,1.);
#2156=VECTOR('',#3525,1.);
#2157=VECTOR('',#3528,1.);
#2158=VECTOR('',#3531,1.);
#2159=VECTOR('',#3534,1.);
#2160=VECTOR('',#3539,1.);
#2161=VECTOR('',#3542,1.);
#2162=VECTOR('',#3543,1.);
#2163=VECTOR('',#3546,1.);
#2164=VECTOR('',#3549,1.);
#2165=VECTOR('',#3552,1.);
#2166=VECTOR('',#3553,1.);
#2167=VECTOR('',#3556,1.);
#2168=VECTOR('',#3559,1.);
#2169=VECTOR('',#3562,1.);
#2170=VECTOR('',#3563,1.);
#2171=VECTOR('',#3566,1.);
#2172=VECTOR('',#3569,1.);
#2173=VECTOR('',#3572,1.);
#2174=VECTOR('',#3573,1.);
#2175=VECTOR('',#3576,1.);
#2176=VECTOR('',#3579,1.);
#2177=VECTOR('',#3582,1.);
#2178=VECTOR('',#3583,1.);
#2179=VECTOR('',#3586,1.);
#2180=VECTOR('',#3589,1.);
#2181=VECTOR('',#3592,1.);
#2182=VECTOR('',#3593,1.);
#2183=VECTOR('',#3596,1.);
#2184=VECTOR('',#3599,1.);
#2185=VECTOR('',#3602,1.);
#2186=VECTOR('',#3603,1.);
#2187=VECTOR('',#3644,1.);
#2188=VECTOR('',#3645,1.);
#2189=VECTOR('',#3648,1.);
#2190=VECTOR('',#3651,1.);
#2191=VECTOR('',#3656,1.);
#2192=VECTOR('',#3657,1.);
#2193=VECTOR('',#3660,1.);
#2194=VECTOR('',#3663,1.);
#2195=VECTOR('',#3668,1.);
#2196=VECTOR('',#3669,1.);
#2197=VECTOR('',#3672,1.);
#2198=VECTOR('',#3675,1.);
#2199=VECTOR('',#3680,1.);
#2200=VECTOR('',#3681,1.);
#2201=VECTOR('',#3684,1.);
#2202=VECTOR('',#3687,1.);
#2203=VECTOR('',#3692,1.);
#2204=VECTOR('',#3693,1.);
#2205=VECTOR('',#3696,1.);
#2206=VECTOR('',#3697,1.);
#2207=VECTOR('',#3700,1.);
#2208=VECTOR('',#3701,1.);
#2209=VECTOR('',#3704,1.);
#2210=VECTOR('',#3705,1.);
#2211=VECTOR('',#3716,1.);
#2212=VECTOR('',#3717,1.);
#2213=VECTOR('',#3720,1.);
#2214=VECTOR('',#3723,1.);
#2215=VECTOR('',#3728,1.);
#2216=VECTOR('',#3729,1.);
#2217=VECTOR('',#3732,1.);
#2218=VECTOR('',#3735,1.);
#2219=VECTOR('',#3740,1.);
#2220=VECTOR('',#3741,1.);
#2221=VECTOR('',#3744,1.);
#2222=VECTOR('',#3747,1.);
#2223=VECTOR('',#3752,1.);
#2224=VECTOR('',#3753,1.);
#2225=VECTOR('',#3756,1.);
#2226=VECTOR('',#3759,1.);
#2227=VECTOR('',#3764,1.);
#2228=VECTOR('',#3765,1.);
#2229=VECTOR('',#3768,1.);
#2230=VECTOR('',#3771,1.);
#2231=EDGE_LOOP('',(#47,#48,#49,#50));
#2232=EDGE_LOOP('',(#51,#52,#53,#54));
#2233=EDGE_LOOP('',(#55,#56,#57,#58));
#2234=EDGE_LOOP('',(#59,#60,#61,#62,#63,#64,#65,#66,#67,#68,#69,#70,#71,
#72,#73,#74,#75,#76,#77,#78));
#2235=EDGE_LOOP('',(#79,#80,#81,#82));
#2236=EDGE_LOOP('',(#83,#84,#85,#86));
#2237=EDGE_LOOP('',(#87,#88,#89,#90));
#2238=EDGE_LOOP('',(#91));
#2239=EDGE_LOOP('',(#92,#93,#94,#95));
#2240=EDGE_LOOP('',(#96,#97,#98,#99));
#2241=EDGE_LOOP('',(#100,#101,#102,#103));
#2242=EDGE_LOOP('',(#104,#105,#106,#107));
#2243=EDGE_LOOP('',(#108,#109,#110,#111));
#2244=EDGE_LOOP('',(#112,#113,#114,#115));
#2245=EDGE_LOOP('',(#116,#117,#118,#119));
#2246=EDGE_LOOP('',(#120,#121,#122,#123));
#2247=EDGE_LOOP('',(#124,#125,#126,#127,#128,#129,#130,#131,#132,#133,#134,
#135,#136,#137,#138,#139));
#2248=EDGE_LOOP('',(#140,#141,#142,#143));
#2249=EDGE_LOOP('',(#144,#145,#146,#147));
#2250=EDGE_LOOP('',(#148,#149,#150,#151));
#2251=EDGE_LOOP('',(#152,#153,#154,#155));
#2252=EDGE_LOOP('',(#156,#157,#158,#159));
#2253=EDGE_LOOP('',(#160,#161,#162,#163));
#2254=EDGE_LOOP('',(#164,#165,#166,#167));
#2255=EDGE_LOOP('',(#168,#169,#170,#171));
#2256=EDGE_LOOP('',(#172,#173,#174,#175));
#2257=EDGE_LOOP('',(#176,#177,#178,#179));
#2258=EDGE_LOOP('',(#180,#181,#182,#183));
#2259=EDGE_LOOP('',(#184,#185,#186,#187));
#2260=EDGE_LOOP('',(#188,#189,#190,#191));
#2261=EDGE_LOOP('',(#192,#193,#194,#195));
#2262=EDGE_LOOP('',(#196,#197,#198,#199));
#2263=EDGE_LOOP('',(#200,#201,#202,#203));
#2264=EDGE_LOOP('',(#204,#205,#206,#207));
#2265=EDGE_LOOP('',(#208));
#2266=EDGE_LOOP('',(#209,#210,#211,#212,#213,#214,#215,#216,#217,#218,#219,
#220,#221,#222,#223,#224));
#2267=EDGE_LOOP('',(#225,#226,#227,#228));
#2268=EDGE_LOOP('',(#229,#230,#231,#232));
#2269=EDGE_LOOP('',(#233,#234,#235,#236));
#2270=EDGE_LOOP('',(#237,#238,#239,#240));
#2271=EDGE_LOOP('',(#241,#242,#243,#244));
#2272=EDGE_LOOP('',(#245,#246,#247,#248));
#2273=EDGE_LOOP('',(#249,#250,#251,#252,#253,#254,#255,#256,#257,#258,#259,
#260,#261,#262,#263,#264,#265,#266,#267,#268));
#2274=EDGE_LOOP('',(#269,#270,#271,#272));
#2275=EDGE_LOOP('',(#273,#274,#275,#276));
#2276=EDGE_LOOP('',(#277,#278,#279,#280));
#2277=EDGE_LOOP('',(#281,#282,#283,#284));
#2278=EDGE_LOOP('',(#285,#286,#287,#288));
#2279=EDGE_LOOP('',(#289,#290,#291,#292));
#2280=EDGE_LOOP('',(#293,#294,#295,#296));
#2281=EDGE_LOOP('',(#297,#298,#299,#300));
#2282=EDGE_LOOP('',(#301,#302,#303,#304));
#2283=EDGE_LOOP('',(#305,#306,#307,#308));
#2284=EDGE_LOOP('',(#309,#310,#311,#312));
#2285=EDGE_LOOP('',(#313));
#2286=EDGE_LOOP('',(#314,#315,#316,#317));
#2287=EDGE_LOOP('',(#318,#319,#320,#321));
#2288=EDGE_LOOP('',(#322,#323,#324,#325));
#2289=EDGE_LOOP('',(#326,#327,#328,#329));
#2290=EDGE_LOOP('',(#330));
#2291=EDGE_LOOP('',(#331,#332,#333,#334));
#2292=EDGE_LOOP('',(#335,#336,#337,#338));
#2293=EDGE_LOOP('',(#339,#340,#341,#342));
#2294=EDGE_LOOP('',(#343,#344,#345,#346));
#2295=EDGE_LOOP('',(#347,#348,#349,#350));
#2296=EDGE_LOOP('',(#351,#352,#353,#354));
#2297=EDGE_LOOP('',(#355));
#2298=EDGE_LOOP('',(#356,#357,#358,#359));
#2299=EDGE_LOOP('',(#360,#361,#362,#363));
#2300=EDGE_LOOP('',(#364,#365,#366,#367));
#2301=EDGE_LOOP('',(#368,#369,#370,#371));
#2302=EDGE_LOOP('',(#372));
#2303=EDGE_LOOP('',(#373,#374,#375,#376));
#2304=EDGE_LOOP('',(#377,#378,#379,#380));
#2305=EDGE_LOOP('',(#381,#382,#383,#384));
#2306=EDGE_LOOP('',(#385,#386,#387,#388));
#2307=EDGE_LOOP('',(#389,#390,#391,#392));
#2308=EDGE_LOOP('',(#393));
#2309=EDGE_LOOP('',(#394));
#2310=EDGE_LOOP('',(#395));
#2311=EDGE_LOOP('',(#396));
#2312=EDGE_LOOP('',(#397,#398,#399,#400));
#2313=EDGE_LOOP('',(#401,#402,#403,#404));
#2314=EDGE_LOOP('',(#405,#406,#407,#408));
#2315=EDGE_LOOP('',(#409,#410,#411,#412));
#2316=EDGE_LOOP('',(#413,#414,#415,#416));
#2317=EDGE_LOOP('',(#417,#418,#419,#420));
#2318=EDGE_LOOP('',(#421,#422,#423,#424));
#2319=EDGE_LOOP('',(#425,#426,#427,#428));
#2320=EDGE_LOOP('',(#429,#430,#431,#432));
#2321=EDGE_LOOP('',(#433,#434,#435,#436));
#2322=EDGE_LOOP('',(#437,#438,#439,#440));
#2323=EDGE_LOOP('',(#441,#442,#443,#444));
#2324=EDGE_LOOP('',(#445,#446,#447,#448));
#2325=EDGE_LOOP('',(#449,#450,#451,#452));
#2326=EDGE_LOOP('',(#453,#454,#455,#456));
#2327=EDGE_LOOP('',(#457,#458,#459,#460));
#2328=EDGE_LOOP('',(#461,#462,#463,#464));
#2329=EDGE_LOOP('',(#465));
#2330=EDGE_LOOP('',(#466,#467,#468,#469));
#2331=EDGE_LOOP('',(#470,#471,#472,#473));
#2332=EDGE_LOOP('',(#474,#475,#476,#477));
#2333=EDGE_LOOP('',(#478,#479,#480,#481));
#2334=EDGE_LOOP('',(#482));
#2335=EDGE_LOOP('',(#483,#484,#485,#486));
#2336=EDGE_LOOP('',(#487,#488,#489,#490));
#2337=EDGE_LOOP('',(#491,#492,#493,#494));
#2338=EDGE_LOOP('',(#495,#496,#497,#498));
#2339=EDGE_LOOP('',(#499));
#2340=EDGE_LOOP('',(#500,#501,#502,#503));
#2341=EDGE_LOOP('',(#504,#505,#506,#507));
#2342=EDGE_LOOP('',(#508,#509,#510,#511));
#2343=EDGE_LOOP('',(#512,#513,#514,#515));
#2344=EDGE_LOOP('',(#516));
#2345=EDGE_LOOP('',(#517,#518,#519,#520));
#2346=EDGE_LOOP('',(#521,#522,#523,#524));
#2347=EDGE_LOOP('',(#525,#526,#527,#528));
#2348=EDGE_LOOP('',(#529,#530,#531,#532));
#2349=EDGE_LOOP('',(#533,#534,#535,#536));
#2350=EDGE_LOOP('',(#537,#538,#539,#540));
#2351=EDGE_LOOP('',(#541,#542,#543,#544));
#2352=EDGE_LOOP('',(#545,#546,#547,#548));
#2353=EDGE_LOOP('',(#549,#550,#551,#552));
#2354=EDGE_LOOP('',(#553,#554,#555,#556));
#2355=EDGE_LOOP('',(#557,#558,#559,#560));
#2356=EDGE_LOOP('',(#561,#562,#563,#564));
#2357=EDGE_LOOP('',(#565,#566,#567,#568));
#2358=EDGE_LOOP('',(#569,#570,#571,#572));
#2359=EDGE_LOOP('',(#573,#574,#575,#576));
#2360=EDGE_LOOP('',(#577,#578,#579,#580));
#2361=EDGE_LOOP('',(#581,#582,#583,#584));
#2362=EDGE_LOOP('',(#585,#586,#587,#588));
#2363=EDGE_LOOP('',(#589,#590,#591,#592));
#2364=EDGE_LOOP('',(#593,#594,#595,#596));
#2365=EDGE_LOOP('',(#597,#598,#599,#600));
#2366=EDGE_LOOP('',(#601,#602,#603,#604));
#2367=EDGE_LOOP('',(#605,#606,#607,#608));
#2368=EDGE_LOOP('',(#609,#610,#611,#612));
#2369=EDGE_LOOP('',(#613));
#2370=EDGE_LOOP('',(#614));
#2371=EDGE_LOOP('',(#615,#616,#617,#618));
#2372=EDGE_LOOP('',(#619,#620,#621,#622));
#2373=EDGE_LOOP('',(#623,#624,#625,#626));
#2374=EDGE_LOOP('',(#627,#628,#629,#630));
#2375=EDGE_LOOP('',(#631,#632,#633,#634));
#2376=EDGE_LOOP('',(#635,#636,#637,#638));
#2377=EDGE_LOOP('',(#639,#640,#641,#642));
#2378=EDGE_LOOP('',(#643,#644,#645,#646));
#2379=EDGE_LOOP('',(#647));
#2380=EDGE_LOOP('',(#648));
#2381=EDGE_LOOP('',(#649));
#2382=EDGE_LOOP('',(#650));
#2383=EDGE_LOOP('',(#651,#652,#653,#654));
#2384=EDGE_LOOP('',(#655,#656,#657,#658));
#2385=EDGE_LOOP('',(#659,#660,#661,#662));
#2386=EDGE_LOOP('',(#663,#664,#665,#666));
#2387=EDGE_LOOP('',(#667,#668,#669,#670));
#2388=EDGE_LOOP('',(#671,#672,#673,#674));
#2389=EDGE_LOOP('',(#675,#676,#677,#678));
#2390=EDGE_LOOP('',(#679,#680,#681,#682));
#2391=EDGE_LOOP('',(#683,#684,#685,#686));
#2392=EDGE_LOOP('',(#687,#688,#689,#690));
#2393=EDGE_LOOP('',(#691,#692,#693,#694));
#2394=EDGE_LOOP('',(#695,#696,#697,#698));
#2395=EDGE_LOOP('',(#699,#700,#701,#702));
#2396=EDGE_LOOP('',(#703,#704,#705,#706));
#2397=EDGE_LOOP('',(#707,#708,#709,#710));
#2398=EDGE_LOOP('',(#711,#712,#713,#714));
#2399=EDGE_LOOP('',(#715,#716,#717,#718));
#2400=EDGE_LOOP('',(#719,#720,#721,#722));
#2401=EDGE_LOOP('',(#723,#724,#725,#726));
#2402=EDGE_LOOP('',(#727,#728,#729,#730));
#2403=EDGE_LOOP('',(#731,#732,#733,#734));
#2404=EDGE_LOOP('',(#735,#736,#737,#738));
#2405=EDGE_LOOP('',(#739,#740,#741,#742));
#2406=EDGE_LOOP('',(#743,#744,#745,#746));
#2407=EDGE_LOOP('',(#747,#748,#749,#750));
#2408=EDGE_LOOP('',(#751,#752,#753,#754));
#2409=EDGE_LOOP('',(#755,#756,#757,#758));
#2410=EDGE_LOOP('',(#759,#760,#761,#762));
#2411=EDGE_LOOP('',(#763,#764,#765,#766));
#2412=EDGE_LOOP('',(#767,#768,#769,#770));
#2413=EDGE_LOOP('',(#771,#772,#773,#774));
#2414=EDGE_LOOP('',(#775,#776,#777,#778));
#2415=EDGE_LOOP('',(#779,#780,#781,#782));
#2416=EDGE_LOOP('',(#783,#784,#785,#786));
#2417=EDGE_LOOP('',(#787,#788,#789,#790));
#2418=EDGE_LOOP('',(#791,#792,#793,#794));
#2419=EDGE_LOOP('',(#795,#796,#797,#798));
#2420=EDGE_LOOP('',(#799,#800,#801,#802));
#2421=EDGE_LOOP('',(#803,#804,#805,#806));
#2422=EDGE_LOOP('',(#807,#808,#809,#810));
#2423=EDGE_LOOP('',(#811,#812,#813,#814));
#2424=EDGE_LOOP('',(#815,#816,#817,#818));
#2425=EDGE_LOOP('',(#819,#820,#821,#822));
#2426=EDGE_LOOP('',(#823,#824,#825,#826));
#2427=EDGE_LOOP('',(#827,#828,#829,#830));
#2428=EDGE_LOOP('',(#831,#832,#833,#834));
#2429=FACE_BOUND('',#2231,.T.);
#2430=FACE_BOUND('',#2232,.T.);
#2431=FACE_BOUND('',#2233,.T.);
#2432=FACE_BOUND('',#2234,.T.);
#2433=FACE_BOUND('',#2235,.T.);
#2434=FACE_BOUND('',#2236,.T.);
#2435=FACE_BOUND('',#2237,.T.);
#2436=FACE_BOUND('',#2238,.T.);
#2437=FACE_BOUND('',#2239,.T.);
#2438=FACE_BOUND('',#2240,.T.);
#2439=FACE_BOUND('',#2241,.T.);
#2440=FACE_BOUND('',#2242,.T.);
#2441=FACE_BOUND('',#2243,.T.);
#2442=FACE_BOUND('',#2244,.T.);
#2443=FACE_BOUND('',#2245,.T.);
#2444=FACE_BOUND('',#2246,.T.);
#2445=FACE_BOUND('',#2247,.T.);
#2446=FACE_BOUND('',#2248,.T.);
#2447=FACE_BOUND('',#2249,.T.);
#2448=FACE_BOUND('',#2250,.T.);
#2449=FACE_BOUND('',#2251,.T.);
#2450=FACE_BOUND('',#2252,.T.);
#2451=FACE_BOUND('',#2253,.T.);
#2452=FACE_BOUND('',#2254,.T.);
#2453=FACE_BOUND('',#2255,.T.);
#2454=FACE_BOUND('',#2256,.T.);
#2455=FACE_BOUND('',#2257,.T.);
#2456=FACE_BOUND('',#2258,.T.);
#2457=FACE_BOUND('',#2259,.T.);
#2458=FACE_BOUND('',#2260,.T.);
#2459=FACE_BOUND('',#2261,.T.);
#2460=FACE_BOUND('',#2262,.T.);
#2461=FACE_BOUND('',#2263,.T.);
#2462=FACE_BOUND('',#2264,.T.);
#2463=FACE_BOUND('',#2265,.T.);
#2464=FACE_BOUND('',#2266,.T.);
#2465=FACE_BOUND('',#2267,.T.);
#2466=FACE_BOUND('',#2268,.T.);
#2467=FACE_BOUND('',#2269,.T.);
#2468=FACE_BOUND('',#2270,.T.);
#2469=FACE_BOUND('',#2271,.T.);
#2470=FACE_BOUND('',#2272,.T.);
#2471=FACE_BOUND('',#2273,.T.);
#2472=FACE_BOUND('',#2274,.T.);
#2473=FACE_BOUND('',#2275,.T.);
#2474=FACE_BOUND('',#2276,.T.);
#2475=FACE_BOUND('',#2277,.T.);
#2476=FACE_BOUND('',#2278,.T.);
#2477=FACE_BOUND('',#2279,.T.);
#2478=FACE_BOUND('',#2280,.T.);
#2479=FACE_BOUND('',#2281,.T.);
#2480=FACE_BOUND('',#2282,.T.);
#2481=FACE_BOUND('',#2283,.T.);
#2482=FACE_BOUND('',#2284,.T.);
#2483=FACE_BOUND('',#2285,.T.);
#2484=FACE_BOUND('',#2286,.T.);
#2485=FACE_BOUND('',#2287,.T.);
#2486=FACE_BOUND('',#2288,.T.);
#2487=FACE_BOUND('',#2289,.T.);
#2488=FACE_BOUND('',#2290,.T.);
#2489=FACE_BOUND('',#2291,.T.);
#2490=FACE_BOUND('',#2292,.T.);
#2491=FACE_BOUND('',#2293,.T.);
#2492=FACE_BOUND('',#2294,.T.);
#2493=FACE_BOUND('',#2295,.T.);
#2494=FACE_BOUND('',#2296,.T.);
#2495=FACE_BOUND('',#2297,.T.);
#2496=FACE_BOUND('',#2298,.T.);
#2497=FACE_BOUND('',#2299,.T.);
#2498=FACE_BOUND('',#2300,.T.);
#2499=FACE_BOUND('',#2301,.T.);
#2500=FACE_BOUND('',#2302,.T.);
#2501=FACE_BOUND('',#2303,.T.);
#2502=FACE_BOUND('',#2304,.T.);
#2503=FACE_BOUND('',#2305,.T.);
#2504=FACE_BOUND('',#2306,.T.);
#2505=FACE_BOUND('',#2307,.T.);
#2506=FACE_BOUND('',#2308,.T.);
#2507=FACE_BOUND('',#2309,.T.);
#2508=FACE_BOUND('',#2310,.T.);
#2509=FACE_BOUND('',#2311,.T.);
#2510=FACE_BOUND('',#2312,.T.);
#2511=FACE_BOUND('',#2313,.T.);
#2512=FACE_BOUND('',#2314,.T.);
#2513=FACE_BOUND('',#2315,.T.);
#2514=FACE_BOUND('',#2316,.T.);
#2515=FACE_BOUND('',#2317,.T.);
#2516=FACE_BOUND('',#2318,.T.);
#2517=FACE_BOUND('',#2319,.T.);
#2518=FACE_BOUND('',#2320,.T.);
#2519=FACE_BOUND('',#2321,.T.);
#2520=FACE_BOUND('',#2322,.T.);
#2521=FACE_BOUND('',#2323,.T.);
#2522=FACE_BOUND('',#2324,.T.);
#2523=FACE_BOUND('',#2325,.T.);
#2524=FACE_BOUND('',#2326,.T.);
#2525=FACE_BOUND('',#2327,.T.);
#2526=FACE_BOUND('',#2328,.T.);
#2527=FACE_BOUND('',#2329,.T.);
#2528=FACE_BOUND('',#2330,.T.);
#2529=FACE_BOUND('',#2331,.T.);
#2530=FACE_BOUND('',#2332,.T.);
#2531=FACE_BOUND('',#2333,.T.);
#2532=FACE_BOUND('',#2334,.T.);
#2533=FACE_BOUND('',#2335,.T.);
#2534=FACE_BOUND('',#2336,.T.);
#2535=FACE_BOUND('',#2337,.T.);
#2536=FACE_BOUND('',#2338,.T.);
#2537=FACE_BOUND('',#2339,.T.);
#2538=FACE_BOUND('',#2340,.T.);
#2539=FACE_BOUND('',#2341,.T.);
#2540=FACE_BOUND('',#2342,.T.);
#2541=FACE_BOUND('',#2343,.T.);
#2542=FACE_BOUND('',#2344,.T.);
#2543=FACE_BOUND('',#2345,.T.);
#2544=FACE_BOUND('',#2346,.T.);
#2545=FACE_BOUND('',#2347,.T.);
#2546=FACE_BOUND('',#2348,.T.);
#2547=FACE_BOUND('',#2349,.T.);
#2548=FACE_BOUND('',#2350,.T.);
#2549=FACE_BOUND('',#2351,.T.);
#2550=FACE_BOUND('',#2352,.T.);
#2551=FACE_BOUND('',#2353,.T.);
#2552=FACE_BOUND('',#2354,.T.);
#2553=FACE_BOUND('',#2355,.T.);
#2554=FACE_BOUND('',#2356,.T.);
#2555=FACE_BOUND('',#2357,.T.);
#2556=FACE_BOUND('',#2358,.T.);
#2557=FACE_BOUND('',#2359,.T.);
#2558=FACE_BOUND('',#2360,.T.);
#2559=FACE_BOUND('',#2361,.T.);
#2560=FACE_BOUND('',#2362,.T.);
#2561=FACE_BOUND('',#2363,.T.);
#2562=FACE_BOUND('',#2364,.T.);
#2563=FACE_BOUND('',#2365,.T.);
#2564=FACE_BOUND('',#2366,.T.);
#2565=FACE_BOUND('',#2367,.T.);
#2566=FACE_BOUND('',#2368,.T.);
#2567=FACE_BOUND('',#2369,.T.);
#2568=FACE_BOUND('',#2370,.T.);
#2569=FACE_BOUND('',#2371,.T.);
#2570=FACE_BOUND('',#2372,.T.);
#2571=FACE_BOUND('',#2373,.T.);
#2572=FACE_BOUND('',#2374,.T.);
#2573=FACE_BOUND('',#2375,.T.);
#2574=FACE_BOUND('',#2376,.T.);
#2575=FACE_BOUND('',#2377,.T.);
#2576=FACE_BOUND('',#2378,.T.);
#2577=FACE_BOUND('',#2379,.T.);
#2578=FACE_BOUND('',#2380,.T.);
#2579=FACE_BOUND('',#2381,.T.);
#2580=FACE_BOUND('',#2382,.T.);
#2581=FACE_BOUND('',#2383,.T.);
#2582=FACE_BOUND('',#2384,.T.);
#2583=FACE_BOUND('',#2385,.T.);
#2584=FACE_BOUND('',#2386,.T.);
#2585=FACE_BOUND('',#2387,.T.);
#2586=FACE_BOUND('',#2388,.T.);
#2587=FACE_BOUND('',#2389,.T.);
#2588=FACE_BOUND('',#2390,.T.);
#2589=FACE_BOUND('',#2391,.T.);
#2590=FACE_BOUND('',#2392,.T.);
#2591=FACE_BOUND('',#2393,.T.);
#2592=FACE_BOUND('',#2394,.T.);
#2593=FACE_BOUND('',#2395,.T.);
#2594=FACE_BOUND('',#2396,.T.);
#2595=FACE_BOUND('',#2397,.T.);
#2596=FACE_BOUND('',#2398,.T.);
#2597=FACE_BOUND('',#2399,.T.);
#2598=FACE_BOUND('',#2400,.T.);
#2599=FACE_BOUND('',#2401,.T.);
#2600=FACE_BOUND('',#2402,.T.);
#2601=FACE_BOUND('',#2403,.T.);
#2602=FACE_BOUND('',#2404,.T.);
#2603=FACE_BOUND('',#2405,.T.);
#2604=FACE_BOUND('',#2406,.T.);
#2605=FACE_BOUND('',#2407,.T.);
#2606=FACE_BOUND('',#2408,.T.);
#2607=FACE_BOUND('',#2409,.T.);
#2608=FACE_BOUND('',#2410,.T.);
#2609=FACE_BOUND('',#2411,.T.);
#2610=FACE_BOUND('',#2412,.T.);
#2611=FACE_BOUND('',#2413,.T.);
#2612=FACE_BOUND('',#2414,.T.);
#2613=FACE_BOUND('',#2415,.T.);
#2614=FACE_BOUND('',#2416,.T.);
#2615=FACE_BOUND('',#2417,.T.);
#2616=FACE_BOUND('',#2418,.T.);
#2617=FACE_BOUND('',#2419,.T.);
#2618=FACE_BOUND('',#2420,.T.);
#2619=FACE_BOUND('',#2421,.T.);
#2620=FACE_BOUND('',#2422,.T.);
#2621=FACE_BOUND('',#2423,.T.);
#2622=FACE_BOUND('',#2424,.T.);
#2623=FACE_BOUND('',#2425,.T.);
#2624=FACE_BOUND('',#2426,.T.);
#2625=FACE_BOUND('',#2427,.T.);
#2626=FACE_BOUND('',#2428,.T.);
#2627=PLANE('',#2909);
#2628=PLANE('',#2919);
#2629=PLANE('',#2929);
#2630=PLANE('',#2932);
#2631=PLANE('',#2933);
#2632=PLANE('',#2934);
#2633=PLANE('',#2937);
#2634=PLANE('',#2938);
#2635=PLANE('',#2939);
#2636=PLANE('',#2940);
#2637=PLANE('',#2941);
#2638=PLANE('',#2944);
#2639=PLANE('',#2945);
#2640=PLANE('',#2946);
#2641=PLANE('',#2949);
#2642=PLANE('',#2950);
#2643=PLANE('',#2951);
#2644=PLANE('',#2952);
#2645=PLANE('',#2953);
#2646=PLANE('',#2954);
#2647=PLANE('',#2955);
#2648=PLANE('',#2956);
#2649=PLANE('',#2957);
#2650=PLANE('',#2958);
#2651=PLANE('',#2959);
#2652=PLANE('',#2960);
#2653=PLANE('',#2961);
#2654=PLANE('',#2962);
#2655=PLANE('',#2963);
#2656=PLANE('',#2964);
#2657=PLANE('',#2965);
#2658=PLANE('',#2966);
#2659=PLANE('',#2967);
#2660=PLANE('',#2968);
#2661=PLANE('',#2969);
#2662=PLANE('',#2970);
#2663=PLANE('',#2971);
#2664=PLANE('',#2972);
#2665=PLANE('',#2973);
#2666=PLANE('',#2976);
#2667=PLANE('',#2977);
#2668=PLANE('',#2978);
#2669=PLANE('',#2981);
#2670=PLANE('',#2982);
#2671=PLANE('',#2983);
#2672=PLANE('',#2986);
#2673=PLANE('',#2987);
#2674=PLANE('',#2988);
#2675=PLANE('',#2991);
#2676=PLANE('',#2992);
#2677=PLANE('',#2993);
#2678=PLANE('',#2994);
#2679=PLANE('',#2995);
#2680=PLANE('',#2996);
#2681=PLANE('',#2997);
#2682=PLANE('',#2998);
#2683=PLANE('',#2999);
#2684=PLANE('',#3000);
#2685=PLANE('',#3001);
#2686=PLANE('',#3002);
#2687=PLANE('',#3003);
#2688=PLANE('',#3004);
#2689=PLANE('',#3005);
#2690=PLANE('',#3006);
#2691=PLANE('',#3007);
#2692=PLANE('',#3008);
#2693=PLANE('',#3009);
#2694=PLANE('',#3010);
#2695=PLANE('',#3011);
#2696=PLANE('',#3012);
#2697=PLANE('',#3013);
#2698=PLANE('',#3014);
#2699=PLANE('',#3016);
#2700=PLANE('',#3017);
#2701=PLANE('',#3018);
#2702=PLANE('',#3019);
#2703=PLANE('',#3020);
#2704=PLANE('',#3021);
#2705=PLANE('',#3022);
#2706=PLANE('',#3023);
#2707=PLANE('',#3024);
#2708=PLANE('',#3025);
#2709=PLANE('',#3026);
#2710=PLANE('',#3027);
#2711=PLANE('',#3028);
#2712=PLANE('',#3029);
#2713=PLANE('',#3030);
#2714=PLANE('',#3031);
#2715=PLANE('',#3032);
#2716=PLANE('',#3033);
#2717=PLANE('',#3034);
#2718=PLANE('',#3035);
#2719=PLANE('',#3036);
#2720=PLANE('',#3037);
#2721=PLANE('',#3038);
#2722=PLANE('',#3039);
#2723=PLANE('',#3040);
#2724=PLANE('',#3041);
#2725=PLANE('',#3042);
#2726=PLANE('',#3043);
#2727=PLANE('',#3044);
#2728=PLANE('',#3045);
#2729=PLANE('',#3046);
#2730=PLANE('',#3047);
#2731=PLANE('',#3048);
#2732=PLANE('',#3049);
#2733=PLANE('',#3050);
#2734=PLANE('',#3051);
#2735=PLANE('',#3052);
#2736=PLANE('',#3053);
#2737=PLANE('',#3054);
#2738=PLANE('',#3055);
#2739=PLANE('',#3056);
#2740=PLANE('',#3057);
#2741=PLANE('',#3058);
#2742=PLANE('',#3059);
#2743=PLANE('',#3060);
#2744=PLANE('',#3061);
#2745=PLANE('',#3062);
#2746=PLANE('',#3063);
#2747=PLANE('',#3064);
#2748=PLANE('',#3065);
#2749=PLANE('',#3066);
#2750=PLANE('',#3067);
#2751=PLANE('',#3068);
#2752=PLANE('',#3069);
#2753=PLANE('',#3070);
#2754=PLANE('',#3071);
#2755=PLANE('',#3072);
#2756=PLANE('',#3073);
#2757=ADVANCED_FACE('',(#2429,#2430,#2431,#2432,#2433,#2434,#2435,#2436,
#2437,#2438,#2439,#2440,#2441,#2442,#2443,#2444,#2445,#2446,#2447,#2448,
#2449,#2450,#2451,#2452,#2453,#2454),#2627,.T.);
#2758=ADVANCED_FACE('',(#2455,#2456,#2457,#2458,#2459,#2460,#2461,#2462,
#2463,#2464,#2465,#2466,#2467,#2468,#2469,#2470,#2471,#2472,#2473,#2474,
#2475,#2476,#2477,#2478,#2479,#2480),#2628,.F.);
#2759=ADVANCED_FACE('',(#2481),#2629,.T.);
#2760=ADVANCED_FACE('',(#2482,#2483),#12,.T.);
#2761=ADVANCED_FACE('',(#2484),#2630,.F.);
#2762=ADVANCED_FACE('',(#2485),#2631,.F.);
#2763=ADVANCED_FACE('',(#2486),#2632,.T.);
#2764=ADVANCED_FACE('',(#2487,#2488),#13,.T.);
#2765=ADVANCED_FACE('',(#2489),#2633,.F.);
#2766=ADVANCED_FACE('',(#2490),#2634,.F.);
#2767=ADVANCED_FACE('',(#2491),#2635,.F.);
#2768=ADVANCED_FACE('',(#2492),#2636,.F.);
#2769=ADVANCED_FACE('',(#2493),#2637,.T.);
#2770=ADVANCED_FACE('',(#2494,#2495),#14,.T.);
#2771=ADVANCED_FACE('',(#2496),#2638,.F.);
#2772=ADVANCED_FACE('',(#2497),#2639,.T.);
#2773=ADVANCED_FACE('',(#2498),#2640,.T.);
#2774=ADVANCED_FACE('',(#2499,#2500),#15,.T.);
#2775=ADVANCED_FACE('',(#2501),#2641,.F.);
#2776=ADVANCED_FACE('',(#2502),#2642,.T.);
#2777=ADVANCED_FACE('',(#2503),#2643,.T.);
#2778=ADVANCED_FACE('',(#2504),#2644,.T.);
#2779=ADVANCED_FACE('',(#2505),#2645,.T.);
#2780=ADVANCED_FACE('',(#2506),#2646,.T.);
#2781=ADVANCED_FACE('',(#2507),#2647,.T.);
#2782=ADVANCED_FACE('',(#2508),#2648,.T.);
#2783=ADVANCED_FACE('',(#2509),#2649,.T.);
#2784=ADVANCED_FACE('',(#2510),#2650,.F.);
#2785=ADVANCED_FACE('',(#2511),#2651,.T.);
#2786=ADVANCED_FACE('',(#2512),#2652,.T.);
#2787=ADVANCED_FACE('',(#2513),#2653,.F.);
#2788=ADVANCED_FACE('',(#2514),#2654,.T.);
#2789=ADVANCED_FACE('',(#2515),#2655,.T.);
#2790=ADVANCED_FACE('',(#2516),#2656,.F.);
#2791=ADVANCED_FACE('',(#2517),#2657,.T.);
#2792=ADVANCED_FACE('',(#2518),#2658,.T.);
#2793=ADVANCED_FACE('',(#2519),#2659,.T.);
#2794=ADVANCED_FACE('',(#2520),#2660,.T.);
#2795=ADVANCED_FACE('',(#2521),#2661,.F.);
#2796=ADVANCED_FACE('',(#2522),#2662,.F.);
#2797=ADVANCED_FACE('',(#2523),#2663,.T.);
#2798=ADVANCED_FACE('',(#2524),#2664,.T.);
#2799=ADVANCED_FACE('',(#2525),#2665,.F.);
#2800=ADVANCED_FACE('',(#2526,#2527),#16,.T.);
#2801=ADVANCED_FACE('',(#2528),#2666,.T.);
#2802=ADVANCED_FACE('',(#2529),#2667,.T.);
#2803=ADVANCED_FACE('',(#2530),#2668,.F.);
#2804=ADVANCED_FACE('',(#2531,#2532),#17,.T.);
#2805=ADVANCED_FACE('',(#2533),#2669,.F.);
#2806=ADVANCED_FACE('',(#2534),#2670,.F.);
#2807=ADVANCED_FACE('',(#2535),#2671,.T.);
#2808=ADVANCED_FACE('',(#2536,#2537),#18,.T.);
#2809=ADVANCED_FACE('',(#2538),#2672,.T.);
#2810=ADVANCED_FACE('',(#2539),#2673,.F.);
#2811=ADVANCED_FACE('',(#2540),#2674,.F.);
#2812=ADVANCED_FACE('',(#2541,#2542),#19,.T.);
#2813=ADVANCED_FACE('',(#2543),#2675,.T.);
#2814=ADVANCED_FACE('',(#2544),#2676,.F.);
#2815=ADVANCED_FACE('',(#2545),#2677,.T.);
#2816=ADVANCED_FACE('',(#2546),#2678,.T.);
#2817=ADVANCED_FACE('',(#2547),#2679,.F.);
#2818=ADVANCED_FACE('',(#2548),#2680,.F.);
#2819=ADVANCED_FACE('',(#2549),#2681,.F.);
#2820=ADVANCED_FACE('',(#2550),#2682,.F.);
#2821=ADVANCED_FACE('',(#2551),#2683,.F.);
#2822=ADVANCED_FACE('',(#2552),#2684,.T.);
#2823=ADVANCED_FACE('',(#2553),#2685,.F.);
#2824=ADVANCED_FACE('',(#2554),#2686,.F.);
#2825=ADVANCED_FACE('',(#2555),#2687,.T.);
#2826=ADVANCED_FACE('',(#2556),#2688,.F.);
#2827=ADVANCED_FACE('',(#2557),#2689,.F.);
#2828=ADVANCED_FACE('',(#2558),#2690,.T.);
#2829=ADVANCED_FACE('',(#2559),#2691,.F.);
#2830=ADVANCED_FACE('',(#2560),#2692,.F.);
#2831=ADVANCED_FACE('',(#2561),#2693,.T.);
#2832=ADVANCED_FACE('',(#2562),#2694,.F.);
#2833=ADVANCED_FACE('',(#2563),#2695,.F.);
#2834=ADVANCED_FACE('',(#2564),#2696,.F.);
#2835=ADVANCED_FACE('',(#2565),#2697,.F.);
#2836=ADVANCED_FACE('',(#2566),#2698,.F.);
#2837=ADVANCED_FACE('',(#2567,#2568),#20,.F.);
#2838=ADVANCED_FACE('',(#2569),#2699,.T.);
#2839=ADVANCED_FACE('',(#2570),#2700,.F.);
#2840=ADVANCED_FACE('',(#2571),#2701,.T.);
#2841=ADVANCED_FACE('',(#2572),#2702,.T.);
#2842=ADVANCED_FACE('',(#2573),#2703,.T.);
#2843=ADVANCED_FACE('',(#2574),#2704,.T.);
#2844=ADVANCED_FACE('',(#2575),#2705,.T.);
#2845=ADVANCED_FACE('',(#2576),#2706,.F.);
#2846=ADVANCED_FACE('',(#2577),#2707,.T.);
#2847=ADVANCED_FACE('',(#2578),#2708,.T.);
#2848=ADVANCED_FACE('',(#2579),#2709,.T.);
#2849=ADVANCED_FACE('',(#2580),#2710,.T.);
#2850=ADVANCED_FACE('',(#2581),#2711,.F.);
#2851=ADVANCED_FACE('',(#2582),#2712,.T.);
#2852=ADVANCED_FACE('',(#2583),#2713,.T.);
#2853=ADVANCED_FACE('',(#2584),#2714,.F.);
#2854=ADVANCED_FACE('',(#2585),#2715,.F.);
#2855=ADVANCED_FACE('',(#2586),#2716,.T.);
#2856=ADVANCED_FACE('',(#2587),#2717,.T.);
#2857=ADVANCED_FACE('',(#2588),#2718,.F.);
#2858=ADVANCED_FACE('',(#2589),#2719,.F.);
#2859=ADVANCED_FACE('',(#2590),#2720,.T.);
#2860=ADVANCED_FACE('',(#2591),#2721,.T.);
#2861=ADVANCED_FACE('',(#2592),#2722,.F.);
#2862=ADVANCED_FACE('',(#2593),#2723,.F.);
#2863=ADVANCED_FACE('',(#2594),#2724,.T.);
#2864=ADVANCED_FACE('',(#2595),#2725,.T.);
#2865=ADVANCED_FACE('',(#2596),#2726,.F.);
#2866=ADVANCED_FACE('',(#2597),#2727,.F.);
#2867=ADVANCED_FACE('',(#2598),#2728,.T.);
#2868=ADVANCED_FACE('',(#2599),#2729,.F.);
#2869=ADVANCED_FACE('',(#2600),#2730,.F.);
#2870=ADVANCED_FACE('',(#2601),#2731,.T.);
#2871=ADVANCED_FACE('',(#2602),#2732,.T.);
#2872=ADVANCED_FACE('',(#2603),#2733,.T.);
#2873=ADVANCED_FACE('',(#2604),#2734,.F.);
#2874=ADVANCED_FACE('',(#2605),#2735,.T.);
#2875=ADVANCED_FACE('',(#2606),#2736,.F.);
#2876=ADVANCED_FACE('',(#2607),#2737,.F.);
#2877=ADVANCED_FACE('',(#2608),#2738,.F.);
#2878=ADVANCED_FACE('',(#2609),#2739,.T.);
#2879=ADVANCED_FACE('',(#2610),#2740,.T.);
#2880=ADVANCED_FACE('',(#2611),#2741,.T.);
#2881=ADVANCED_FACE('',(#2612),#2742,.F.);
#2882=ADVANCED_FACE('',(#2613),#2743,.F.);
#2883=ADVANCED_FACE('',(#2614),#2744,.T.);
#2884=ADVANCED_FACE('',(#2615),#2745,.T.);
#2885=ADVANCED_FACE('',(#2616),#2746,.F.);
#2886=ADVANCED_FACE('',(#2617),#2747,.F.);
#2887=ADVANCED_FACE('',(#2618),#2748,.T.);
#2888=ADVANCED_FACE('',(#2619),#2749,.F.);
#2889=ADVANCED_FACE('',(#2620),#2750,.F.);
#2890=ADVANCED_FACE('',(#2621),#2751,.T.);
#2891=ADVANCED_FACE('',(#2622),#2752,.T.);
#2892=ADVANCED_FACE('',(#2623),#2753,.T.);
#2893=ADVANCED_FACE('',(#2624),#2754,.F.);
#2894=ADVANCED_FACE('',(#2625),#2755,.F.);
#2895=ADVANCED_FACE('',(#2626),#2756,.T.);
#2896=CLOSED_SHELL('',(#2757,#2758,#2759,#2760,#2761,#2762,#2763,#2764,
#2765,#2766,#2767,#2768,#2769,#2770,#2771,#2772,#2773,#2774,#2775,#2776,
#2777,#2778,#2779,#2780,#2781,#2782,#2783,#2784,#2785,#2786,#2787,#2788,
#2789,#2790,#2791,#2792,#2793,#2794,#2795,#2796,#2797,#2798,#2799,#2800,
#2801,#2802,#2803,#2804,#2805,#2806,#2807,#2808,#2809,#2810,#2811,#2812,
#2813,#2814,#2815,#2816,#2817,#2818,#2819,#2820,#2821,#2822,#2823,#2824,
#2825,#2826,#2827,#2828,#2829,#2830,#2831,#2832,#2833,#2834,#2835,#2836,
#2837,#2838,#2839,#2840,#2841,#2842,#2843,#2844,#2845,#2846,#2847,#2848,
#2849,#2850,#2851,#2852,#2853,#2854,#2855,#2856,#2857,#2858,#2859,#2860,
#2861,#2862,#2863,#2864,#2865,#2866,#2867,#2868,#2869,#2870,#2871,#2872,
#2873,#2874,#2875,#2876,#2877,#2878,#2879,#2880,#2881,#2882,#2883,#2884,
#2885,#2886,#2887,#2888,#2889,#2890,#2891,#2892,#2893,#2894,#2895));
#2897=STYLED_ITEM('',(#2898),#2905);
#2898=PRESENTATION_STYLE_ASSIGNMENT((#2899));
#2899=SURFACE_STYLE_USAGE(.BOTH.,#2900);
#2900=SURFACE_SIDE_STYLE('',(#2901));
#2901=SURFACE_STYLE_FILL_AREA(#2902);
#2902=FILL_AREA_STYLE('',(#2903));
#2903=FILL_AREA_STYLE_COLOUR('',#2904);
#2904=COLOUR_RGB('',0.615686274509804,0.811764705882353,0.929411764705882);
#2905=MANIFOLD_SOLID_BREP('Part 1',#2896);
#2906=SHAPE_DEFINITION_REPRESENTATION(#4580,#2907);
#2907=SHAPE_REPRESENTATION('Part 1',(#2908),#4575);
#2908=AXIS2_PLACEMENT_3D('',#3774,#3074,#3075);
#2909=AXIS2_PLACEMENT_3D('',#3775,#3076,#3077);
#2910=AXIS2_PLACEMENT_3D('',#3800,#3090,#3091);
#2911=AXIS2_PLACEMENT_3D('',#3813,#3097,#3098);
#2912=AXIS2_PLACEMENT_3D('',#3821,#3102,#3103);
#2913=AXIS2_PLACEMENT_3D('',#3833,#3109,#3110);
#2914=AXIS2_PLACEMENT_3D('',#3864,#3126,#3127);
#2915=AXIS2_PLACEMENT_3D('',#3933,#3161,#3162);
#2916=AXIS2_PLACEMENT_3D('',#3941,#3166,#3167);
#2917=AXIS2_PLACEMENT_3D('',#3949,#3171,#3172);
#2918=AXIS2_PLACEMENT_3D('',#3957,#3176,#3177);
#2919=AXIS2_PLACEMENT_3D('',#4034,#3216,#3217);
#2920=AXIS2_PLACEMENT_3D('',#4099,#3250,#3251);
#2921=AXIS2_PLACEMENT_3D('',#4104,#3253,#3254);
#2922=AXIS2_PLACEMENT_3D('',#4112,#3258,#3259);
#2923=AXIS2_PLACEMENT_3D('',#4120,#3263,#3264);
#2924=AXIS2_PLACEMENT_3D('',#4128,#3268,#3269);
#2925=AXIS2_PLACEMENT_3D('',#4181,#3296,#3297);
#2926=AXIS2_PLACEMENT_3D('',#4194,#3303,#3304);
#2927=AXIS2_PLACEMENT_3D('',#4202,#3308,#3309);
#2928=AXIS2_PLACEMENT_3D('',#4214,#3315,#3316);
#2929=AXIS2_PLACEMENT_3D('',#4293,#3356,#3357);
#2930=AXIS2_PLACEMENT_3D('',#4296,#3360,#3361);
#2931=AXIS2_PLACEMENT_3D('',#4299,#3364,#3365);
#2932=AXIS2_PLACEMENT_3D('',#4301,#3366,#3367);
#2933=AXIS2_PLACEMENT_3D('',#4303,#3369,#3370);
#2934=AXIS2_PLACEMENT_3D('',#4305,#3372,#3373);
#2935=AXIS2_PLACEMENT_3D('',#4307,#3375,#3376);
#2936=AXIS2_PLACEMENT_3D('',#4309,#3378,#3379);
#2937=AXIS2_PLACEMENT_3D('',#4311,#3380,#3381);
#2938=AXIS2_PLACEMENT_3D('',#4313,#3383,#3384);
#2939=AXIS2_PLACEMENT_3D('',#4315,#3386,#3387);
#2940=AXIS2_PLACEMENT_3D('',#4317,#3389,#3390);
#2941=AXIS2_PLACEMENT_3D('',#4319,#3392,#3393);
#2942=AXIS2_PLACEMENT_3D('',#4321,#3395,#3396);
#2943=AXIS2_PLACEMENT_3D('',#4323,#3398,#3399);
#2944=AXIS2_PLACEMENT_3D('',#4325,#3400,#3401);
#2945=AXIS2_PLACEMENT_3D('',#4327,#3403,#3404);
#2946=AXIS2_PLACEMENT_3D('',#4329,#3406,#3407);
#2947=AXIS2_PLACEMENT_3D('',#4331,#3409,#3410);
#2948=AXIS2_PLACEMENT_3D('',#4333,#3412,#3413);
#2949=AXIS2_PLACEMENT_3D('',#4335,#3414,#3415);
#2950=AXIS2_PLACEMENT_3D('',#4337,#3417,#3418);
#2951=AXIS2_PLACEMENT_3D('',#4339,#3420,#3421);
#2952=AXIS2_PLACEMENT_3D('',#4341,#3423,#3424);
#2953=AXIS2_PLACEMENT_3D('',#4343,#3426,#3427);
#2954=AXIS2_PLACEMENT_3D('',#4344,#3428,#3429);
#2955=AXIS2_PLACEMENT_3D('',#4345,#3430,#3431);
#2956=AXIS2_PLACEMENT_3D('',#4346,#3432,#3433);
#2957=AXIS2_PLACEMENT_3D('',#4347,#3434,#3435);
#2958=AXIS2_PLACEMENT_3D('',#4348,#3436,#3437);
#2959=AXIS2_PLACEMENT_3D('',#4351,#3440,#3441);
#2960=AXIS2_PLACEMENT_3D('',#4353,#3443,#3444);
#2961=AXIS2_PLACEMENT_3D('',#4355,#3446,#3447);
#2962=AXIS2_PLACEMENT_3D('',#4358,#3450,#3451);
#2963=AXIS2_PLACEMENT_3D('',#4360,#3453,#3454);
#2964=AXIS2_PLACEMENT_3D('',#4362,#3456,#3457);
#2965=AXIS2_PLACEMENT_3D('',#4365,#3460,#3461);
#2966=AXIS2_PLACEMENT_3D('',#4367,#3463,#3464);
#2967=AXIS2_PLACEMENT_3D('',#4369,#3466,#3467);
#2968=AXIS2_PLACEMENT_3D('',#4372,#3470,#3471);
#2969=AXIS2_PLACEMENT_3D('',#4374,#3473,#3474);
#2970=AXIS2_PLACEMENT_3D('',#4376,#3476,#3477);
#2971=AXIS2_PLACEMENT_3D('',#4379,#3480,#3481);
#2972=AXIS2_PLACEMENT_3D('',#4381,#3483,#3484);
#2973=AXIS2_PLACEMENT_3D('',#4383,#3486,#3487);
#2974=AXIS2_PLACEMENT_3D('',#4386,#3490,#3491);
#2975=AXIS2_PLACEMENT_3D('',#4388,#3493,#3494);
#2976=AXIS2_PLACEMENT_3D('',#4390,#3495,#3496);
#2977=AXIS2_PLACEMENT_3D('',#4392,#3498,#3499);
#2978=AXIS2_PLACEMENT_3D('',#4394,#3501,#3502);
#2979=AXIS2_PLACEMENT_3D('',#4396,#3504,#3505);
#2980=AXIS2_PLACEMENT_3D('',#4398,#3507,#3508);
#2981=AXIS2_PLACEMENT_3D('',#4400,#3509,#3510);
#2982=AXIS2_PLACEMENT_3D('',#4402,#3512,#3513);
#2983=AXIS2_PLACEMENT_3D('',#4404,#3515,#3516);
#2984=AXIS2_PLACEMENT_3D('',#4406,#3518,#3519);
#2985=AXIS2_PLACEMENT_3D('',#4408,#3521,#3522);
#2986=AXIS2_PLACEMENT_3D('',#4410,#3523,#3524);
#2987=AXIS2_PLACEMENT_3D('',#4412,#3526,#3527);
#2988=AXIS2_PLACEMENT_3D('',#4414,#3529,#3530);
#2989=AXIS2_PLACEMENT_3D('',#4416,#3532,#3533);
#2990=AXIS2_PLACEMENT_3D('',#4418,#3535,#3536);
#2991=AXIS2_PLACEMENT_3D('',#4420,#3537,#3538);
#2992=AXIS2_PLACEMENT_3D('',#4422,#3540,#3541);
#2993=AXIS2_PLACEMENT_3D('',#4425,#3544,#3545);
#2994=AXIS2_PLACEMENT_3D('',#4427,#3547,#3548);
#2995=AXIS2_PLACEMENT_3D('',#4429,#3550,#3551);
#2996=AXIS2_PLACEMENT_3D('',#4432,#3554,#3555);
#2997=AXIS2_PLACEMENT_3D('',#4434,#3557,#3558);
#2998=AXIS2_PLACEMENT_3D('',#4436,#3560,#3561);
#2999=AXIS2_PLACEMENT_3D('',#4439,#3564,#3565);
#3000=AXIS2_PLACEMENT_3D('',#4441,#3567,#3568);
#3001=AXIS2_PLACEMENT_3D('',#4443,#3570,#3571);
#3002=AXIS2_PLACEMENT_3D('',#4446,#3574,#3575);
#3003=AXIS2_PLACEMENT_3D('',#4448,#3577,#3578);
#3004=AXIS2_PLACEMENT_3D('',#4450,#3580,#3581);
#3005=AXIS2_PLACEMENT_3D('',#4453,#3584,#3585);
#3006=AXIS2_PLACEMENT_3D('',#4455,#3587,#3588);
#3007=AXIS2_PLACEMENT_3D('',#4457,#3590,#3591);
#3008=AXIS2_PLACEMENT_3D('',#4460,#3594,#3595);
#3009=AXIS2_PLACEMENT_3D('',#4462,#3597,#3598);
#3010=AXIS2_PLACEMENT_3D('',#4464,#3600,#3601);
#3011=AXIS2_PLACEMENT_3D('',#4467,#3604,#3605);
#3012=AXIS2_PLACEMENT_3D('',#4468,#3606,#3607);
#3013=AXIS2_PLACEMENT_3D('',#4469,#3608,#3609);
#3014=AXIS2_PLACEMENT_3D('',#4470,#3610,#3611);
#3015=AXIS2_PLACEMENT_3D('',#4471,#3612,#3613);
#3016=AXIS2_PLACEMENT_3D('',#4472,#3614,#3615);
#3017=AXIS2_PLACEMENT_3D('',#4473,#3616,#3617);
#3018=AXIS2_PLACEMENT_3D('',#4474,#3618,#3619);
#3019=AXIS2_PLACEMENT_3D('',#4475,#3620,#3621);
#3020=AXIS2_PLACEMENT_3D('',#4476,#3622,#3623);
#3021=AXIS2_PLACEMENT_3D('',#4477,#3624,#3625);
#3022=AXIS2_PLACEMENT_3D('',#4478,#3626,#3627);
#3023=AXIS2_PLACEMENT_3D('',#4479,#3628,#3629);
#3024=AXIS2_PLACEMENT_3D('',#4480,#3630,#3631);
#3025=AXIS2_PLACEMENT_3D('',#4481,#3632,#3633);
#3026=AXIS2_PLACEMENT_3D('',#4482,#3634,#3635);
#3027=AXIS2_PLACEMENT_3D('',#4483,#3636,#3637);
#3028=AXIS2_PLACEMENT_3D('',#4484,#3638,#3639);
#3029=AXIS2_PLACEMENT_3D('',#4485,#3640,#3641);
#3030=AXIS2_PLACEMENT_3D('',#4486,#3642,#3643);
#3031=AXIS2_PLACEMENT_3D('',#4489,#3646,#3647);
#3032=AXIS2_PLACEMENT_3D('',#4491,#3649,#3650);
#3033=AXIS2_PLACEMENT_3D('',#4493,#3652,#3653);
#3034=AXIS2_PLACEMENT_3D('',#4494,#3654,#3655);
#3035=AXIS2_PLACEMENT_3D('',#4497,#3658,#3659);
#3036=AXIS2_PLACEMENT_3D('',#4499,#3661,#3662);
#3037=AXIS2_PLACEMENT_3D('',#4501,#3664,#3665);
#3038=AXIS2_PLACEMENT_3D('',#4502,#3666,#3667);
#3039=AXIS2_PLACEMENT_3D('',#4505,#3670,#3671);
#3040=AXIS2_PLACEMENT_3D('',#4507,#3673,#3674);
#3041=AXIS2_PLACEMENT_3D('',#4509,#3676,#3677);
#3042=AXIS2_PLACEMENT_3D('',#4510,#3678,#3679);
#3043=AXIS2_PLACEMENT_3D('',#4513,#3682,#3683);
#3044=AXIS2_PLACEMENT_3D('',#4515,#3685,#3686);
#3045=AXIS2_PLACEMENT_3D('',#4517,#3688,#3689);
#3046=AXIS2_PLACEMENT_3D('',#4518,#3690,#3691);
#3047=AXIS2_PLACEMENT_3D('',#4521,#3694,#3695);
#3048=AXIS2_PLACEMENT_3D('',#4524,#3698,#3699);
#3049=AXIS2_PLACEMENT_3D('',#4527,#3702,#3703);
#3050=AXIS2_PLACEMENT_3D('',#4530,#3706,#3707);
#3051=AXIS2_PLACEMENT_3D('',#4531,#3708,#3709);
#3052=AXIS2_PLACEMENT_3D('',#4532,#3710,#3711);
#3053=AXIS2_PLACEMENT_3D('',#4533,#3712,#3713);
#3054=AXIS2_PLACEMENT_3D('',#4534,#3714,#3715);
#3055=AXIS2_PLACEMENT_3D('',#4537,#3718,#3719);
#3056=AXIS2_PLACEMENT_3D('',#4539,#3721,#3722);
#3057=AXIS2_PLACEMENT_3D('',#4541,#3724,#3725);
#3058=AXIS2_PLACEMENT_3D('',#4542,#3726,#3727);
#3059=AXIS2_PLACEMENT_3D('',#4545,#3730,#3731);
#3060=AXIS2_PLACEMENT_3D('',#4547,#3733,#3734);
#3061=AXIS2_PLACEMENT_3D('',#4549,#3736,#3737);
#3062=AXIS2_PLACEMENT_3D('',#4550,#3738,#3739);
#3063=AXIS2_PLACEMENT_3D('',#4553,#3742,#3743);
#3064=AXIS2_PLACEMENT_3D('',#4555,#3745,#3746);
#3065=AXIS2_PLACEMENT_3D('',#4557,#3748,#3749);
#3066=AXIS2_PLACEMENT_3D('',#4558,#3750,#3751);
#3067=AXIS2_PLACEMENT_3D('',#4561,#3754,#3755);
#3068=AXIS2_PLACEMENT_3D('',#4563,#3757,#3758);
#3069=AXIS2_PLACEMENT_3D('',#4565,#3760,#3761);
#3070=AXIS2_PLACEMENT_3D('',#4566,#3762,#3763);
#3071=AXIS2_PLACEMENT_3D('',#4569,#3766,#3767);
#3072=AXIS2_PLACEMENT_3D('',#4571,#3769,#3770);
#3073=AXIS2_PLACEMENT_3D('',#4573,#3772,#3773);
#3074=DIRECTION('',(0.,0.,1.));
#3075=DIRECTION('',(1.,0.,0.));
#3076=DIRECTION('',(0.,0.,1.));
#3077=DIRECTION('',(1.,0.,0.));
#3078=DIRECTION('',(-1.,0.,0.));
#3079=DIRECTION('',(0.,-1.,0.));
#3080=DIRECTION('',(-1.,0.,0.));
#3081=DIRECTION('',(0.,-1.,0.));
#3082=DIRECTION('',(-1.,0.,0.));
#3083=DIRECTION('',(0.,-1.,0.));
#3084=DIRECTION('',(-1.,0.,0.));
#3085=DIRECTION('',(0.,-1.,0.));
#3086=DIRECTION('',(1.,0.,0.));
#3087=DIRECTION('',(0.,1.,0.));
#3088=DIRECTION('',(1.,0.,0.));
#3089=DIRECTION('',(-2.36723929043448E-16,1.,0.));
#3090=DIRECTION('',(0.,0.,1.));
#3091=DIRECTION('',(1.,0.,0.));
#3092=DIRECTION('',(-0.5,-0.866025403784439,0.));
#3093=DIRECTION('',(1.,0.,0.));
#3094=DIRECTION('',(0.,-1.,0.));
#3095=DIRECTION('',(-1.,0.,0.));
#3096=DIRECTION('',(-0.5,0.866025403784439,0.));
#3097=DIRECTION('',(0.,0.,1.));
#3098=DIRECTION('',(1.,0.,0.));
#3099=DIRECTION('',(0.5,0.866025403784439,0.));
#3100=DIRECTION('',(1.,-4.84390499400156E-16,0.));
#3101=DIRECTION('',(-0.5,0.866025403784439,0.));
#3102=DIRECTION('',(0.,0.,1.));
#3103=DIRECTION('',(1.,0.,0.));
#3104=DIRECTION('',(0.5,0.866025403784439,0.));
#3105=DIRECTION('',(1.,0.,0.));
#3106=DIRECTION('',(0.,-1.,0.));
#3107=DIRECTION('',(-1.,0.,0.));
#3108=DIRECTION('',(0.5,-0.866025403784439,0.));
#3109=DIRECTION('',(0.,0.,1.));
#3110=DIRECTION('',(1.,0.,0.));
#3111=DIRECTION('',(-0.5,-0.866025403784439,0.));
#3112=DIRECTION('',(1.,3.63292874550116E-16,0.));
#3113=DIRECTION('',(0.5,-0.866025403784439,0.));
#3114=DIRECTION('',(-6.19544098563146E-17,1.,0.));
#3115=DIRECTION('',(-1.,0.,0.));
#3116=DIRECTION('',(-6.19544098563146E-17,1.,0.));
#3117=DIRECTION('',(-1.,0.,0.));
#3118=DIRECTION('',(0.,1.,0.));
#3119=DIRECTION('',(-1.,0.,0.));
#3120=DIRECTION('',(0.,1.,0.));
#3121=DIRECTION('',(-1.,0.,0.));
#3122=DIRECTION('',(0.,-1.,0.));
#3123=DIRECTION('',(1.,0.,0.));
#3124=DIRECTION('',(0.,-1.,0.));
#3125=DIRECTION('',(1.,0.,0.));
#3126=DIRECTION('',(0.,0.,1.));
#3127=DIRECTION('',(1.,0.,0.));
#3128=DIRECTION('',(0.,1.,0.));
#3129=DIRECTION('',(-1.,0.,0.));
#3130=DIRECTION('',(0.,1.,0.));
#3131=DIRECTION('',(-1.,0.,0.));
#3132=DIRECTION('',(0.,1.,0.));
#3133=DIRECTION('',(1.,0.,0.));
#3134=DIRECTION('',(0.,1.,0.));
#3135=DIRECTION('',(1.,0.,0.));
#3136=DIRECTION('',(0.,1.,0.));
#3137=DIRECTION('',(1.,0.,0.));
#3138=DIRECTION('',(0.,1.,0.));
#3139=DIRECTION('',(1.,0.,0.));
#3140=DIRECTION('',(-6.19544098563146E-17,-1.,0.));
#3141=DIRECTION('',(-1.,0.,0.));
#3142=DIRECTION('',(-6.19544098563146E-17,-1.,0.));
#3143=DIRECTION('',(-1.,0.,0.));
#3144=DIRECTION('',(0.,-1.,0.));
#3145=DIRECTION('',(-1.,0.,0.));
#3146=DIRECTION('',(0.,-1.,0.));
#3147=DIRECTION('',(-1.,0.,0.));
#3148=DIRECTION('',(0.,-1.,0.));
#3149=DIRECTION('',(-1.,0.,0.));
#3150=DIRECTION('',(0.,-1.,0.));
#3151=DIRECTION('',(1.,0.,0.));
#3152=DIRECTION('',(-1.,0.,0.));
#3153=DIRECTION('',(0.,-1.,0.));
#3154=DIRECTION('',(-1.,0.,0.));
#3155=DIRECTION('',(0.,-1.,0.));
#3156=DIRECTION('',(0.,-1.,0.));
#3157=DIRECTION('',(1.,0.,0.));
#3158=DIRECTION('',(0.,-1.,0.));
#3159=DIRECTION('',(1.,0.,0.));
#3160=DIRECTION('',(-0.5,0.866025403784439,0.));
#3161=DIRECTION('',(0.,0.,1.));
#3162=DIRECTION('',(1.,0.,0.));
#3163=DIRECTION('',(0.,-1.,0.));
#3164=DIRECTION('',(1.,0.,0.));
#3165=DIRECTION('',(0.,-1.,0.));
#3166=DIRECTION('',(0.,0.,1.));
#3167=DIRECTION('',(1.,0.,0.));
#3168=DIRECTION('',(-0.5,-0.866025403784439,0.));
#3169=DIRECTION('',(0.,-1.,0.));
#3170=DIRECTION('',(-0.5,0.866025403784439,0.));
#3171=DIRECTION('',(0.,0.,1.));
#3172=DIRECTION('',(1.,0.,0.));
#3173=DIRECTION('',(0.,1.,0.));
#3174=DIRECTION('',(1.,0.,0.));
#3175=DIRECTION('',(0.,1.,0.));
#3176=DIRECTION('',(0.,0.,1.));
#3177=DIRECTION('',(1.,0.,0.));
#3178=DIRECTION('',(-0.5,-0.866025403784439,0.));
#3179=DIRECTION('',(0.,-1.,0.));
#3180=DIRECTION('',(-1.,0.,0.));
#3181=DIRECTION('',(0.,-1.,0.));
#3182=DIRECTION('',(-1.,0.,0.));
#3183=DIRECTION('',(0.,-1.,0.));
#3184=DIRECTION('',(-1.,0.,0.));
#3185=DIRECTION('',(0.,-1.,0.));
#3186=DIRECTION('',(-1.,0.,0.));
#3187=DIRECTION('',(0.,-1.,0.));
#3188=DIRECTION('',(-1.,0.,0.));
#3189=DIRECTION('',(0.,-1.,0.));
#3190=DIRECTION('',(-1.,0.,0.));
#3191=DIRECTION('',(0.,-1.,0.));
#3192=DIRECTION('',(0.,-1.,0.));
#3193=DIRECTION('',(1.,0.,0.));
#3194=DIRECTION('',(0.,-1.,0.));
#3195=DIRECTION('',(1.,0.,0.));
#3196=DIRECTION('',(1.,0.,0.));
#3197=DIRECTION('',(0.,1.,0.));
#3198=DIRECTION('',(1.,0.,0.));
#3199=DIRECTION('',(0.,1.,0.));
#3200=DIRECTION('',(1.,0.,0.));
#3201=DIRECTION('',(0.,1.,0.));
#3202=DIRECTION('',(1.,0.,0.));
#3203=DIRECTION('',(0.,1.,0.));
#3204=DIRECTION('',(-1.,0.,0.));
#3205=DIRECTION('',(0.,-1.,0.));
#3206=DIRECTION('',(-1.,0.,0.));
#3207=DIRECTION('',(0.,-1.,0.));
#3208=DIRECTION('',(-1.,0.,0.));
#3209=DIRECTION('',(0.,-1.,0.));
#3210=DIRECTION('',(-1.,0.,0.));
#3211=DIRECTION('',(0.,-1.,0.));
#3212=DIRECTION('',(0.,-1.,0.));
#3213=DIRECTION('',(1.,0.,0.));
#3214=DIRECTION('',(0.,-1.,0.));
#3215=DIRECTION('',(1.,0.,0.));
#3216=DIRECTION('',(0.,0.,1.));
#3217=DIRECTION('',(1.,0.,0.));
#3218=DIRECTION('',(0.,-1.,0.));
#3219=DIRECTION('',(-1.,0.,0.));
#3220=DIRECTION('',(0.,-1.,0.));
#3221=DIRECTION('',(-1.,0.,0.));
#3222=DIRECTION('',(1.,0.,0.));
#3223=DIRECTION('',(0.,-1.,0.));
#3224=DIRECTION('',(1.,0.,0.));
#3225=DIRECTION('',(0.,-1.,0.));
#3226=DIRECTION('',(0.,-1.,0.));
#3227=DIRECTION('',(-1.,0.,0.));
#3228=DIRECTION('',(0.,-1.,0.));
#3229=DIRECTION('',(-1.,0.,0.));
#3230=DIRECTION('',(-1.,0.,0.));
#3231=DIRECTION('',(0.,1.,0.));
#3232=DIRECTION('',(-1.,0.,0.));
#3233=DIRECTION('',(0.,1.,0.));
#3234=DIRECTION('',(-1.,0.,0.));
#3235=DIRECTION('',(-6.19544098563146E-17,1.,0.));
#3236=DIRECTION('',(-1.,0.,0.));
#3237=DIRECTION('',(-6.19544098563146E-17,1.,0.));
#3238=DIRECTION('',(-1.,0.,0.));
#3239=DIRECTION('',(0.,1.,0.));
#3240=DIRECTION('',(-1.,0.,0.));
#3241=DIRECTION('',(0.,1.,0.));
#3242=DIRECTION('',(0.,-1.,0.));
#3243=DIRECTION('',(1.,0.,0.));
#3244=DIRECTION('',(0.,-1.,0.));
#3245=DIRECTION('',(1.,0.,0.));
#3246=DIRECTION('',(1.,0.,0.));
#3247=DIRECTION('',(0.,-1.,0.));
#3248=DIRECTION('',(1.,0.,0.));
#3249=DIRECTION('',(0.,-1.,0.));
#3250=DIRECTION('',(0.,0.,-1.));
#3251=DIRECTION('',(-1.,0.,0.));
#3252=DIRECTION('',(-0.5,-0.866025403784439,0.));
#3253=DIRECTION('',(0.,0.,1.));
#3254=DIRECTION('',(-1.,0.,0.));
#3255=DIRECTION('',(0.,-1.,0.));
#3256=DIRECTION('',(1.,0.,0.));
#3257=DIRECTION('',(0.,-1.,0.));
#3258=DIRECTION('',(0.,0.,-1.));
#3259=DIRECTION('',(-1.,0.,0.));
#3260=DIRECTION('',(-0.5,0.866025403784439,0.));
#3261=DIRECTION('',(0.,-1.,0.));
#3262=DIRECTION('',(-0.5,-0.866025403784439,0.));
#3263=DIRECTION('',(0.,0.,1.));
#3264=DIRECTION('',(-1.,0.,0.));
#3265=DIRECTION('',(0.,1.,0.));
#3266=DIRECTION('',(1.,0.,0.));
#3267=DIRECTION('',(0.,1.,0.));
#3268=DIRECTION('',(0.,0.,-1.));
#3269=DIRECTION('',(-1.,0.,0.));
#3270=DIRECTION('',(-0.5,0.866025403784439,0.));
#3271=DIRECTION('',(0.,-1.,0.));
#3272=DIRECTION('',(0.,-1.,0.));
#3273=DIRECTION('',(-1.,0.,0.));
#3274=DIRECTION('',(0.,-1.,0.));
#3275=DIRECTION('',(-1.,0.,0.));
#3276=DIRECTION('',(-1.,0.,0.));
#3277=DIRECTION('',(0.,-1.,0.));
#3278=DIRECTION('',(1.,0.,0.));
#3279=DIRECTION('',(0.,-1.,0.));
#3280=DIRECTION('',(-1.,0.,0.));
#3281=DIRECTION('',(0.,-1.,0.));
#3282=DIRECTION('',(-1.,0.,0.));
#3283=DIRECTION('',(0.,-1.,0.));
#3284=DIRECTION('',(-1.,0.,0.));
#3285=DIRECTION('',(-6.19544098563146E-17,-1.,0.));
#3286=DIRECTION('',(-1.,0.,0.));
#3287=DIRECTION('',(-6.19544098563146E-17,-1.,0.));
#3288=DIRECTION('',(1.,0.,0.));
#3289=DIRECTION('',(0.,1.,0.));
#3290=DIRECTION('',(1.,0.,0.));
#3291=DIRECTION('',(0.,1.,0.));
#3292=DIRECTION('',(1.,0.,0.));
#3293=DIRECTION('',(0.,1.,0.));
#3294=DIRECTION('',(1.,0.,0.));
#3295=DIRECTION('',(0.,1.,0.));
#3296=DIRECTION('',(0.,0.,1.));
#3297=DIRECTION('',(1.,0.,0.));
#3298=DIRECTION('',(-0.5,0.866025403784439,0.));
#3299=DIRECTION('',(-1.,0.,0.));
#3300=DIRECTION('',(0.,-1.,0.));
#3301=DIRECTION('',(1.,0.,0.));
#3302=DIRECTION('',(-0.5,-0.866025403784439,0.));
#3303=DIRECTION('',(0.,0.,1.));
#3304=DIRECTION('',(1.,0.,0.));
#3305=DIRECTION('',(0.5,-0.866025403784439,0.));
#3306=DIRECTION('',(1.,3.63292874550116E-16,0.));
#3307=DIRECTION('',(-0.5,-0.866025403784439,0.));
#3308=DIRECTION('',(0.,0.,1.));
#3309=DIRECTION('',(1.,0.,0.));
#3310=DIRECTION('',(0.5,-0.866025403784439,0.));
#3311=DIRECTION('',(-1.,0.,0.));
#3312=DIRECTION('',(0.,-1.,0.));
#3313=DIRECTION('',(1.,0.,0.));
#3314=DIRECTION('',(0.5,0.866025403784439,0.));
#3315=DIRECTION('',(0.,0.,1.));
#3316=DIRECTION('',(1.,0.,0.));
#3317=DIRECTION('',(-0.5,0.866025403784439,0.));
#3318=DIRECTION('',(1.,-4.84390499400156E-16,0.));
#3319=DIRECTION('',(0.5,0.866025403784439,0.));
#3320=DIRECTION('',(1.,0.,0.));
#3321=DIRECTION('',(0.,1.,0.));
#3322=DIRECTION('',(1.,0.,0.));
#3323=DIRECTION('',(-2.36723929043448E-16,1.,0.));
#3324=DIRECTION('',(0.,-1.,0.));
#3325=DIRECTION('',(-1.,0.,0.));
#3326=DIRECTION('',(0.,-1.,0.));
#3327=DIRECTION('',(-1.,0.,0.));
#3328=DIRECTION('',(0.,-1.,0.));
#3329=DIRECTION('',(-1.,0.,0.));
#3330=DIRECTION('',(0.,-1.,0.));
#3331=DIRECTION('',(-1.,0.,0.));
#3332=DIRECTION('',(1.,0.,0.));
#3333=DIRECTION('',(0.,1.,0.));
#3334=DIRECTION('',(1.,0.,0.));
#3335=DIRECTION('',(0.,1.,0.));
#3336=DIRECTION('',(1.,0.,0.));
#3337=DIRECTION('',(0.,1.,0.));
#3338=DIRECTION('',(1.,0.,0.));
#3339=DIRECTION('',(0.,1.,0.));
#3340=DIRECTION('',(0.,-1.,0.));
#3341=DIRECTION('',(-1.,0.,0.));
#3342=DIRECTION('',(0.,-1.,0.));
#3343=DIRECTION('',(-1.,0.,0.));
#3344=DIRECTION('',(0.,-1.,0.));
#3345=DIRECTION('',(-1.,0.,0.));
#3346=DIRECTION('',(0.,-1.,0.));
#3347=DIRECTION('',(-1.,0.,0.));
#3348=DIRECTION('',(0.,-1.,0.));
#3349=DIRECTION('',(-1.,0.,0.));
#3350=DIRECTION('',(0.,-1.,0.));
#3351=DIRECTION('',(-1.,0.,0.));
#3352=DIRECTION('',(1.,0.,0.));
#3353=DIRECTION('',(0.,-1.,0.));
#3354=DIRECTION('',(1.,0.,0.));
#3355=DIRECTION('',(0.,-1.,0.));
#3356=DIRECTION('',(0.,1.,0.));
#3357=DIRECTION('',(0.,0.,1.));
#3358=DIRECTION('',(0.,0.,-1.));
#3359=DIRECTION('',(0.,0.,1.));
#3360=DIRECTION('',(0.,0.,-1.));
#3361=DIRECTION('',(-1.,0.,0.));
#3362=DIRECTION('',(0.,0.,-1.));
#3363=DIRECTION('',(0.,0.,-1.));
#3364=DIRECTION('',(0.,0.,1.));
#3365=DIRECTION('',(1.,0.,0.));
#3366=DIRECTION('',(-0.866025403784439,0.5,0.));
#3367=DIRECTION('',(-0.5,-0.866025403784439,0.));
#3368=DIRECTION('',(0.,0.,-1.));
#3369=DIRECTION('',(4.84390499400156E-16,1.,0.));
#3370=DIRECTION('',(-1.,4.84390499400156E-16,0.));
#3371=DIRECTION('',(0.,0.,-1.));
#3372=DIRECTION('',(-0.866025403784439,-0.5,0.));
#3373=DIRECTION('',(0.5,-0.866025403784439,0.));
#3374=DIRECTION('',(0.,0.,-1.));
#3375=DIRECTION('',(0.,0.,-1.));
#3376=DIRECTION('',(-1.,0.,0.));
#3377=DIRECTION('',(0.,0.,-1.));
#3378=DIRECTION('',(0.,0.,1.));
#3379=DIRECTION('',(1.,0.,0.));
#3380=DIRECTION('',(-0.866025403784439,0.5,0.));
#3381=DIRECTION('',(-0.5,-0.866025403784439,0.));
#3382=DIRECTION('',(0.,0.,-1.));
#3383=DIRECTION('',(0.,1.,0.));
#3384=DIRECTION('',(0.,0.,1.));
#3385=DIRECTION('',(0.,0.,-1.));
#3386=DIRECTION('',(1.,0.,0.));
#3387=DIRECTION('',(0.,0.,-1.));
#3388=DIRECTION('',(0.,0.,-1.));
#3389=DIRECTION('',(0.,-1.,0.));
#3390=DIRECTION('',(0.,0.,-1.));
#3391=DIRECTION('',(0.,0.,-1.));
#3392=DIRECTION('',(0.866025403784439,0.5,0.));
#3393=DIRECTION('',(-0.5,0.866025403784439,0.));
#3394=DIRECTION('',(0.,0.,-1.));
#3395=DIRECTION('',(0.,0.,-1.));
#3396=DIRECTION('',(-1.,0.,0.));
#3397=DIRECTION('',(0.,0.,-1.));
#3398=DIRECTION('',(0.,0.,1.));
#3399=DIRECTION('',(1.,0.,0.));
#3400=DIRECTION('',(0.866025403784439,-0.5,0.));
#3401=DIRECTION('',(0.5,0.866025403784439,0.));
#3402=DIRECTION('',(0.,0.,-1.));
#3403=DIRECTION('',(-3.63292874550116E-16,1.,0.));
#3404=DIRECTION('',(-1.,-3.63292874550116E-16,0.));
#3405=DIRECTION('',(0.,0.,-1.));
#3406=DIRECTION('',(0.866025403784439,0.5,0.));
#3407=DIRECTION('',(-0.5,0.866025403784439,0.));
#3408=DIRECTION('',(0.,0.,-1.));
#3409=DIRECTION('',(0.,0.,-1.));
#3410=DIRECTION('',(-1.,0.,0.));
#3411=DIRECTION('',(0.,0.,-1.));
#3412=DIRECTION('',(0.,0.,1.));
#3413=DIRECTION('',(1.,0.,0.));
#3414=DIRECTION('',(0.866025403784439,-0.5,0.));
#3415=DIRECTION('',(0.5,0.866025403784439,0.));
#3416=DIRECTION('',(0.,0.,-1.));
#3417=DIRECTION('',(0.,1.,0.));
#3418=DIRECTION('',(0.,0.,1.));
#3419=DIRECTION('',(0.,0.,-1.));
#3420=DIRECTION('',(1.,0.,0.));
#3421=DIRECTION('',(0.,0.,-1.));
#3422=DIRECTION('',(0.,0.,-1.));
#3423=DIRECTION('',(0.,-1.,0.));
#3424=DIRECTION('',(0.,0.,-1.));
#3425=DIRECTION('',(0.,0.,-1.));
#3426=DIRECTION('',(-0.866025403784439,-0.5,0.));
#3427=DIRECTION('',(0.5,-0.866025403784439,0.));
#3428=DIRECTION('',(0.,0.,1.));
#3429=DIRECTION('',(1.,0.,0.));
#3430=DIRECTION('',(0.,0.,1.));
#3431=DIRECTION('',(1.,0.,0.));
#3432=DIRECTION('',(0.,0.,1.));
#3433=DIRECTION('',(1.,0.,0.));
#3434=DIRECTION('',(0.,0.,1.));
#3435=DIRECTION('',(1.,0.,0.));
#3436=DIRECTION('',(0.,-1.,0.));
#3437=DIRECTION('',(0.,0.,-1.));
#3438=DIRECTION('',(0.,0.,-1.));
#3439=DIRECTION('',(0.,0.,-1.));
#3440=DIRECTION('',(-1.,0.,0.));
#3441=DIRECTION('',(0.,0.,1.));
#3442=DIRECTION('',(0.,0.,-1.));
#3443=DIRECTION('',(0.,-1.,0.));
#3444=DIRECTION('',(0.,0.,-1.));
#3445=DIRECTION('',(0.,0.,-1.));
#3446=DIRECTION('',(0.,-1.,0.));
#3447=DIRECTION('',(0.,0.,-1.));
#3448=DIRECTION('',(0.,0.,-1.));
#3449=DIRECTION('',(0.,0.,-1.));
#3450=DIRECTION('',(-1.,-6.19544098563146E-17,0.));
#3451=DIRECTION('',(6.19544098563146E-17,-1.,0.));
#3452=DIRECTION('',(0.,0.,-1.));
#3453=DIRECTION('',(0.,-1.,0.));
#3454=DIRECTION('',(0.,0.,-1.));
#3455=DIRECTION('',(0.,0.,-1.));
#3456=DIRECTION('',(0.,-1.,0.));
#3457=DIRECTION('',(0.,0.,-1.));
#3458=DIRECTION('',(0.,0.,-1.));
#3459=DIRECTION('',(0.,0.,-1.));
#3460=DIRECTION('',(-1.,0.,0.));
#3461=DIRECTION('',(0.,0.,1.));
#3462=DIRECTION('',(0.,0.,-1.));
#3463=DIRECTION('',(0.,-1.,0.));
#3464=DIRECTION('',(0.,0.,-1.));
#3465=DIRECTION('',(0.,0.,-1.));
#3466=DIRECTION('',(1.,0.,0.));
#3467=DIRECTION('',(0.,0.,-1.));
#3468=DIRECTION('',(0.,0.,-1.));
#3469=DIRECTION('',(0.,0.,-1.));
#3470=DIRECTION('',(0.,1.,0.));
#3471=DIRECTION('',(0.,0.,1.));
#3472=DIRECTION('',(0.,0.,-1.));
#3473=DIRECTION('',(1.,0.,0.));
#3474=DIRECTION('',(0.,0.,-1.));
#3475=DIRECTION('',(0.,0.,-1.));
#3476=DIRECTION('',(0.,1.,0.));
#3477=DIRECTION('',(0.,0.,1.));
#3478=DIRECTION('',(0.,0.,-1.));
#3479=DIRECTION('',(0.,0.,-1.));
#3480=DIRECTION('',(1.,0.,0.));
#3481=DIRECTION('',(0.,0.,-1.));
#3482=DIRECTION('',(0.,0.,-1.));
#3483=DIRECTION('',(0.,1.,0.));
#3484=DIRECTION('',(0.,0.,1.));
#3485=DIRECTION('',(0.,0.,-1.));
#3486=DIRECTION('',(0.866025403784439,-0.5,0.));
#3487=DIRECTION('',(0.5,0.866025403784439,0.));
#3488=DIRECTION('',(0.,0.,-1.));
#3489=DIRECTION('',(0.,0.,-1.));
#3490=DIRECTION('',(0.,0.,-1.));
#3491=DIRECTION('',(-1.,0.,0.));
#3492=DIRECTION('',(0.,0.,-1.));
#3493=DIRECTION('',(0.,0.,1.));
#3494=DIRECTION('',(1.,0.,0.));
#3495=DIRECTION('',(1.,0.,0.));
#3496=DIRECTION('',(0.,0.,-1.));
#3497=DIRECTION('',(0.,0.,-1.));
#3498=DIRECTION('',(0.,1.,0.));
#3499=DIRECTION('',(0.,0.,1.));
#3500=DIRECTION('',(0.,0.,-1.));
#3501=DIRECTION('',(1.,0.,0.));
#3502=DIRECTION('',(0.,0.,-1.));
#3503=DIRECTION('',(0.,0.,-1.));
#3504=DIRECTION('',(0.,0.,-1.));
#3505=DIRECTION('',(-1.,0.,0.));
#3506=DIRECTION('',(0.,0.,-1.));
#3507=DIRECTION('',(0.,0.,1.));
#3508=DIRECTION('',(1.,0.,0.));
#3509=DIRECTION('',(-0.866025403784439,-0.5,0.));
#3510=DIRECTION('',(0.5,-0.866025403784439,0.));
#3511=DIRECTION('',(0.,0.,-1.));
#3512=DIRECTION('',(1.,0.,0.));
#3513=DIRECTION('',(0.,0.,-1.));
#3514=DIRECTION('',(0.,0.,-1.));
#3515=DIRECTION('',(0.866025403784439,-0.5,0.));
#3516=DIRECTION('',(0.5,0.866025403784439,0.));
#3517=DIRECTION('',(0.,0.,-1.));
#3518=DIRECTION('',(0.,0.,-1.));
#3519=DIRECTION('',(-1.,0.,0.));
#3520=DIRECTION('',(0.,0.,-1.));
#3521=DIRECTION('',(0.,0.,1.));
#3522=DIRECTION('',(1.,0.,0.));
#3523=DIRECTION('',(-1.,0.,0.));
#3524=DIRECTION('',(0.,0.,1.));
#3525=DIRECTION('',(0.,0.,-1.));
#3526=DIRECTION('',(0.,1.,0.));
#3527=DIRECTION('',(0.,0.,1.));
#3528=DIRECTION('',(0.,0.,-1.));
#3529=DIRECTION('',(-1.,0.,0.));
#3530=DIRECTION('',(0.,0.,1.));
#3531=DIRECTION('',(0.,0.,-1.));
#3532=DIRECTION('',(0.,0.,-1.));
#3533=DIRECTION('',(-1.,0.,0.));
#3534=DIRECTION('',(0.,0.,-1.));
#3535=DIRECTION('',(0.,0.,1.));
#3536=DIRECTION('',(1.,0.,0.));
#3537=DIRECTION('',(-0.866025403784439,-0.5,0.));
#3538=DIRECTION('',(0.5,-0.866025403784439,0.));
#3539=DIRECTION('',(0.,0.,-1.));
#3540=DIRECTION('',(1.,0.,0.));
#3541=DIRECTION('',(0.,0.,-1.));
#3542=DIRECTION('',(0.,0.,-1.));
#3543=DIRECTION('',(0.,0.,-1.));
#3544=DIRECTION('',(0.,-1.,0.));
#3545=DIRECTION('',(0.,0.,-1.));
#3546=DIRECTION('',(0.,0.,-1.));
#3547=DIRECTION('',(1.,0.,0.));
#3548=DIRECTION('',(0.,0.,-1.));
#3549=DIRECTION('',(0.,0.,-1.));
#3550=DIRECTION('',(0.,-1.,0.));
#3551=DIRECTION('',(0.,0.,-1.));
#3552=DIRECTION('',(0.,0.,-1.));
#3553=DIRECTION('',(0.,0.,-1.));
#3554=DIRECTION('',(1.,0.,0.));
#3555=DIRECTION('',(0.,0.,-1.));
#3556=DIRECTION('',(0.,0.,-1.));
#3557=DIRECTION('',(0.,1.,0.));
#3558=DIRECTION('',(0.,0.,1.));
#3559=DIRECTION('',(0.,0.,-1.));
#3560=DIRECTION('',(0.,-1.,0.));
#3561=DIRECTION('',(0.,0.,-1.));
#3562=DIRECTION('',(0.,0.,-1.));
#3563=DIRECTION('',(0.,0.,-1.));
#3564=DIRECTION('',(1.,0.,0.));
#3565=DIRECTION('',(0.,0.,-1.));
#3566=DIRECTION('',(0.,0.,-1.));
#3567=DIRECTION('',(0.,-1.,0.));
#3568=DIRECTION('',(0.,0.,-1.));
#3569=DIRECTION('',(0.,0.,-1.));
#3570=DIRECTION('',(0.,-1.,0.));
#3571=DIRECTION('',(0.,0.,-1.));
#3572=DIRECTION('',(0.,0.,-1.));
#3573=DIRECTION('',(0.,0.,-1.));
#3574=DIRECTION('',(1.,-6.19544098563146E-17,0.));
#3575=DIRECTION('',(6.19544098563146E-17,1.,0.));
#3576=DIRECTION('',(0.,0.,-1.));
#3577=DIRECTION('',(0.,-1.,0.));
#3578=DIRECTION('',(0.,0.,-1.));
#3579=DIRECTION('',(0.,0.,-1.));
#3580=DIRECTION('',(0.,1.,0.));
#3581=DIRECTION('',(0.,0.,1.));
#3582=DIRECTION('',(0.,0.,-1.));
#3583=DIRECTION('',(0.,0.,-1.));
#3584=DIRECTION('',(-1.,0.,0.));
#3585=DIRECTION('',(0.,0.,1.));
#3586=DIRECTION('',(0.,0.,-1.));
#3587=DIRECTION('',(0.,1.,0.));
#3588=DIRECTION('',(0.,0.,1.));
#3589=DIRECTION('',(0.,0.,-1.));
#3590=DIRECTION('',(0.,1.,0.));
#3591=DIRECTION('',(0.,0.,1.));
#3592=DIRECTION('',(0.,0.,-1.));
#3593=DIRECTION('',(0.,0.,-1.));
#3594=DIRECTION('',(-1.,0.,0.));
#3595=DIRECTION('',(0.,0.,1.));
#3596=DIRECTION('',(0.,0.,-1.));
#3597=DIRECTION('',(0.,1.,0.));
#3598=DIRECTION('',(0.,0.,1.));
#3599=DIRECTION('',(0.,0.,-1.));
#3600=DIRECTION('',(0.,1.,0.));
#3601=DIRECTION('',(0.,0.,1.));
#3602=DIRECTION('',(0.,0.,-1.));
#3603=DIRECTION('',(0.,0.,1.));
#3604=DIRECTION('',(-1.,-6.19544098563146E-17,0.));
#3605=DIRECTION('',(6.19544098563146E-17,-1.,0.));
#3606=DIRECTION('',(-1.,0.,0.));
#3607=DIRECTION('',(0.,0.,1.));
#3608=DIRECTION('',(0.,1.,0.));
#3609=DIRECTION('',(0.,0.,1.));
#3610=DIRECTION('',(1.,0.,0.));
#3611=DIRECTION('',(0.,0.,-1.));
#3612=DIRECTION('',(0.,0.,-1.));
#3613=DIRECTION('',(-1.,0.,0.));
#3614=DIRECTION('',(1.,0.,0.));
#3615=DIRECTION('',(0.,0.,-1.));
#3616=DIRECTION('',(0.,-1.,0.));
#3617=DIRECTION('',(0.,0.,-1.));
#3618=DIRECTION('',(1.,0.,0.));
#3619=DIRECTION('',(0.,0.,-1.));
#3620=DIRECTION('',(1.,0.,0.));
#3621=DIRECTION('',(0.,0.,-1.));
#3622=DIRECTION('',(1.,-6.19544098563146E-17,0.));
#3623=DIRECTION('',(6.19544098563146E-17,1.,0.));
#3624=DIRECTION('',(-1.,0.,0.));
#3625=DIRECTION('',(0.,0.,1.));
#3626=DIRECTION('',(-1.,0.,0.));
#3627=DIRECTION('',(0.,0.,1.));
#3628=DIRECTION('',(-1.,0.,0.));
#3629=DIRECTION('',(0.,0.,1.));
#3630=DIRECTION('',(0.,0.,1.));
#3631=DIRECTION('',(1.,0.,0.));
#3632=DIRECTION('',(0.,0.,1.));
#3633=DIRECTION('',(1.,0.,0.));
#3634=DIRECTION('',(0.,0.,1.));
#3635=DIRECTION('',(1.,0.,0.));
#3636=DIRECTION('',(0.,0.,1.));
#3637=DIRECTION('',(1.,0.,0.));
#3638=DIRECTION('',(1.,0.,0.));
#3639=DIRECTION('',(0.,0.,-1.));
#3640=DIRECTION('',(1.,2.36723929043448E-16,0.));
#3641=DIRECTION('',(-2.36723929043448E-16,1.,0.));
#3642=DIRECTION('',(-1.,0.,0.));
#3643=DIRECTION('',(0.,0.,1.));
#3644=DIRECTION('',(0.,0.,1.));
#3645=DIRECTION('',(0.,0.,1.));
#3646=DIRECTION('',(0.,1.,0.));
#3647=DIRECTION('',(0.,0.,1.));
#3648=DIRECTION('',(0.,0.,1.));
#3649=DIRECTION('',(-1.,0.,0.));
#3650=DIRECTION('',(0.,0.,1.));
#3651=DIRECTION('',(0.,0.,1.));
#3652=DIRECTION('',(0.,1.,0.));
#3653=DIRECTION('',(0.,0.,1.));
#3654=DIRECTION('',(-1.,0.,0.));
#3655=DIRECTION('',(0.,0.,1.));
#3656=DIRECTION('',(0.,0.,1.));
#3657=DIRECTION('',(0.,0.,1.));
#3658=DIRECTION('',(0.,1.,0.));
#3659=DIRECTION('',(0.,0.,1.));
#3660=DIRECTION('',(0.,0.,1.));
#3661=DIRECTION('',(-1.,0.,0.));
#3662=DIRECTION('',(0.,0.,1.));
#3663=DIRECTION('',(0.,0.,1.));
#3664=DIRECTION('',(0.,1.,0.));
#3665=DIRECTION('',(0.,0.,1.));
#3666=DIRECTION('',(-1.,0.,0.));
#3667=DIRECTION('',(0.,0.,1.));
#3668=DIRECTION('',(0.,0.,1.));
#3669=DIRECTION('',(0.,0.,1.));
#3670=DIRECTION('',(0.,1.,0.));
#3671=DIRECTION('',(0.,0.,1.));
#3672=DIRECTION('',(0.,0.,1.));
#3673=DIRECTION('',(-1.,0.,0.));
#3674=DIRECTION('',(0.,0.,1.));
#3675=DIRECTION('',(0.,0.,1.));
#3676=DIRECTION('',(0.,1.,0.));
#3677=DIRECTION('',(0.,0.,1.));
#3678=DIRECTION('',(0.,-1.,0.));
#3679=DIRECTION('',(0.,0.,-1.));
#3680=DIRECTION('',(0.,0.,1.));
#3681=DIRECTION('',(0.,0.,1.));
#3682=DIRECTION('',(-1.,0.,0.));
#3683=DIRECTION('',(0.,0.,1.));
#3684=DIRECTION('',(0.,0.,1.));
#3685=DIRECTION('',(0.,-1.,0.));
#3686=DIRECTION('',(0.,0.,-1.));
#3687=DIRECTION('',(0.,0.,1.));
#3688=DIRECTION('',(-1.,0.,0.));
#3689=DIRECTION('',(0.,0.,1.));
#3690=DIRECTION('',(1.,0.,0.));
#3691=DIRECTION('',(0.,0.,-1.));
#3692=DIRECTION('',(0.,0.,1.));
#3693=DIRECTION('',(0.,0.,1.));
#3694=DIRECTION('',(1.,0.,0.));
#3695=DIRECTION('',(0.,0.,-1.));
#3696=DIRECTION('',(0.,0.,-1.));
#3697=DIRECTION('',(0.,0.,-1.));
#3698=DIRECTION('',(1.,0.,0.));
#3699=DIRECTION('',(0.,0.,-1.));
#3700=DIRECTION('',(0.,0.,-1.));
#3701=DIRECTION('',(0.,0.,-1.));
#3702=DIRECTION('',(1.,0.,0.));
#3703=DIRECTION('',(0.,0.,-1.));
#3704=DIRECTION('',(0.,0.,1.));
#3705=DIRECTION('',(0.,0.,1.));
#3706=DIRECTION('',(0.,1.,0.));
#3707=DIRECTION('',(0.,0.,1.));
#3708=DIRECTION('',(0.,-1.,0.));
#3709=DIRECTION('',(0.,0.,-1.));
#3710=DIRECTION('',(0.,-1.,0.));
#3711=DIRECTION('',(0.,0.,-1.));
#3712=DIRECTION('',(0.,1.,0.));
#3713=DIRECTION('',(0.,0.,1.));
#3714=DIRECTION('',(0.,1.,0.));
#3715=DIRECTION('',(0.,0.,1.));
#3716=DIRECTION('',(0.,0.,1.));
#3717=DIRECTION('',(0.,0.,1.));
#3718=DIRECTION('',(-1.,0.,0.));
#3719=DIRECTION('',(0.,0.,1.));
#3720=DIRECTION('',(0.,0.,1.));
#3721=DIRECTION('',(0.,1.,0.));
#3722=DIRECTION('',(0.,0.,1.));
#3723=DIRECTION('',(0.,0.,1.));
#3724=DIRECTION('',(-1.,0.,0.));
#3725=DIRECTION('',(0.,0.,1.));
#3726=DIRECTION('',(-1.,0.,0.));
#3727=DIRECTION('',(0.,0.,1.));
#3728=DIRECTION('',(0.,0.,1.));
#3729=DIRECTION('',(0.,0.,1.));
#3730=DIRECTION('',(0.,1.,0.));
#3731=DIRECTION('',(0.,0.,1.));
#3732=DIRECTION('',(0.,0.,1.));
#3733=DIRECTION('',(-1.,0.,0.));
#3734=DIRECTION('',(0.,0.,1.));
#3735=DIRECTION('',(0.,0.,1.));
#3736=DIRECTION('',(0.,1.,0.));
#3737=DIRECTION('',(0.,0.,1.));
#3738=DIRECTION('',(-1.,0.,0.));
#3739=DIRECTION('',(0.,0.,1.));
#3740=DIRECTION('',(0.,0.,1.));
#3741=DIRECTION('',(0.,0.,1.));
#3742=DIRECTION('',(0.,1.,0.));
#3743=DIRECTION('',(0.,0.,1.));
#3744=DIRECTION('',(0.,0.,1.));
#3745=DIRECTION('',(-1.,0.,0.));
#3746=DIRECTION('',(0.,0.,1.));
#3747=DIRECTION('',(0.,0.,1.));
#3748=DIRECTION('',(0.,1.,0.));
#3749=DIRECTION('',(0.,0.,1.));
#3750=DIRECTION('',(0.,1.,0.));
#3751=DIRECTION('',(0.,0.,1.));
#3752=DIRECTION('',(0.,0.,1.));
#3753=DIRECTION('',(0.,0.,1.));
#3754=DIRECTION('',(-1.,0.,0.));
#3755=DIRECTION('',(0.,0.,1.));
#3756=DIRECTION('',(0.,0.,1.));
#3757=DIRECTION('',(0.,1.,0.));
#3758=DIRECTION('',(0.,0.,1.));
#3759=DIRECTION('',(0.,0.,1.));
#3760=DIRECTION('',(-1.,0.,0.));
#3761=DIRECTION('',(0.,0.,1.));
#3762=DIRECTION('',(0.,-1.,0.));
#3763=DIRECTION('',(0.,0.,-1.));
#3764=DIRECTION('',(0.,0.,1.));
#3765=DIRECTION('',(0.,0.,1.));
#3766=DIRECTION('',(-1.,0.,0.));
#3767=DIRECTION('',(0.,0.,1.));
#3768=DIRECTION('',(0.,0.,1.));
#3769=DIRECTION('',(0.,-1.,0.));
#3770=DIRECTION('',(0.,0.,-1.));
#3771=DIRECTION('',(0.,0.,1.));
#3772=DIRECTION('',(-1.,0.,0.));
#3773=DIRECTION('',(0.,0.,1.));
#3774=CARTESIAN_POINT('',(0.,0.,0.));
#3775=CARTESIAN_POINT('',(-0.0272558004294341,0.00873816545307634,0.002));
#3776=CARTESIAN_POINT('',(0.0506113748192787,0.0335705557256937,0.002));
#3777=CARTESIAN_POINT('',(0.0533113748192787,0.0335705557256937,0.002));
#3778=CARTESIAN_POINT('',(0.0479113748192787,0.0335705557256937,0.002));
#3779=CARTESIAN_POINT('',(0.0533113748192787,0.0325705557256937,0.002));
#3780=CARTESIAN_POINT('',(0.0533113748192787,0.0315705557256937,0.002));
#3781=CARTESIAN_POINT('',(0.0506113748192787,0.0315705557256937,0.002));
#3782=CARTESIAN_POINT('',(0.0479113748192787,0.0315705557256937,0.002));
#3783=CARTESIAN_POINT('',(0.0479113748192787,0.0325705557256937,0.002));
#3784=CARTESIAN_POINT('',(-0.0836161798286439,-0.0642292500082652,0.002));
#3785=CARTESIAN_POINT('',(-0.0809161798286439,-0.0642292500082652,0.002));
#3786=CARTESIAN_POINT('',(-0.0863161798286439,-0.0642292500082652,0.002));
#3787=CARTESIAN_POINT('',(-0.0809161798286439,-0.0652292500082652,0.002));
#3788=CARTESIAN_POINT('',(-0.0809161798286439,-0.0662292500082652,0.002));
#3789=CARTESIAN_POINT('',(-0.0836161798286439,-0.0662292500082652,0.002));
#3790=CARTESIAN_POINT('',(-0.0863161798286439,-0.0662292500082652,0.002));
#3791=CARTESIAN_POINT('',(-0.0863161798286439,-0.0652292500082652,0.002));
#3792=CARTESIAN_POINT('',(-0.0240112537801265,0.0380503432795675,0.002));
#3793=CARTESIAN_POINT('',(-0.105661253780127,0.0380503432795675,0.002));
#3794=CARTESIAN_POINT('',(0.0576387462198734,0.0380503432795675,0.002));
#3795=CARTESIAN_POINT('',(-0.105661253780127,0.00873816545307635,0.002));
#3796=CARTESIAN_POINT('',(-0.105661253780127,-0.118278466060758,0.002));
#3797=CARTESIAN_POINT('',(-0.0181862537801266,-0.118278466060758,0.002));
#3798=CARTESIAN_POINT('',(0.0576387462198735,-0.118278466060758,0.002));
#3799=CARTESIAN_POINT('',(0.0576387462198734,0.00873816545307636,0.002));
#3800=CARTESIAN_POINT('',(-0.0576612537801266,-0.00951183454692364,0.002));
#3801=CARTESIAN_POINT('',(-0.0591612537801266,-0.00951183454692364,0.002));
#3802=CARTESIAN_POINT('',(-0.0561612537801266,-0.00951183454692366,0.002));
#3803=CARTESIAN_POINT('',(-0.0610169047651155,-0.0127259163340398,0.002));
#3804=CARTESIAN_POINT('',(-0.0626612537801266,-0.0155740123734147,0.002));
#3805=CARTESIAN_POINT('',(-0.0641612537801266,-0.0155740123734147,0.002));
#3806=CARTESIAN_POINT('',(-0.0656612537801266,-0.0155740123734147,0.002));
#3807=CARTESIAN_POINT('',(-0.0656612537801266,0.0300192543663219,0.002));
#3808=CARTESIAN_POINT('',(-0.0656612537801266,0.0330503432795674,0.002));
#3809=CARTESIAN_POINT('',(-0.0641612537801266,0.0330503432795674,0.002));
#3810=CARTESIAN_POINT('',(-0.0626612537801266,0.0330503432795674,0.002));
#3811=CARTESIAN_POINT('',(-0.0610169047651155,0.0302022472401925,0.002));
#3812=CARTESIAN_POINT('',(-0.0591612537801266,0.0269881654530763,0.002));
#3813=CARTESIAN_POINT('',(-0.0576612537801266,0.0269881654530763,0.002));
#3814=CARTESIAN_POINT('',(-0.0561612537801266,0.0269881654530763,0.002));
#3815=CARTESIAN_POINT('',(-0.0543056027951376,0.0302022472401925,0.002));
#3816=CARTESIAN_POINT('',(-0.0526612537801266,0.0330503432795674,0.002));
#3817=CARTESIAN_POINT('',(-0.0240112537801265,0.0330503432795674,0.002));
#3818=CARTESIAN_POINT('',(0.00463874621987343,0.0330503432795674,0.002));
#3819=CARTESIAN_POINT('',(0.00628309523488447,0.0302022472401925,0.002));
#3820=CARTESIAN_POINT('',(0.00813874621987343,0.0269881654530763,0.002));
#3821=CARTESIAN_POINT('',(0.00963874621987343,0.0269881654530763,0.002));
#3822=CARTESIAN_POINT('',(0.0111387462198734,0.0269881654530763,0.002));
#3823=CARTESIAN_POINT('',(0.0129943972048624,0.0302022472401925,0.002));
#3824=CARTESIAN_POINT('',(0.0146387462198734,0.0330503432795674,0.002));
#3825=CARTESIAN_POINT('',(0.0161387462198734,0.0330503432795674,0.002));
#3826=CARTESIAN_POINT('',(0.0176387462198734,0.0330503432795674,0.002));
#3827=CARTESIAN_POINT('',(0.0176387462198734,0.0300192543663219,0.002));
#3828=CARTESIAN_POINT('',(0.0176387462198734,-0.0155740123734147,0.002));
#3829=CARTESIAN_POINT('',(0.0161387462198734,-0.0155740123734147,0.002));
#3830=CARTESIAN_POINT('',(0.0146387462198734,-0.0155740123734147,0.002));
#3831=CARTESIAN_POINT('',(0.0129943972048624,-0.0127259163340398,0.002));
#3832=CARTESIAN_POINT('',(0.0111387462198734,-0.00951183454692365,0.002));
#3833=CARTESIAN_POINT('',(0.00963874621987343,-0.00951183454692364,0.002));
#3834=CARTESIAN_POINT('',(0.00813874621987343,-0.00951183454692364,0.002));
#3835=CARTESIAN_POINT('',(0.00628309523488447,-0.0127259163340398,0.002));
#3836=CARTESIAN_POINT('',(0.00463874621987343,-0.0155740123734147,0.002));
#3837=CARTESIAN_POINT('',(-0.0240112537801265,-0.0155740123734147,0.002));
#3838=CARTESIAN_POINT('',(-0.0526612537801266,-0.0155740123734147,0.002));
#3839=CARTESIAN_POINT('',(-0.0543056027951376,-0.0127259163340398,0.002));
#3840=CARTESIAN_POINT('',(0.00698874621987341,-0.0406156163662672,0.002));
#3841=CARTESIAN_POINT('',(0.00698874621987341,-0.0476156163662672,0.002));
#3842=CARTESIAN_POINT('',(0.00698874621987341,-0.0336156163662672,0.002));
#3843=CARTESIAN_POINT('',(-1.12537801265859E-5,-0.0476156163662672,0.002));
#3844=CARTESIAN_POINT('',(-0.00701125378012658,-0.0476156163662672,0.002));
#3845=CARTESIAN_POINT('',(-0.00701125378012659,-0.0406156163662672,0.002));
#3846=CARTESIAN_POINT('',(-0.00701125378012659,-0.0336156163662672,0.002));
#3847=CARTESIAN_POINT('',(-1.12537801265859E-5,-0.0336156163662672,0.002));
#3848=CARTESIAN_POINT('',(0.0309887462198734,-0.0406156163662672,0.002));
#3849=CARTESIAN_POINT('',(0.0309887462198734,-0.0476156163662672,0.002));
#3850=CARTESIAN_POINT('',(0.0309887462198734,-0.0336156163662672,0.002));
#3851=CARTESIAN_POINT('',(0.0239887462198734,-0.0476156163662672,0.002));
#3852=CARTESIAN_POINT('',(0.0169887462198734,-0.0476156163662672,0.002));
#3853=CARTESIAN_POINT('',(0.0169887462198734,-0.0406156163662672,0.002));
#3854=CARTESIAN_POINT('',(0.0169887462198734,-0.0336156163662672,0.002));
#3855=CARTESIAN_POINT('',(0.0239887462198734,-0.0336156163662672,0.002));
#3856=CARTESIAN_POINT('',(-0.0550112537801266,-0.106278466060758,0.002));
#3857=CARTESIAN_POINT('',(-0.0550112537801266,-0.0992784660607576,0.002));
#3858=CARTESIAN_POINT('',(-0.0550112537801266,-0.113278466060758,0.002));
#3859=CARTESIAN_POINT('',(-0.0480112537801266,-0.0992784660607576,0.002));
#3860=CARTESIAN_POINT('',(-0.0410112537801266,-0.0992784660607576,0.002));
#3861=CARTESIAN_POINT('',(-0.0410112537801266,-0.106278466060758,0.002));
#3862=CARTESIAN_POINT('',(-0.0410112537801266,-0.113278466060758,0.002));
#3863=CARTESIAN_POINT('',(-0.0480112537801266,-0.113278466060758,0.002));
#3864=CARTESIAN_POINT('',(0.0324547328054905,-0.0884815379977226,0.002));
#3865=CARTESIAN_POINT('',(0.0371047328054905,-0.0884815379977226,0.002));
#3866=CARTESIAN_POINT('',(-0.0170112537801266,-0.0406156163662672,0.002));
#3867=CARTESIAN_POINT('',(-0.0170112537801266,-0.0476156163662672,0.002));
#3868=CARTESIAN_POINT('',(-0.0170112537801266,-0.0336156163662672,0.002));
#3869=CARTESIAN_POINT('',(-0.0240112537801266,-0.0476156163662672,0.002));
#3870=CARTESIAN_POINT('',(-0.0310112537801266,-0.0476156163662672,0.002));
#3871=CARTESIAN_POINT('',(-0.0310112537801266,-0.0406156163662672,0.002));
#3872=CARTESIAN_POINT('',(-0.0310112537801266,-0.0336156163662672,0.002));
#3873=CARTESIAN_POINT('',(-0.0240112537801266,-0.0336156163662672,0.002));
#3874=CARTESIAN_POINT('',(-0.0550112537801266,-0.0406156163662672,0.002));
#3875=CARTESIAN_POINT('',(-0.0550112537801266,-0.0476156163662672,0.002));
#3876=CARTESIAN_POINT('',(-0.0550112537801266,-0.0336156163662672,0.002));
#3877=CARTESIAN_POINT('',(-0.0480112537801266,-0.0336156163662672,0.002));
#3878=CARTESIAN_POINT('',(-0.0410112537801266,-0.0336156163662672,0.002));
#3879=CARTESIAN_POINT('',(-0.0410112537801266,-0.0406156163662672,0.002));
#3880=CARTESIAN_POINT('',(-0.0410112537801266,-0.0476156163662672,0.002));
#3881=CARTESIAN_POINT('',(-0.0480112537801266,-0.0476156163662672,0.002));
#3882=CARTESIAN_POINT('',(-0.0790112537801266,-0.0406156163662672,0.002));
#3883=CARTESIAN_POINT('',(-0.0790112537801266,-0.0476156163662672,0.002));
#3884=CARTESIAN_POINT('',(-0.0790112537801266,-0.0336156163662672,0.002));
#3885=CARTESIAN_POINT('',(-0.0720112537801266,-0.0336156163662672,0.002));
#3886=CARTESIAN_POINT('',(-0.0650112537801266,-0.0336156163662672,0.002));
#3887=CARTESIAN_POINT('',(-0.0650112537801266,-0.0406156163662672,0.002));
#3888=CARTESIAN_POINT('',(-0.0650112537801266,-0.0476156163662672,0.002));
#3889=CARTESIAN_POINT('',(-0.0720112537801266,-0.0476156163662672,0.002));
#3890=CARTESIAN_POINT('',(0.00698874621987341,-0.106278466060758,0.002));
#3891=CARTESIAN_POINT('',(0.00698874621987341,-0.0992784660607576,0.002));
#3892=CARTESIAN_POINT('',(0.00698874621987341,-0.113278466060758,0.002));
#3893=CARTESIAN_POINT('',(-1.12537801265859E-5,-0.113278466060758,0.002));
#3894=CARTESIAN_POINT('',(-0.00701125378012659,-0.113278466060758,0.002));
#3895=CARTESIAN_POINT('',(-0.00701125378012659,-0.106278466060758,0.002));
#3896=CARTESIAN_POINT('',(-0.00701125378012659,-0.0992784660607576,0.002));
#3897=CARTESIAN_POINT('',(-1.12537801265859E-5,-0.0992784660607576,0.002));
#3898=CARTESIAN_POINT('',(0.0309887462198734,-0.106278466060758,0.002));
#3899=CARTESIAN_POINT('',(0.0309887462198734,-0.0992784660607576,0.002));
#3900=CARTESIAN_POINT('',(0.0309887462198734,-0.113278466060758,0.002));
#3901=CARTESIAN_POINT('',(0.0239887462198734,-0.113278466060758,0.002));
#3902=CARTESIAN_POINT('',(0.0169887462198734,-0.113278466060758,0.002));
#3903=CARTESIAN_POINT('',(0.0169887462198734,-0.106278466060758,0.002));
#3904=CARTESIAN_POINT('',(0.0169887462198734,-0.0992784660607576,0.002));
#3905=CARTESIAN_POINT('',(0.0239887462198734,-0.0992784660607576,0.002));
#3906=CARTESIAN_POINT('',(-0.0170112537801266,-0.106278466060758,0.002));
#3907=CARTESIAN_POINT('',(-0.0170112537801266,-0.0992784660607576,0.002));
#3908=CARTESIAN_POINT('',(-0.0170112537801266,-0.113278466060758,0.002));
#3909=CARTESIAN_POINT('',(-0.0240112537801266,-0.113278466060758,0.002));
#3910=CARTESIAN_POINT('',(-0.0310112537801266,-0.113278466060758,0.002));
#3911=CARTESIAN_POINT('',(-0.0310112537801266,-0.106278466060758,0.002));
#3912=CARTESIAN_POINT('',(-0.0310112537801266,-0.0992784660607576,0.002));
#3913=CARTESIAN_POINT('',(-0.0240112537801266,-0.0992784660607576,0.002));
#3914=CARTESIAN_POINT('',(0.0239887462198734,-0.026094814369841,0.002));
#3915=CARTESIAN_POINT('',(0.0266887462198734,-0.026094814369841,0.002));
#3916=CARTESIAN_POINT('',(0.0212887462198734,-0.026094814369841,0.002));
#3917=CARTESIAN_POINT('',(0.0266887462198734,-0.027094814369841,0.002));
#3918=CARTESIAN_POINT('',(0.0266887462198734,-0.028094814369841,0.002));
#3919=CARTESIAN_POINT('',(0.0239887462198734,-0.028094814369841,0.002));
#3920=CARTESIAN_POINT('',(0.0212887462198734,-0.028094814369841,0.002));
#3921=CARTESIAN_POINT('',(0.0212887462198734,-0.027094814369841,0.002));
#3922=CARTESIAN_POINT('',(-0.0790112537801266,-0.106278466060758,0.002));
#3923=CARTESIAN_POINT('',(-0.0790112537801266,-0.0992784660607576,0.002));
#3924=CARTESIAN_POINT('',(-0.0790112537801266,-0.113278466060758,0.002));
#3925=CARTESIAN_POINT('',(-0.0720112537801266,-0.0992784660607576,0.002));
#3926=CARTESIAN_POINT('',(-0.0650112537801266,-0.0992784660607576,0.002));
#3927=CARTESIAN_POINT('',(-0.0650112537801266,-0.106278466060758,0.002));
#3928=CARTESIAN_POINT('',(-0.0650112537801266,-0.113278466060758,0.002));
#3929=CARTESIAN_POINT('',(-0.0720112537801266,-0.113278466060758,0.002));
#3930=CARTESIAN_POINT('',(0.0213696218928475,-0.0837718007399316,0.002));
#3931=CARTESIAN_POINT('',(0.0226254975658216,-0.0859470412135124,0.002));
#3932=CARTESIAN_POINT('',(0.0197387462198735,-0.0809470412135124,0.002));
#3933=CARTESIAN_POINT('',(0.0184887462198734,-0.0809470412135124,0.002));
#3934=CARTESIAN_POINT('',(0.0172387462198734,-0.0809470412135124,0.002));
#3935=CARTESIAN_POINT('',(0.0172387462198734,-0.0865594136492082,0.002));
#3936=CARTESIAN_POINT('',(0.0172387462198734,-0.0909470412135124,0.002));
#3937=CARTESIAN_POINT('',(-0.0240112537801266,-0.0909470412135124,0.002));
#3938=CARTESIAN_POINT('',(-0.0652612537801266,-0.0909470412135124,0.002));
#3939=CARTESIAN_POINT('',(-0.0652612537801266,-0.0865594136492082,0.002));
#3940=CARTESIAN_POINT('',(-0.0652612537801266,-0.0809470412135124,0.002));
#3941=CARTESIAN_POINT('',(-0.0665112537801266,-0.0809470412135124,0.002));
#3942=CARTESIAN_POINT('',(-0.0677612537801266,-0.0809470412135124,0.002));
#3943=CARTESIAN_POINT('',(-0.0693921294531007,-0.0837718007399316,0.002));
#3944=CARTESIAN_POINT('',(-0.0706480051260747,-0.0859470412135124,0.002));
#3945=CARTESIAN_POINT('',(-0.0706480051260747,-0.0734470412135124,0.002));
#3946=CARTESIAN_POINT('',(-0.0706480051260747,-0.0609470412135124,0.002));
#3947=CARTESIAN_POINT('',(-0.0693921294531007,-0.0631222816870933,0.002));
#3948=CARTESIAN_POINT('',(-0.0677612537801266,-0.0659470412135124,0.002));
#3949=CARTESIAN_POINT('',(-0.0665112537801266,-0.0659470412135124,0.002));
#3950=CARTESIAN_POINT('',(-0.0652612537801266,-0.0659470412135124,0.002));
#3951=CARTESIAN_POINT('',(-0.0652612537801266,-0.0603346687778166,0.002));
#3952=CARTESIAN_POINT('',(-0.0652612537801266,-0.0559470412135124,0.002));
#3953=CARTESIAN_POINT('',(-0.0240112537801266,-0.0559470412135124,0.002));
#3954=CARTESIAN_POINT('',(0.0172387462198734,-0.0559470412135124,0.002));
#3955=CARTESIAN_POINT('',(0.0172387462198734,-0.0603346687778166,0.002));
#3956=CARTESIAN_POINT('',(0.0172387462198734,-0.0659470412135124,0.002));
#3957=CARTESIAN_POINT('',(0.0184887462198734,-0.0659470412135124,0.002));
#3958=CARTESIAN_POINT('',(0.0197387462198735,-0.0659470412135124,0.002));
#3959=CARTESIAN_POINT('',(0.0213696218928475,-0.0631222816870933,0.002));
#3960=CARTESIAN_POINT('',(0.0226254975658216,-0.0609470412135124,0.002));
#3961=CARTESIAN_POINT('',(0.0226254975658216,-0.0734470412135124,0.002));
#3962=CARTESIAN_POINT('',(-0.0836161798286439,-0.0139882005739212,0.002));
#3963=CARTESIAN_POINT('',(-0.0809161798286439,-0.0139882005739212,0.002));
#3964=CARTESIAN_POINT('',(-0.0863161798286439,-0.0139882005739212,0.002));
#3965=CARTESIAN_POINT('',(-0.0809161798286439,-0.0149882005739212,0.002));
#3966=CARTESIAN_POINT('',(-0.0809161798286439,-0.0159882005739212,0.002));
#3967=CARTESIAN_POINT('',(-0.0836161798286439,-0.0159882005739212,0.002));
#3968=CARTESIAN_POINT('',(-0.0863161798286439,-0.0159882005739212,0.002));
#3969=CARTESIAN_POINT('',(-0.0863161798286439,-0.0149882005739212,0.002));
#3970=CARTESIAN_POINT('',(-0.0836161798286439,-0.0250882005739212,0.002));
#3971=CARTESIAN_POINT('',(-0.0809161798286439,-0.0250882005739212,0.002));
#3972=CARTESIAN_POINT('',(-0.0863161798286439,-0.0250882005739212,0.002));
#3973=CARTESIAN_POINT('',(-0.0809161798286439,-0.0260882005739212,0.002));
#3974=CARTESIAN_POINT('',(-0.0809161798286439,-0.0270882005739212,0.002));
#3975=CARTESIAN_POINT('',(-0.0836161798286439,-0.0270882005739212,0.002));
#3976=CARTESIAN_POINT('',(-0.0863161798286439,-0.0270882005739212,0.002));
#3977=CARTESIAN_POINT('',(-0.0863161798286439,-0.0260882005739212,0.002));
#3978=CARTESIAN_POINT('',(-0.0836161798286439,-0.0194882005739212,0.002));
#3979=CARTESIAN_POINT('',(-0.0809161798286439,-0.0194882005739212,0.002));
#3980=CARTESIAN_POINT('',(-0.0863161798286439,-0.0194882005739212,0.002));
#3981=CARTESIAN_POINT('',(-0.0809161798286439,-0.0204882005739212,0.002));
#3982=CARTESIAN_POINT('',(-0.0809161798286439,-0.0214882005739212,0.002));
#3983=CARTESIAN_POINT('',(-0.0836161798286439,-0.0214882005739212,0.002));
#3984=CARTESIAN_POINT('',(-0.0863161798286439,-0.0214882005739212,0.002));
#3985=CARTESIAN_POINT('',(-0.0863161798286439,-0.0204882005739212,0.002));
#3986=CARTESIAN_POINT('',(-0.0986361798286438,-0.0205832005739212,0.002));
#3987=CARTESIAN_POINT('',(-0.0986361798286438,-0.0140582005739212,0.002));
#3988=CARTESIAN_POINT('',(-0.0986361798286438,-0.0271082005739212,0.002));
#3989=CARTESIAN_POINT('',(-0.0946111798286438,-0.0140582005739212,0.002));
#3990=CARTESIAN_POINT('',(-0.0905861798286438,-0.0140582005739212,0.002));
#3991=CARTESIAN_POINT('',(-0.0905861798286438,-0.0205832005739212,0.002));
#3992=CARTESIAN_POINT('',(-0.0905861798286438,-0.0271082005739212,0.002));
#3993=CARTESIAN_POINT('',(-0.0946111798286438,-0.0271082005739212,0.002));
#3994=CARTESIAN_POINT('',(0.0326624619483946,0.0170178214430809,0.002));
#3995=CARTESIAN_POINT('',(0.0385624619483946,0.0170178214430809,0.002));
#3996=CARTESIAN_POINT('',(0.0267624619483946,0.0170178214430809,0.002));
#3997=CARTESIAN_POINT('',(0.0385624619483946,0.0100428214430809,0.002));
#3998=CARTESIAN_POINT('',(0.0385624619483946,0.0030678214430809,0.002));
#3999=CARTESIAN_POINT('',(0.0326624619483946,0.0030678214430809,0.002));
#4000=CARTESIAN_POINT('',(0.0267624619483946,0.0030678214430809,0.002));
#4001=CARTESIAN_POINT('',(0.0267624619483946,0.0100428214430809,0.002));
#4002=CARTESIAN_POINT('',(-0.0806849695086477,0.0170178214430809,0.002));
#4003=CARTESIAN_POINT('',(-0.0865849695086477,0.0170178214430809,0.002));
#4004=CARTESIAN_POINT('',(-0.0747849695086477,0.0170178214430809,0.002));
#4005=CARTESIAN_POINT('',(-0.0747849695086477,0.0100428214430809,0.002));
#4006=CARTESIAN_POINT('',(-0.0747849695086477,0.0030678214430809,0.002));
#4007=CARTESIAN_POINT('',(-0.0806849695086477,0.0030678214430809,0.002));
#4008=CARTESIAN_POINT('',(-0.0865849695086477,0.0030678214430809,0.002));
#4009=CARTESIAN_POINT('',(-0.0865849695086477,0.0100428214430809,0.002));
#4010=CARTESIAN_POINT('',(-0.0836161798286439,-0.0697292500082652,0.002));
#4011=CARTESIAN_POINT('',(-0.0809161798286439,-0.0697292500082652,0.002));
#4012=CARTESIAN_POINT('',(-0.0863161798286439,-0.0697292500082652,0.002));
#4013=CARTESIAN_POINT('',(-0.0809161798286439,-0.0707292500082652,0.002));
#4014=CARTESIAN_POINT('',(-0.0809161798286439,-0.0717292500082652,0.002));
#4015=CARTESIAN_POINT('',(-0.0836161798286439,-0.0717292500082652,0.002));
#4016=CARTESIAN_POINT('',(-0.0863161798286439,-0.0717292500082652,0.002));
#4017=CARTESIAN_POINT('',(-0.0863161798286439,-0.0707292500082652,0.002));
#4018=CARTESIAN_POINT('',(-0.0836161798286439,-0.0753292500082652,0.002));
#4019=CARTESIAN_POINT('',(-0.0809161798286439,-0.0753292500082652,0.002));
#4020=CARTESIAN_POINT('',(-0.0863161798286439,-0.0753292500082652,0.002));
#4021=CARTESIAN_POINT('',(-0.0809161798286439,-0.0763292500082652,0.002));
#4022=CARTESIAN_POINT('',(-0.0809161798286439,-0.0773292500082652,0.002));
#4023=CARTESIAN_POINT('',(-0.0836161798286439,-0.0773292500082651,0.002));
#4024=CARTESIAN_POINT('',(-0.0863161798286439,-0.0773292500082651,0.002));
#4025=CARTESIAN_POINT('',(-0.0863161798286439,-0.0763292500082652,0.002));
#4026=CARTESIAN_POINT('',(-0.0986361798286438,-0.0708242500082652,0.002));
#4027=CARTESIAN_POINT('',(-0.0986361798286438,-0.0642992500082652,0.002));
#4028=CARTESIAN_POINT('',(-0.0986361798286438,-0.0773492500082652,0.002));
#4029=CARTESIAN_POINT('',(-0.0946111798286438,-0.0642992500082652,0.002));
#4030=CARTESIAN_POINT('',(-0.0905861798286438,-0.0642992500082652,0.002));
#4031=CARTESIAN_POINT('',(-0.0905861798286438,-0.0708242500082652,0.002));
#4032=CARTESIAN_POINT('',(-0.0905861798286438,-0.0773492500082652,0.002));
#4033=CARTESIAN_POINT('',(-0.0946111798286438,-0.0773492500082652,0.002));
#4034=CARTESIAN_POINT('',(-0.0272558004294341,0.00873816545307634,0.));
#4035=CARTESIAN_POINT('',(-0.0809161798286439,0.00873816545307634,0.));
#4036=CARTESIAN_POINT('',(-0.0809161798286439,-0.0753292500082652,0.));
#4037=CARTESIAN_POINT('',(-0.0809161798286439,-0.0773292500082651,0.));
#4038=CARTESIAN_POINT('',(-0.0272558004294341,-0.0753292500082652,0.));
#4039=CARTESIAN_POINT('',(-0.0863161798286439,-0.0753292500082652,0.));
#4040=CARTESIAN_POINT('',(-0.0863161798286439,0.00873816545307634,0.));
#4041=CARTESIAN_POINT('',(-0.0863161798286439,-0.0773292500082651,0.));
#4042=CARTESIAN_POINT('',(-0.0272558004294341,-0.0773292500082651,0.));
#4043=CARTESIAN_POINT('',(-0.0272558004294341,-0.0140582005739212,0.));
#4044=CARTESIAN_POINT('',(-0.0986361798286438,-0.0140582005739212,0.));
#4045=CARTESIAN_POINT('',(-0.0905861798286438,-0.0140582005739212,0.));
#4046=CARTESIAN_POINT('',(-0.0986361798286438,0.00873816545307634,0.));
#4047=CARTESIAN_POINT('',(-0.0986361798286438,-0.0271082005739212,0.));
#4048=CARTESIAN_POINT('',(-0.0272558004294341,-0.0271082005739212,0.));
#4049=CARTESIAN_POINT('',(-0.0905861798286438,-0.0271082005739212,0.));
#4050=CARTESIAN_POINT('',(-0.0905861798286438,0.00873816545307634,0.));
#4051=CARTESIAN_POINT('',(-0.0809161798286439,0.00873816545307634,0.));
#4052=CARTESIAN_POINT('',(-0.0809161798286439,-0.0250882005739212,0.));
#4053=CARTESIAN_POINT('',(-0.0809161798286439,-0.0270882005739212,0.));
#4054=CARTESIAN_POINT('',(-0.0272558004294341,-0.0250882005739212,0.));
#4055=CARTESIAN_POINT('',(-0.0863161798286439,-0.0250882005739212,0.));
#4056=CARTESIAN_POINT('',(-0.0863161798286439,0.00873816545307634,0.));
#4057=CARTESIAN_POINT('',(-0.0863161798286439,-0.0270882005739212,0.));
#4058=CARTESIAN_POINT('',(-0.0272558004294341,-0.0270882005739212,0.));
#4059=CARTESIAN_POINT('',(-0.0240112537801266,-0.0476156163662672,0.));
#4060=CARTESIAN_POINT('',(-0.0170112537801266,-0.0476156163662672,0.));
#4061=CARTESIAN_POINT('',(-0.0310112537801266,-0.0476156163662672,0.));
#4062=CARTESIAN_POINT('',(-0.0170112537801266,-0.0406156163662672,0.));
#4063=CARTESIAN_POINT('',(-0.0170112537801266,-0.0336156163662672,0.));
#4064=CARTESIAN_POINT('',(-0.0240112537801266,-0.0336156163662672,0.));
#4065=CARTESIAN_POINT('',(-0.0310112537801266,-0.0336156163662672,0.));
#4066=CARTESIAN_POINT('',(-0.0310112537801266,-0.0406156163662672,0.));
#4067=CARTESIAN_POINT('',(-1.12537801265859E-5,-0.0476156163662672,0.));
#4068=CARTESIAN_POINT('',(0.00698874621987341,-0.0476156163662672,0.));
#4069=CARTESIAN_POINT('',(-0.00701125378012658,-0.0476156163662672,0.));
#4070=CARTESIAN_POINT('',(0.00698874621987341,-0.0406156163662672,0.));
#4071=CARTESIAN_POINT('',(0.00698874621987341,-0.0336156163662672,0.));
#4072=CARTESIAN_POINT('',(-1.12537801265859E-5,-0.0336156163662672,0.));
#4073=CARTESIAN_POINT('',(-0.00701125378012659,-0.0336156163662672,0.));
#4074=CARTESIAN_POINT('',(-0.00701125378012659,-0.0406156163662672,0.));
#4075=CARTESIAN_POINT('',(0.0239887462198734,-0.0476156163662672,0.));
#4076=CARTESIAN_POINT('',(0.0309887462198734,-0.0476156163662672,0.));
#4077=CARTESIAN_POINT('',(0.0169887462198734,-0.0476156163662672,0.));
#4078=CARTESIAN_POINT('',(0.0309887462198734,-0.0406156163662672,0.));
#4079=CARTESIAN_POINT('',(0.0309887462198734,-0.0336156163662672,0.));
#4080=CARTESIAN_POINT('',(0.0239887462198734,-0.0336156163662672,0.));
#4081=CARTESIAN_POINT('',(0.0169887462198734,-0.0336156163662672,0.));
#4082=CARTESIAN_POINT('',(0.0169887462198734,-0.0406156163662672,0.));
#4083=CARTESIAN_POINT('',(-0.0790112537801266,-0.106278466060758,0.));
#4084=CARTESIAN_POINT('',(-0.0790112537801266,-0.0992784660607576,0.));
#4085=CARTESIAN_POINT('',(-0.0790112537801266,-0.113278466060758,0.));
#4086=CARTESIAN_POINT('',(-0.0720112537801266,-0.113278466060758,0.));
#4087=CARTESIAN_POINT('',(-0.0650112537801266,-0.113278466060758,0.));
#4088=CARTESIAN_POINT('',(-0.0650112537801266,-0.106278466060758,0.));
#4089=CARTESIAN_POINT('',(-0.0650112537801266,-0.0992784660607576,0.));
#4090=CARTESIAN_POINT('',(-0.0720112537801266,-0.0992784660607576,0.));
#4091=CARTESIAN_POINT('',(-0.0480112537801266,-0.0992784660607576,0.));
#4092=CARTESIAN_POINT('',(-0.0550112537801266,-0.0992784660607576,0.));
#4093=CARTESIAN_POINT('',(-0.0410112537801266,-0.0992784660607576,0.));
#4094=CARTESIAN_POINT('',(-0.0550112537801266,-0.106278466060758,0.));
#4095=CARTESIAN_POINT('',(-0.0550112537801266,-0.113278466060758,0.));
#4096=CARTESIAN_POINT('',(-0.0480112537801266,-0.113278466060758,0.));
#4097=CARTESIAN_POINT('',(-0.0410112537801266,-0.113278466060758,0.));
#4098=CARTESIAN_POINT('',(-0.0410112537801266,-0.106278466060758,0.));
#4099=CARTESIAN_POINT('',(0.0324547328054905,-0.0884815379977226,0.));
#4100=CARTESIAN_POINT('',(0.0278047328054905,-0.0884815379977226,0.));
#4101=CARTESIAN_POINT('',(-0.0693921294531007,-0.0837718007399316,0.));
#4102=CARTESIAN_POINT('',(-0.0677612537801266,-0.0809470412135124,0.));
#4103=CARTESIAN_POINT('',(-0.0706480051260747,-0.0859470412135124,0.));
#4104=CARTESIAN_POINT('',(-0.0665112537801266,-0.0809470412135124,0.));
#4105=CARTESIAN_POINT('',(-0.0652612537801266,-0.0809470412135124,0.));
#4106=CARTESIAN_POINT('',(-0.0652612537801266,-0.0865594136492082,0.));
#4107=CARTESIAN_POINT('',(-0.0652612537801266,-0.0909470412135124,0.));
#4108=CARTESIAN_POINT('',(-0.0240112537801266,-0.0909470412135124,0.));
#4109=CARTESIAN_POINT('',(0.0172387462198734,-0.0909470412135124,0.));
#4110=CARTESIAN_POINT('',(0.0172387462198734,-0.0865594136492082,0.));
#4111=CARTESIAN_POINT('',(0.0172387462198734,-0.0809470412135124,0.));
#4112=CARTESIAN_POINT('',(0.0184887462198734,-0.0809470412135124,0.));
#4113=CARTESIAN_POINT('',(0.0197387462198735,-0.0809470412135124,0.));
#4114=CARTESIAN_POINT('',(0.0213696218928475,-0.0837718007399316,0.));
#4115=CARTESIAN_POINT('',(0.0226254975658216,-0.0859470412135124,0.));
#4116=CARTESIAN_POINT('',(0.0226254975658216,-0.0734470412135124,0.));
#4117=CARTESIAN_POINT('',(0.0226254975658216,-0.0609470412135124,0.));
#4118=CARTESIAN_POINT('',(0.0213696218928475,-0.0631222816870933,0.));
#4119=CARTESIAN_POINT('',(0.0197387462198735,-0.0659470412135124,0.));
#4120=CARTESIAN_POINT('',(0.0184887462198734,-0.0659470412135124,0.));
#4121=CARTESIAN_POINT('',(0.0172387462198734,-0.0659470412135124,0.));
#4122=CARTESIAN_POINT('',(0.0172387462198734,-0.0603346687778166,0.));
#4123=CARTESIAN_POINT('',(0.0172387462198734,-0.0559470412135124,0.));
#4124=CARTESIAN_POINT('',(-0.0240112537801266,-0.0559470412135124,0.));
#4125=CARTESIAN_POINT('',(-0.0652612537801266,-0.0559470412135124,0.));
#4126=CARTESIAN_POINT('',(-0.0652612537801266,-0.0603346687778166,0.));
#4127=CARTESIAN_POINT('',(-0.0652612537801266,-0.0659470412135124,0.));
#4128=CARTESIAN_POINT('',(-0.0665112537801266,-0.0659470412135124,0.));
#4129=CARTESIAN_POINT('',(-0.0677612537801266,-0.0659470412135124,0.));
#4130=CARTESIAN_POINT('',(-0.0693921294531007,-0.0631222816870933,0.));
#4131=CARTESIAN_POINT('',(-0.0706480051260747,-0.0609470412135124,0.));
#4132=CARTESIAN_POINT('',(-0.0706480051260747,-0.0734470412135124,0.));
#4133=CARTESIAN_POINT('',(0.0266887462198734,-0.027094814369841,0.));
#4134=CARTESIAN_POINT('',(0.0266887462198734,-0.026094814369841,0.));
#4135=CARTESIAN_POINT('',(0.0266887462198734,-0.028094814369841,0.));
#4136=CARTESIAN_POINT('',(0.0239887462198734,-0.026094814369841,0.));
#4137=CARTESIAN_POINT('',(0.0212887462198734,-0.026094814369841,0.));
#4138=CARTESIAN_POINT('',(0.0212887462198734,-0.027094814369841,0.));
#4139=CARTESIAN_POINT('',(0.0212887462198734,-0.028094814369841,0.));
#4140=CARTESIAN_POINT('',(0.0239887462198734,-0.028094814369841,0.));
#4141=CARTESIAN_POINT('',(-0.0240112537801266,-0.113278466060758,0.));
#4142=CARTESIAN_POINT('',(-0.0170112537801266,-0.113278466060758,0.));
#4143=CARTESIAN_POINT('',(-0.0310112537801266,-0.113278466060758,0.));
#4144=CARTESIAN_POINT('',(-0.0170112537801266,-0.106278466060758,0.));
#4145=CARTESIAN_POINT('',(-0.0170112537801266,-0.0992784660607576,0.));
#4146=CARTESIAN_POINT('',(-0.0240112537801266,-0.0992784660607576,0.));
#4147=CARTESIAN_POINT('',(-0.0310112537801266,-0.0992784660607576,0.));
#4148=CARTESIAN_POINT('',(-0.0310112537801266,-0.106278466060758,0.));
#4149=CARTESIAN_POINT('',(0.0239887462198734,-0.113278466060758,0.));
#4150=CARTESIAN_POINT('',(0.0309887462198734,-0.113278466060758,0.));
#4151=CARTESIAN_POINT('',(0.0169887462198734,-0.113278466060758,0.));
#4152=CARTESIAN_POINT('',(0.0309887462198734,-0.106278466060758,0.));
#4153=CARTESIAN_POINT('',(0.0309887462198734,-0.0992784660607576,0.));
#4154=CARTESIAN_POINT('',(0.0239887462198734,-0.0992784660607576,0.));
#4155=CARTESIAN_POINT('',(0.0169887462198734,-0.0992784660607576,0.));
#4156=CARTESIAN_POINT('',(0.0169887462198734,-0.106278466060758,0.));
#4157=CARTESIAN_POINT('',(-1.12537801265859E-5,-0.113278466060758,0.));
#4158=CARTESIAN_POINT('',(0.00698874621987341,-0.113278466060758,0.));
#4159=CARTESIAN_POINT('',(-0.00701125378012659,-0.113278466060758,0.));
#4160=CARTESIAN_POINT('',(0.00698874621987341,-0.106278466060758,0.));
#4161=CARTESIAN_POINT('',(0.00698874621987341,-0.0992784660607576,0.));
#4162=CARTESIAN_POINT('',(-1.12537801265859E-5,-0.0992784660607576,0.));
#4163=CARTESIAN_POINT('',(-0.00701125378012659,-0.0992784660607576,0.));
#4164=CARTESIAN_POINT('',(-0.00701125378012659,-0.106278466060758,0.));
#4165=CARTESIAN_POINT('',(-0.0720112537801266,-0.0336156163662672,0.));
#4166=CARTESIAN_POINT('',(-0.0790112537801266,-0.0336156163662672,0.));
#4167=CARTESIAN_POINT('',(-0.0650112537801266,-0.0336156163662672,0.));
#4168=CARTESIAN_POINT('',(-0.0790112537801266,-0.0406156163662672,0.));
#4169=CARTESIAN_POINT('',(-0.0790112537801266,-0.0476156163662672,0.));
#4170=CARTESIAN_POINT('',(-0.0720112537801266,-0.0476156163662672,0.));
#4171=CARTESIAN_POINT('',(-0.0650112537801266,-0.0476156163662672,0.));
#4172=CARTESIAN_POINT('',(-0.0650112537801266,-0.0406156163662672,0.));
#4173=CARTESIAN_POINT('',(-0.0480112537801266,-0.0336156163662672,0.));
#4174=CARTESIAN_POINT('',(-0.0550112537801266,-0.0336156163662672,0.));
#4175=CARTESIAN_POINT('',(-0.0410112537801266,-0.0336156163662672,0.));
#4176=CARTESIAN_POINT('',(-0.0550112537801266,-0.0406156163662672,0.));
#4177=CARTESIAN_POINT('',(-0.0550112537801266,-0.0476156163662672,0.));
#4178=CARTESIAN_POINT('',(-0.0480112537801266,-0.0476156163662672,0.));
#4179=CARTESIAN_POINT('',(-0.0410112537801266,-0.0476156163662672,0.));
#4180=CARTESIAN_POINT('',(-0.0410112537801266,-0.0406156163662672,0.));
#4181=CARTESIAN_POINT('',(-0.0576612537801266,0.0269881654530763,0.));
#4182=CARTESIAN_POINT('',(-0.0591612537801266,0.0269881654530763,0.));
#4183=CARTESIAN_POINT('',(-0.0561612537801266,0.0269881654530763,0.));
#4184=CARTESIAN_POINT('',(-0.0610169047651155,0.0302022472401925,0.));
#4185=CARTESIAN_POINT('',(-0.0626612537801266,0.0330503432795674,0.));
#4186=CARTESIAN_POINT('',(-0.0641612537801266,0.0330503432795674,0.));
#4187=CARTESIAN_POINT('',(-0.0656612537801266,0.0330503432795674,0.));
#4188=CARTESIAN_POINT('',(-0.0656612537801266,0.0300192543663219,0.));
#4189=CARTESIAN_POINT('',(-0.0656612537801266,-0.0155740123734147,0.));
#4190=CARTESIAN_POINT('',(-0.0641612537801266,-0.0155740123734147,0.));
#4191=CARTESIAN_POINT('',(-0.0626612537801266,-0.0155740123734147,0.));
#4192=CARTESIAN_POINT('',(-0.0610169047651155,-0.0127259163340398,0.));
#4193=CARTESIAN_POINT('',(-0.0591612537801266,-0.00951183454692364,0.));
#4194=CARTESIAN_POINT('',(-0.0576612537801266,-0.00951183454692364,0.));
#4195=CARTESIAN_POINT('',(-0.0561612537801266,-0.00951183454692364,0.));
#4196=CARTESIAN_POINT('',(-0.0543056027951376,-0.0127259163340398,0.));
#4197=CARTESIAN_POINT('',(-0.0526612537801266,-0.0155740123734147,0.));
#4198=CARTESIAN_POINT('',(-0.0240112537801265,-0.0155740123734147,0.));
#4199=CARTESIAN_POINT('',(0.00463874621987343,-0.0155740123734147,0.));
#4200=CARTESIAN_POINT('',(0.00628309523488447,-0.0127259163340398,0.));
#4201=CARTESIAN_POINT('',(0.00813874621987343,-0.00951183454692364,0.));
#4202=CARTESIAN_POINT('',(0.00963874621987343,-0.00951183454692364,0.));
#4203=CARTESIAN_POINT('',(0.0111387462198734,-0.00951183454692364,0.));
#4204=CARTESIAN_POINT('',(0.0129943972048624,-0.0127259163340398,0.));
#4205=CARTESIAN_POINT('',(0.0146387462198734,-0.0155740123734147,0.));
#4206=CARTESIAN_POINT('',(0.0161387462198734,-0.0155740123734147,0.));
#4207=CARTESIAN_POINT('',(0.0176387462198734,-0.0155740123734147,0.));
#4208=CARTESIAN_POINT('',(0.0176387462198734,0.0300192543663219,0.));
#4209=CARTESIAN_POINT('',(0.0176387462198734,0.0330503432795674,0.));
#4210=CARTESIAN_POINT('',(0.0161387462198734,0.0330503432795674,0.));
#4211=CARTESIAN_POINT('',(0.0146387462198734,0.0330503432795674,0.));
#4212=CARTESIAN_POINT('',(0.0129943972048624,0.0302022472401925,0.));
#4213=CARTESIAN_POINT('',(0.0111387462198734,0.0269881654530763,0.));
#4214=CARTESIAN_POINT('',(0.00963874621987343,0.0269881654530763,0.));
#4215=CARTESIAN_POINT('',(0.00813874621987343,0.0269881654530763,0.));
#4216=CARTESIAN_POINT('',(0.00628309523488447,0.0302022472401925,0.));
#4217=CARTESIAN_POINT('',(0.00463874621987343,0.0330503432795674,0.));
#4218=CARTESIAN_POINT('',(-0.0240112537801265,0.0330503432795674,0.));
#4219=CARTESIAN_POINT('',(-0.0526612537801266,0.0330503432795674,0.));
#4220=CARTESIAN_POINT('',(-0.0543056027951376,0.0302022472401925,0.));
#4221=CARTESIAN_POINT('',(-0.0181862537801266,-0.118278466060758,0.));
#4222=CARTESIAN_POINT('',(-0.105661253780127,-0.118278466060758,0.));
#4223=CARTESIAN_POINT('',(0.0576387462198735,-0.118278466060758,0.));
#4224=CARTESIAN_POINT('',(-0.105661253780127,0.00873816545307635,0.));
#4225=CARTESIAN_POINT('',(-0.105661253780127,0.0380503432795675,0.));
#4226=CARTESIAN_POINT('',(-0.0240112537801265,0.0380503432795675,0.));
#4227=CARTESIAN_POINT('',(0.0576387462198734,0.0380503432795675,0.));
#4228=CARTESIAN_POINT('',(0.0576387462198734,0.00873816545307636,0.));
#4229=CARTESIAN_POINT('',(-0.0809161798286439,0.00873816545307634,0.));
#4230=CARTESIAN_POINT('',(-0.0809161798286439,-0.0139882005739212,0.));
#4231=CARTESIAN_POINT('',(-0.0809161798286439,-0.0159882005739212,0.));
#4232=CARTESIAN_POINT('',(-0.0272558004294341,-0.0139882005739212,0.));
#4233=CARTESIAN_POINT('',(-0.0863161798286439,-0.0139882005739212,0.));
#4234=CARTESIAN_POINT('',(-0.0863161798286439,0.00873816545307634,0.));
#4235=CARTESIAN_POINT('',(-0.0863161798286439,-0.0159882005739212,0.));
#4236=CARTESIAN_POINT('',(-0.0272558004294341,-0.0159882005739212,0.));
#4237=CARTESIAN_POINT('',(-0.0809161798286439,0.00873816545307634,0.));
#4238=CARTESIAN_POINT('',(-0.0809161798286439,-0.0194882005739212,0.));
#4239=CARTESIAN_POINT('',(-0.0809161798286439,-0.0214882005739212,0.));
#4240=CARTESIAN_POINT('',(-0.0272558004294341,-0.0194882005739212,0.));
#4241=CARTESIAN_POINT('',(-0.0863161798286439,-0.0194882005739212,0.));
#4242=CARTESIAN_POINT('',(-0.0863161798286439,0.00873816545307634,0.));
#4243=CARTESIAN_POINT('',(-0.0863161798286439,-0.0214882005739212,0.));
#4244=CARTESIAN_POINT('',(-0.0272558004294341,-0.0214882005739212,0.));
#4245=CARTESIAN_POINT('',(0.0326624619483946,0.0170178214430809,0.));
#4246=CARTESIAN_POINT('',(0.0385624619483946,0.0170178214430809,0.));
#4247=CARTESIAN_POINT('',(0.0267624619483946,0.0170178214430809,0.));
#4248=CARTESIAN_POINT('',(0.0267624619483946,0.0100428214430809,0.));
#4249=CARTESIAN_POINT('',(0.0267624619483946,0.0030678214430809,0.));
#4250=CARTESIAN_POINT('',(0.0326624619483946,0.0030678214430809,0.));
#4251=CARTESIAN_POINT('',(0.0385624619483946,0.0030678214430809,0.));
#4252=CARTESIAN_POINT('',(0.0385624619483946,0.0100428214430809,0.));
#4253=CARTESIAN_POINT('',(-0.0806849695086477,0.0170178214430809,0.));
#4254=CARTESIAN_POINT('',(-0.0865849695086477,0.0170178214430809,0.));
#4255=CARTESIAN_POINT('',(-0.0747849695086477,0.0170178214430809,0.));
#4256=CARTESIAN_POINT('',(-0.0865849695086477,0.0100428214430809,0.));
#4257=CARTESIAN_POINT('',(-0.0865849695086477,0.0030678214430809,0.));
#4258=CARTESIAN_POINT('',(-0.0806849695086477,0.0030678214430809,0.));
#4259=CARTESIAN_POINT('',(-0.0747849695086477,0.0030678214430809,0.));
#4260=CARTESIAN_POINT('',(-0.0747849695086477,0.0100428214430809,0.));
#4261=CARTESIAN_POINT('',(-0.0809161798286439,0.00873816545307634,0.));
#4262=CARTESIAN_POINT('',(-0.0809161798286439,-0.0642292500082652,0.));
#4263=CARTESIAN_POINT('',(-0.0809161798286439,-0.0662292500082652,0.));
#4264=CARTESIAN_POINT('',(-0.0272558004294341,-0.0642292500082652,0.));
#4265=CARTESIAN_POINT('',(-0.0863161798286439,-0.0642292500082652,0.));
#4266=CARTESIAN_POINT('',(-0.0863161798286439,0.00873816545307634,0.));
#4267=CARTESIAN_POINT('',(-0.0863161798286439,-0.0662292500082652,0.));
#4268=CARTESIAN_POINT('',(-0.0272558004294341,-0.0662292500082652,0.));
#4269=CARTESIAN_POINT('',(-0.0809161798286439,0.00873816545307634,0.));
#4270=CARTESIAN_POINT('',(-0.0809161798286439,-0.0697292500082652,0.));
#4271=CARTESIAN_POINT('',(-0.0809161798286439,-0.0717292500082652,0.));
#4272=CARTESIAN_POINT('',(-0.0272558004294341,-0.0697292500082652,0.));
#4273=CARTESIAN_POINT('',(-0.0863161798286439,-0.0697292500082652,0.));
#4274=CARTESIAN_POINT('',(-0.0863161798286439,0.00873816545307634,0.));
#4275=CARTESIAN_POINT('',(-0.0863161798286439,-0.0717292500082652,0.));
#4276=CARTESIAN_POINT('',(-0.0272558004294341,-0.0717292500082652,0.));
#4277=CARTESIAN_POINT('',(0.0533113748192787,0.00873816545307634,0.));
#4278=CARTESIAN_POINT('',(0.0533113748192787,0.0335705557256937,0.));
#4279=CARTESIAN_POINT('',(0.0533113748192787,0.0315705557256937,0.));
#4280=CARTESIAN_POINT('',(-0.0272558004294341,0.0335705557256937,0.));
#4281=CARTESIAN_POINT('',(0.0479113748192787,0.0335705557256937,0.));
#4282=CARTESIAN_POINT('',(0.0479113748192787,0.00873816545307634,0.));
#4283=CARTESIAN_POINT('',(0.0479113748192787,0.0315705557256937,0.));
#4284=CARTESIAN_POINT('',(-0.0272558004294341,0.0315705557256937,0.));
#4285=CARTESIAN_POINT('',(-0.0272558004294341,-0.0642992500082652,0.));
#4286=CARTESIAN_POINT('',(-0.0986361798286438,-0.0642992500082652,0.));
#4287=CARTESIAN_POINT('',(-0.0905861798286438,-0.0642992500082652,0.));
#4288=CARTESIAN_POINT('',(-0.0986361798286438,0.00873816545307634,0.));
#4289=CARTESIAN_POINT('',(-0.0986361798286438,-0.0773492500082652,0.));
#4290=CARTESIAN_POINT('',(-0.0272558004294341,-0.0773492500082652,0.));
#4291=CARTESIAN_POINT('',(-0.0905861798286438,-0.0773492500082652,0.));
#4292=CARTESIAN_POINT('',(-0.0905861798286438,0.00873816545307634,0.));
#4293=CARTESIAN_POINT('',(-0.0240112537801265,0.0380503432795675,0.002));
#4294=CARTESIAN_POINT('',(-0.105661253780127,0.0380503432795675,0.002002));
#4295=CARTESIAN_POINT('',(0.0576387462198734,0.0380503432795675,0.002002));
#4296=CARTESIAN_POINT('',(-0.0576612537801266,0.0269881654530763,0.002));
#4297=CARTESIAN_POINT('',(-0.0561612537801266,0.0269881654530763,0.002));
#4298=CARTESIAN_POINT('',(-0.0591612537801266,0.0269881654530763,0.002));
#4299=CARTESIAN_POINT('',(-0.0576612537801266,0.0269881654530763,0.005));
#4300=CARTESIAN_POINT('',(-0.0561612537801266,0.0269881654530763,0.005));
#4301=CARTESIAN_POINT('',(-0.0543056027951376,0.0302022472401925,0.002));
#4302=CARTESIAN_POINT('',(-0.0526612537801266,0.0330503432795674,0.002));
#4303=CARTESIAN_POINT('',(-0.0240112537801265,0.0330503432795674,0.002));
#4304=CARTESIAN_POINT('',(0.00463874621987343,0.0330503432795674,0.002));
#4305=CARTESIAN_POINT('',(0.00628309523488447,0.0302022472401925,0.002));
#4306=CARTESIAN_POINT('',(0.00813874621987343,0.0269881654530763,0.002));
#4307=CARTESIAN_POINT('',(0.00963874621987343,0.0269881654530763,0.002));
#4308=CARTESIAN_POINT('',(0.0111387462198734,0.0269881654530763,0.002));
#4309=CARTESIAN_POINT('',(0.00963874621987343,0.0269881654530763,0.005));
#4310=CARTESIAN_POINT('',(0.0111387462198734,0.0269881654530763,0.005));
#4311=CARTESIAN_POINT('',(0.0129943972048624,0.0302022472401925,0.002));
#4312=CARTESIAN_POINT('',(0.0146387462198734,0.0330503432795674,0.002));
#4313=CARTESIAN_POINT('',(0.0161387462198734,0.0330503432795674,0.002));
#4314=CARTESIAN_POINT('',(0.0176387462198734,0.0330503432795674,0.002));
#4315=CARTESIAN_POINT('',(0.0176387462198734,0.0300192543663219,0.002));
#4316=CARTESIAN_POINT('',(0.0176387462198734,-0.0155740123734147,0.002));
#4317=CARTESIAN_POINT('',(0.0161387462198734,-0.0155740123734147,0.002));
#4318=CARTESIAN_POINT('',(0.0146387462198734,-0.0155740123734147,0.002));
#4319=CARTESIAN_POINT('',(0.0129943972048624,-0.0127259163340398,0.002));
#4320=CARTESIAN_POINT('',(0.0111387462198734,-0.00951183454692364,0.002));
#4321=CARTESIAN_POINT('',(0.00963874621987343,-0.00951183454692364,0.002));
#4322=CARTESIAN_POINT('',(0.00813874621987343,-0.00951183454692364,0.002));
#4323=CARTESIAN_POINT('',(0.00963874621987343,-0.00951183454692364,0.005));
#4324=CARTESIAN_POINT('',(0.0111387462198734,-0.00951183454692364,0.005));
#4325=CARTESIAN_POINT('',(0.00628309523488447,-0.0127259163340398,0.002));
#4326=CARTESIAN_POINT('',(0.00463874621987343,-0.0155740123734147,0.002));
#4327=CARTESIAN_POINT('',(-0.0240112537801265,-0.0155740123734147,0.002));
#4328=CARTESIAN_POINT('',(-0.0526612537801266,-0.0155740123734147,0.002));
#4329=CARTESIAN_POINT('',(-0.0543056027951376,-0.0127259163340398,0.002));
#4330=CARTESIAN_POINT('',(-0.0561612537801266,-0.00951183454692364,0.002));
#4331=CARTESIAN_POINT('',(-0.0576612537801266,-0.00951183454692364,0.002));
#4332=CARTESIAN_POINT('',(-0.0591612537801266,-0.00951183454692364,0.002));
#4333=CARTESIAN_POINT('',(-0.0576612537801266,-0.00951183454692364,0.005));
#4334=CARTESIAN_POINT('',(-0.0561612537801266,-0.00951183454692364,0.005));
#4335=CARTESIAN_POINT('',(-0.0610169047651155,-0.0127259163340398,0.002));
#4336=CARTESIAN_POINT('',(-0.0626612537801266,-0.0155740123734147,0.002));
#4337=CARTESIAN_POINT('',(-0.0641612537801266,-0.0155740123734147,0.002));
#4338=CARTESIAN_POINT('',(-0.0656612537801266,-0.0155740123734147,0.002));
#4339=CARTESIAN_POINT('',(-0.0656612537801266,0.0300192543663219,0.002));
#4340=CARTESIAN_POINT('',(-0.0656612537801266,0.0330503432795674,0.002));
#4341=CARTESIAN_POINT('',(-0.0641612537801266,0.0330503432795674,0.002));
#4342=CARTESIAN_POINT('',(-0.0626612537801266,0.0330503432795674,0.002));
#4343=CARTESIAN_POINT('',(-0.0610169047651155,0.0302022472401925,0.002));
#4344=CARTESIAN_POINT('',(-0.0240112537801266,0.00873816545307634,0.005));
#4345=CARTESIAN_POINT('',(-0.0240112537801266,0.00873816545307634,0.005));
#4346=CARTESIAN_POINT('',(-0.0240112537801266,0.00873816545307634,0.005));
#4347=CARTESIAN_POINT('',(-0.0240112537801266,0.00873816545307634,0.005));
#4348=CARTESIAN_POINT('',(-0.0240112537801266,-0.0476156163662672,0.002002));
#4349=CARTESIAN_POINT('',(-0.0170112537801266,-0.0476156163662672,0.002002));
#4350=CARTESIAN_POINT('',(-0.0310112537801266,-0.0476156163662672,0.002002));
#4351=CARTESIAN_POINT('',(-0.0170112537801266,-0.0406156163662672,0.002002));
#4352=CARTESIAN_POINT('',(-0.0170112537801266,-0.0336156163662672,0.002002));
#4353=CARTESIAN_POINT('',(-0.0240112537801266,-0.0336156163662672,0.002002));
#4354=CARTESIAN_POINT('',(-0.0310112537801266,-0.0336156163662672,0.002002));
#4355=CARTESIAN_POINT('',(-1.12537801265859E-5,-0.0476156163662672,0.002002));
#4356=CARTESIAN_POINT('',(0.00698874621987341,-0.0476156163662672,0.002002));
#4357=CARTESIAN_POINT('',(-0.00701125378012658,-0.0476156163662672,0.002002));
#4358=CARTESIAN_POINT('',(0.00698874621987341,-0.0406156163662672,0.002002));
#4359=CARTESIAN_POINT('',(0.00698874621987341,-0.0336156163662672,0.002002));
#4360=CARTESIAN_POINT('',(-1.12537801265859E-5,-0.0336156163662672,0.002002));
#4361=CARTESIAN_POINT('',(-0.00701125378012659,-0.0336156163662672,0.002002));
#4362=CARTESIAN_POINT('',(0.0239887462198734,-0.0476156163662672,0.002002));
#4363=CARTESIAN_POINT('',(0.0309887462198734,-0.0476156163662672,0.002002));
#4364=CARTESIAN_POINT('',(0.0169887462198734,-0.0476156163662672,0.002002));
#4365=CARTESIAN_POINT('',(0.0309887462198734,-0.0406156163662672,0.002002));
#4366=CARTESIAN_POINT('',(0.0309887462198734,-0.0336156163662672,0.002002));
#4367=CARTESIAN_POINT('',(0.0239887462198734,-0.0336156163662672,0.002002));
#4368=CARTESIAN_POINT('',(0.0169887462198734,-0.0336156163662672,0.002002));
#4369=CARTESIAN_POINT('',(-0.0790112537801266,-0.106278466060758,0.002002));
#4370=CARTESIAN_POINT('',(-0.0790112537801266,-0.0992784660607576,0.002002));
#4371=CARTESIAN_POINT('',(-0.0790112537801266,-0.113278466060758,0.002002));
#4372=CARTESIAN_POINT('',(-0.0720112537801266,-0.113278466060758,0.002002));
#4373=CARTESIAN_POINT('',(-0.0650112537801266,-0.113278466060758,0.002002));
#4374=CARTESIAN_POINT('',(-0.0650112537801266,-0.106278466060758,0.002002));
#4375=CARTESIAN_POINT('',(-0.0650112537801266,-0.0992784660607576,0.002002));
#4376=CARTESIAN_POINT('',(-0.0480112537801266,-0.0992784660607576,0.002002));
#4377=CARTESIAN_POINT('',(-0.0550112537801266,-0.0992784660607576,0.002002));
#4378=CARTESIAN_POINT('',(-0.0410112537801266,-0.0992784660607576,0.002002));
#4379=CARTESIAN_POINT('',(-0.0550112537801266,-0.106278466060758,0.002002));
#4380=CARTESIAN_POINT('',(-0.0550112537801266,-0.113278466060758,0.002002));
#4381=CARTESIAN_POINT('',(-0.0480112537801266,-0.113278466060758,0.002002));
#4382=CARTESIAN_POINT('',(-0.0410112537801266,-0.113278466060758,0.002002));
#4383=CARTESIAN_POINT('',(-0.0693921294531007,-0.0837718007399316,0.002002));
#4384=CARTESIAN_POINT('',(-0.0677612537801266,-0.0809470412135124,0.002002));
#4385=CARTESIAN_POINT('',(-0.0706480051260747,-0.0859470412135124,0.002002));
#4386=CARTESIAN_POINT('',(-0.0665112537801266,-0.0809470412135124,0.002002));
#4387=CARTESIAN_POINT('',(-0.0652612537801266,-0.0809470412135124,0.002002));
#4388=CARTESIAN_POINT('',(-0.0665112537801266,-0.0809470412135124,0.005));
#4389=CARTESIAN_POINT('',(-0.0652612537801266,-0.0809470412135124,0.005));
#4390=CARTESIAN_POINT('',(-0.0652612537801266,-0.0865594136492082,0.002002));
#4391=CARTESIAN_POINT('',(-0.0652612537801266,-0.0909470412135124,0.002002));
#4392=CARTESIAN_POINT('',(-0.0240112537801266,-0.0909470412135124,0.002002));
#4393=CARTESIAN_POINT('',(0.0172387462198734,-0.0909470412135124,0.002002));
#4394=CARTESIAN_POINT('',(0.0172387462198734,-0.0865594136492082,0.002002));
#4395=CARTESIAN_POINT('',(0.0172387462198734,-0.0809470412135124,0.002002));
#4396=CARTESIAN_POINT('',(0.0184887462198734,-0.0809470412135124,0.002002));
#4397=CARTESIAN_POINT('',(0.0197387462198735,-0.0809470412135124,0.002002));
#4398=CARTESIAN_POINT('',(0.0184887462198734,-0.0809470412135124,0.005));
#4399=CARTESIAN_POINT('',(0.0197387462198735,-0.0809470412135124,0.005));
#4400=CARTESIAN_POINT('',(0.0213696218928475,-0.0837718007399316,0.002002));
#4401=CARTESIAN_POINT('',(0.0226254975658216,-0.0859470412135124,0.002002));
#4402=CARTESIAN_POINT('',(0.0226254975658216,-0.0734470412135124,0.002002));
#4403=CARTESIAN_POINT('',(0.0226254975658216,-0.0609470412135124,0.002002));
#4404=CARTESIAN_POINT('',(0.0213696218928475,-0.0631222816870933,0.002002));
#4405=CARTESIAN_POINT('',(0.0197387462198735,-0.0659470412135124,0.002002));
#4406=CARTESIAN_POINT('',(0.0184887462198734,-0.0659470412135124,0.002002));
#4407=CARTESIAN_POINT('',(0.0172387462198734,-0.0659470412135124,0.002002));
#4408=CARTESIAN_POINT('',(0.0184887462198734,-0.0659470412135124,0.005));
#4409=CARTESIAN_POINT('',(0.0197387462198735,-0.0659470412135124,0.005));
#4410=CARTESIAN_POINT('',(0.0172387462198734,-0.0603346687778166,0.002002));
#4411=CARTESIAN_POINT('',(0.0172387462198734,-0.0559470412135124,0.002002));
#4412=CARTESIAN_POINT('',(-0.0240112537801266,-0.0559470412135124,0.002002));
#4413=CARTESIAN_POINT('',(-0.0652612537801266,-0.0559470412135124,0.002002));
#4414=CARTESIAN_POINT('',(-0.0652612537801266,-0.0603346687778166,0.002002));
#4415=CARTESIAN_POINT('',(-0.0652612537801266,-0.0659470412135124,0.002002));
#4416=CARTESIAN_POINT('',(-0.0665112537801266,-0.0659470412135124,0.002002));
#4417=CARTESIAN_POINT('',(-0.0677612537801266,-0.0659470412135124,0.002002));
#4418=CARTESIAN_POINT('',(-0.0665112537801266,-0.0659470412135124,0.005));
#4419=CARTESIAN_POINT('',(-0.0652612537801266,-0.0659470412135124,0.005));
#4420=CARTESIAN_POINT('',(-0.0693921294531007,-0.0631222816870933,0.002002));
#4421=CARTESIAN_POINT('',(-0.0706480051260747,-0.0609470412135124,0.002002));
#4422=CARTESIAN_POINT('',(0.0266887462198734,-0.027094814369841,0.002002));
#4423=CARTESIAN_POINT('',(0.0266887462198734,-0.026094814369841,0.002002));
#4424=CARTESIAN_POINT('',(0.0266887462198734,-0.028094814369841,0.002002));
#4425=CARTESIAN_POINT('',(0.0239887462198734,-0.026094814369841,0.002002));
#4426=CARTESIAN_POINT('',(0.0212887462198734,-0.026094814369841,0.002002));
#4427=CARTESIAN_POINT('',(0.0212887462198734,-0.027094814369841,0.002002));
#4428=CARTESIAN_POINT('',(0.0212887462198734,-0.028094814369841,0.002002));
#4429=CARTESIAN_POINT('',(-0.0240112537801266,-0.113278466060758,0.002002));
#4430=CARTESIAN_POINT('',(-0.0170112537801266,-0.113278466060758,0.002002));
#4431=CARTESIAN_POINT('',(-0.0310112537801266,-0.113278466060758,0.002002));
#4432=CARTESIAN_POINT('',(-0.0170112537801266,-0.106278466060758,0.002002));
#4433=CARTESIAN_POINT('',(-0.0170112537801266,-0.0992784660607576,0.002002));
#4434=CARTESIAN_POINT('',(-0.0240112537801266,-0.0992784660607576,0.002002));
#4435=CARTESIAN_POINT('',(-0.0310112537801266,-0.0992784660607576,0.002002));
#4436=CARTESIAN_POINT('',(0.0239887462198734,-0.113278466060758,0.002002));
#4437=CARTESIAN_POINT('',(0.0309887462198734,-0.113278466060758,0.002002));
#4438=CARTESIAN_POINT('',(0.0169887462198734,-0.113278466060758,0.002002));
#4439=CARTESIAN_POINT('',(0.0309887462198734,-0.106278466060758,0.002002));
#4440=CARTESIAN_POINT('',(0.0309887462198734,-0.0992784660607576,0.002002));
#4441=CARTESIAN_POINT('',(0.0239887462198734,-0.0992784660607576,0.002002));
#4442=CARTESIAN_POINT('',(0.0169887462198734,-0.0992784660607576,0.002002));
#4443=CARTESIAN_POINT('',(-1.12537801265859E-5,-0.113278466060758,0.002002));
#4444=CARTESIAN_POINT('',(0.00698874621987341,-0.113278466060758,0.002002));
#4445=CARTESIAN_POINT('',(-0.00701125378012659,-0.113278466060758,0.002002));
#4446=CARTESIAN_POINT('',(0.00698874621987341,-0.106278466060758,0.002002));
#4447=CARTESIAN_POINT('',(0.00698874621987341,-0.0992784660607576,0.002002));
#4448=CARTESIAN_POINT('',(-1.12537801265859E-5,-0.0992784660607576,0.002002));
#4449=CARTESIAN_POINT('',(-0.00701125378012659,-0.0992784660607576,0.002002));
#4450=CARTESIAN_POINT('',(-0.0720112537801266,-0.0336156163662672,0.002002));
#4451=CARTESIAN_POINT('',(-0.0790112537801266,-0.0336156163662672,0.002002));
#4452=CARTESIAN_POINT('',(-0.0650112537801266,-0.0336156163662672,0.002002));
#4453=CARTESIAN_POINT('',(-0.0790112537801266,-0.0406156163662672,0.002002));
#4454=CARTESIAN_POINT('',(-0.0790112537801266,-0.0476156163662672,0.002002));
#4455=CARTESIAN_POINT('',(-0.0720112537801266,-0.0476156163662672,0.002002));
#4456=CARTESIAN_POINT('',(-0.0650112537801266,-0.0476156163662672,0.002002));
#4457=CARTESIAN_POINT('',(-0.0480112537801266,-0.0336156163662672,0.002002));
#4458=CARTESIAN_POINT('',(-0.0550112537801266,-0.0336156163662672,0.002002));
#4459=CARTESIAN_POINT('',(-0.0410112537801266,-0.0336156163662672,0.002002));
#4460=CARTESIAN_POINT('',(-0.0550112537801266,-0.0406156163662672,0.002002));
#4461=CARTESIAN_POINT('',(-0.0550112537801266,-0.0476156163662672,0.002002));
#4462=CARTESIAN_POINT('',(-0.0480112537801266,-0.0476156163662672,0.002002));
#4463=CARTESIAN_POINT('',(-0.0410112537801266,-0.0476156163662672,0.002002));
#4464=CARTESIAN_POINT('',(-0.0181862537801266,-0.118278466060758,0.002002));
#4465=CARTESIAN_POINT('',(-0.105661253780127,-0.118278466060758,0.002002));
#4466=CARTESIAN_POINT('',(0.0576387462198735,-0.118278466060758,0.002002));
#4467=CARTESIAN_POINT('',(-0.00701125378012659,-0.0406156163662672,0.002002));
#4468=CARTESIAN_POINT('',(0.0169887462198734,-0.0406156163662672,0.002002));
#4469=CARTESIAN_POINT('',(-0.0720112537801266,-0.0992784660607576,0.002002));
#4470=CARTESIAN_POINT('',(-0.0410112537801266,-0.106278466060758,0.002002));
#4471=CARTESIAN_POINT('',(0.0324547328054905,-0.0884815379977226,0.002002));
#4472=CARTESIAN_POINT('',(-0.0706480051260747,-0.0734470412135124,0.002002));
#4473=CARTESIAN_POINT('',(0.0239887462198734,-0.028094814369841,0.002002));
#4474=CARTESIAN_POINT('',(-0.0310112537801266,-0.106278466060758,0.002002));
#4475=CARTESIAN_POINT('',(0.0169887462198734,-0.106278466060758,0.002002));
#4476=CARTESIAN_POINT('',(-0.00701125378012659,-0.106278466060758,0.002002));
#4477=CARTESIAN_POINT('',(-0.0650112537801266,-0.0406156163662672,0.002002));
#4478=CARTESIAN_POINT('',(-0.0410112537801266,-0.0406156163662672,0.002002));
#4479=CARTESIAN_POINT('',(-0.0310112537801266,-0.0406156163662672,0.002002));
#4480=CARTESIAN_POINT('',(-0.0240112537801265,-0.0401140613905951,0.005));
#4481=CARTESIAN_POINT('',(-0.0240112537801265,-0.0401140613905951,0.005));
#4482=CARTESIAN_POINT('',(-0.0240112537801265,-0.0401140613905951,0.005));
#4483=CARTESIAN_POINT('',(-0.0240112537801265,-0.0401140613905951,0.005));
#4484=CARTESIAN_POINT('',(-0.105661253780127,0.00873816545307635,0.002002));
#4485=CARTESIAN_POINT('',(0.0576387462198734,0.00873816545307636,0.002002));
#4486=CARTESIAN_POINT('',(-0.0809161798286439,-0.0149882005739212,-0.023));
#4487=CARTESIAN_POINT('',(-0.0809161798286439,-0.0159882005739212,-0.023));
#4488=CARTESIAN_POINT('',(-0.0809161798286439,-0.0139882005739212,-0.023));
#4489=CARTESIAN_POINT('',(-0.0836161798286439,-0.0139882005739212,-0.023));
#4490=CARTESIAN_POINT('',(-0.0863161798286439,-0.0139882005739212,-0.023));
#4491=CARTESIAN_POINT('',(-0.0863161798286439,-0.0149882005739212,-0.023));
#4492=CARTESIAN_POINT('',(-0.0863161798286439,-0.0159882005739212,-0.023));
#4493=CARTESIAN_POINT('',(-0.0836161798286439,-0.0159882005739212,-0.023));
#4494=CARTESIAN_POINT('',(-0.0809161798286439,-0.0260882005739212,-0.023));
#4495=CARTESIAN_POINT('',(-0.0809161798286439,-0.0270882005739212,-0.023));
#4496=CARTESIAN_POINT('',(-0.0809161798286439,-0.0250882005739212,-0.023));
#4497=CARTESIAN_POINT('',(-0.0836161798286439,-0.0250882005739212,-0.023));
#4498=CARTESIAN_POINT('',(-0.0863161798286439,-0.0250882005739212,-0.023));
#4499=CARTESIAN_POINT('',(-0.0863161798286439,-0.0260882005739212,-0.023));
#4500=CARTESIAN_POINT('',(-0.0863161798286439,-0.0270882005739212,-0.023));
#4501=CARTESIAN_POINT('',(-0.0836161798286439,-0.0270882005739212,-0.023));
#4502=CARTESIAN_POINT('',(-0.0809161798286439,-0.0204882005739212,-0.023));
#4503=CARTESIAN_POINT('',(-0.0809161798286439,-0.0214882005739212,-0.023));
#4504=CARTESIAN_POINT('',(-0.0809161798286439,-0.0194882005739212,-0.023));
#4505=CARTESIAN_POINT('',(-0.0836161798286439,-0.0194882005739212,-0.023));
#4506=CARTESIAN_POINT('',(-0.0863161798286439,-0.0194882005739212,-0.023));
#4507=CARTESIAN_POINT('',(-0.0863161798286439,-0.0204882005739212,-0.023));
#4508=CARTESIAN_POINT('',(-0.0863161798286439,-0.0214882005739212,-0.023));
#4509=CARTESIAN_POINT('',(-0.0836161798286439,-0.0214882005739212,-0.023));
#4510=CARTESIAN_POINT('',(-0.0946111798286438,-0.0140582005739212,-0.023));
#4511=CARTESIAN_POINT('',(-0.0905861798286438,-0.0140582005739212,-0.023));
#4512=CARTESIAN_POINT('',(-0.0986361798286438,-0.0140582005739212,-0.023));
#4513=CARTESIAN_POINT('',(-0.0986361798286438,-0.0205832005739212,-0.023));
#4514=CARTESIAN_POINT('',(-0.0986361798286438,-0.0271082005739212,-0.023));
#4515=CARTESIAN_POINT('',(-0.0946111798286438,-0.0271082005739212,-0.023));
#4516=CARTESIAN_POINT('',(-0.0905861798286438,-0.0271082005739212,-0.023));
#4517=CARTESIAN_POINT('',(-0.0905861798286438,-0.0205832005739212,-0.023));
#4518=CARTESIAN_POINT('',(-0.0747849695086477,0.0100428214430809,0.002002));
#4519=CARTESIAN_POINT('',(-0.0747849695086477,0.0170178214430809,0.002002));
#4520=CARTESIAN_POINT('',(-0.0747849695086477,0.0030678214430809,0.002002));
#4521=CARTESIAN_POINT('',(0.0385624619483946,0.0100428214430809,0.002002));
#4522=CARTESIAN_POINT('',(0.0385624619483946,0.0170178214430809,0.002002));
#4523=CARTESIAN_POINT('',(0.0385624619483946,0.0030678214430809,0.002002));
#4524=CARTESIAN_POINT('',(0.0267624619483946,0.0100428214430809,0.002002));
#4525=CARTESIAN_POINT('',(0.0267624619483946,0.0170178214430809,0.002002));
#4526=CARTESIAN_POINT('',(0.0267624619483946,0.0030678214430809,0.002002));
#4527=CARTESIAN_POINT('',(-0.0865849695086477,0.0100428214430809,0.002002));
#4528=CARTESIAN_POINT('',(-0.0865849695086477,0.0170178214430809,0.002002));
#4529=CARTESIAN_POINT('',(-0.0865849695086477,0.0030678214430809,0.002002));
#4530=CARTESIAN_POINT('',(-0.0806849695086477,0.0030678214430809,0.002002));
#4531=CARTESIAN_POINT('',(0.0326624619483946,0.0030678214430809,0.002002));
#4532=CARTESIAN_POINT('',(0.0326624619483946,0.0170178214430809,0.002002));
#4533=CARTESIAN_POINT('',(-0.0806849695086477,0.0170178214430809,0.002002));
#4534=CARTESIAN_POINT('',(-0.0836161798286439,-0.0642292500082652,-0.023));
#4535=CARTESIAN_POINT('',(-0.0809161798286439,-0.0642292500082652,-0.023));
#4536=CARTESIAN_POINT('',(-0.0863161798286439,-0.0642292500082652,-0.023));
#4537=CARTESIAN_POINT('',(-0.0863161798286439,-0.0652292500082652,-0.023));
#4538=CARTESIAN_POINT('',(-0.0863161798286439,-0.0662292500082652,-0.023));
#4539=CARTESIAN_POINT('',(-0.0836161798286439,-0.0662292500082652,-0.023));
#4540=CARTESIAN_POINT('',(-0.0809161798286439,-0.0662292500082652,-0.023));
#4541=CARTESIAN_POINT('',(-0.0809161798286439,-0.0652292500082652,-0.023));
#4542=CARTESIAN_POINT('',(-0.0809161798286439,-0.0707292500082652,-0.023));
#4543=CARTESIAN_POINT('',(-0.0809161798286439,-0.0717292500082652,-0.023));
#4544=CARTESIAN_POINT('',(-0.0809161798286439,-0.0697292500082652,-0.023));
#4545=CARTESIAN_POINT('',(-0.0836161798286439,-0.0697292500082652,-0.023));
#4546=CARTESIAN_POINT('',(-0.0863161798286439,-0.0697292500082652,-0.023));
#4547=CARTESIAN_POINT('',(-0.0863161798286439,-0.0707292500082652,-0.023));
#4548=CARTESIAN_POINT('',(-0.0863161798286439,-0.0717292500082652,-0.023));
#4549=CARTESIAN_POINT('',(-0.0836161798286439,-0.0717292500082652,-0.023));
#4550=CARTESIAN_POINT('',(-0.0809161798286439,-0.0763292500082652,-0.023));
#4551=CARTESIAN_POINT('',(-0.0809161798286439,-0.0773292500082652,-0.023));
#4552=CARTESIAN_POINT('',(-0.0809161798286439,-0.0753292500082652,-0.023));
#4553=CARTESIAN_POINT('',(-0.0836161798286439,-0.0753292500082652,-0.023));
#4554=CARTESIAN_POINT('',(-0.0863161798286439,-0.0753292500082652,-0.023));
#4555=CARTESIAN_POINT('',(-0.0863161798286439,-0.0763292500082652,-0.023));
#4556=CARTESIAN_POINT('',(-0.0863161798286439,-0.0773292500082651,-0.023));
#4557=CARTESIAN_POINT('',(-0.0836161798286439,-0.0773292500082651,-0.023));
#4558=CARTESIAN_POINT('',(0.0506113748192787,0.0335705557256937,-0.023));
#4559=CARTESIAN_POINT('',(0.0533113748192787,0.0335705557256937,-0.023));
#4560=CARTESIAN_POINT('',(0.0479113748192787,0.0335705557256937,-0.023));
#4561=CARTESIAN_POINT('',(0.0479113748192787,0.0325705557256937,-0.023));
#4562=CARTESIAN_POINT('',(0.0479113748192787,0.0315705557256937,-0.023));
#4563=CARTESIAN_POINT('',(0.0506113748192787,0.0315705557256937,-0.023));
#4564=CARTESIAN_POINT('',(0.0533113748192787,0.0315705557256937,-0.023));
#4565=CARTESIAN_POINT('',(0.0533113748192787,0.0325705557256937,-0.023));
#4566=CARTESIAN_POINT('',(-0.0946111798286438,-0.0642992500082652,-0.023));
#4567=CARTESIAN_POINT('',(-0.0905861798286438,-0.0642992500082652,-0.023));
#4568=CARTESIAN_POINT('',(-0.0986361798286438,-0.0642992500082652,-0.023));
#4569=CARTESIAN_POINT('',(-0.0986361798286438,-0.0708242500082652,-0.023));
#4570=CARTESIAN_POINT('',(-0.0986361798286438,-0.0773492500082652,-0.023));
#4571=CARTESIAN_POINT('',(-0.0946111798286438,-0.0773492500082652,-0.023));
#4572=CARTESIAN_POINT('',(-0.0905861798286438,-0.0773492500082652,-0.023));
#4573=CARTESIAN_POINT('',(-0.0905861798286438,-0.0708242500082652,-0.023));
#4574=MECHANICAL_DESIGN_GEOMETRIC_PRESENTATION_REPRESENTATION('',(#2897),
#4575);
#4575=(
GEOMETRIC_REPRESENTATION_CONTEXT(3)
GLOBAL_UNCERTAINTY_ASSIGNED_CONTEXT((#4576))
GLOBAL_UNIT_ASSIGNED_CONTEXT((#4579,#4578,#4577))
REPRESENTATION_CONTEXT('Part 1','TOP_LEVEL_ASSEMBLY_PART')
);
#4576=UNCERTAINTY_MEASURE_WITH_UNIT(LENGTH_MEASURE(1.E-8),#4579,
'DISTANCE_ACCURACY_VALUE','Maximum Tolerance applied to model');
#4577=(
NAMED_UNIT(*)
SI_UNIT($,.STERADIAN.)
SOLID_ANGLE_UNIT()
);
#4578=(
NAMED_UNIT(*)
PLANE_ANGLE_UNIT()
SI_UNIT($,.RADIAN.)
);
#4579=(
LENGTH_UNIT()
NAMED_UNIT(*)
SI_UNIT($,.METRE.)
);
#4580=PRODUCT_DEFINITION_SHAPE('','',#4581);
#4581=PRODUCT_DEFINITION('','',#4583,#4582);
#4582=PRODUCT_DEFINITION_CONTEXT('',#4589,'design');
#4583=PRODUCT_DEFINITION_FORMATION_WITH_SPECIFIED_SOURCE('','',#4585,
 .NOT_KNOWN.);
#4584=PRODUCT_RELATED_PRODUCT_CATEGORY('','',(#4585));
#4585=PRODUCT('Part 1','Part 1','Part 1',(#4587));
#4586=PRODUCT_CATEGORY('','');
#4587=PRODUCT_CONTEXT('',#4589,'mechanical');
#4588=APPLICATION_PROTOCOL_DEFINITION('international standard',
'ap242_managed_model_based_3d_engineering',2020,#4589);
#4589=APPLICATION_CONTEXT('managed model based 3d engineering');
ENDSEC;
END-ISO-10303-21;
