ISO-10303-21;
HEADER;
/* Generated by software containing ST-Developer
 * from STEP Tools, Inc. (www.steptools.com) 
 */
/* OPTION: using custom renumber hook */

FILE_DESCRIPTION(
/* description */ ('STEP AP242 Edition 2',
'CAx-IF Rec.Pracs.---Representation and Presentation of Product Manufa
cturing Information (PMI)---4.0---2014-10-13',
'CAx-IF Rec.Pracs.---3D Tessellated Geometry---0.4---2014-09-14','2;1',
'CAx-IF Rec.Pracs.---User Defined Attributes---1.5---2016-08-15'),
/* implementation_level */ '2;1');

FILE_NAME(
/* name */ 'Part Studio 1 - Part 1',
/* time_stamp */ '2026-05-11T03:24:47Z',
/* author */ (''),
/* organization */ (''),
/* preprocessor_version */ 'ST-DEVELOPER v20',
/* originating_system */ 'ONSHAPE BY PTC INC, 1.214',
/* authorisation */ '  ');

FILE_SCHEMA (('AP242_MANAGED_MODEL_BASED_3D_ENGINEERING_MIM_LF { 1 0 10303 442 3 1 4 }'));
ENDSEC;

DATA;
#10=SHAPE_REPRESENTATION_RELATIONSHIP('','',#2115,#11);
#11=ADVANCED_BREP_SHAPE_REPRESENTATION('',(#2113),#3351);
#12=CYLINDRICAL_SURFACE('',#2128,0.0015);
#13=CYLINDRICAL_SURFACE('',#2134,0.0015);
#14=CYLINDRICAL_SURFACE('',#2142,0.0015);
#15=CYLINDRICAL_SURFACE('',#2148,0.0015);
#16=CYLINDRICAL_SURFACE('',#2182,0.00125);
#17=CYLINDRICAL_SURFACE('',#2187,0.00125);
#18=CYLINDRICAL_SURFACE('',#2192,0.00125);
#19=CYLINDRICAL_SURFACE('',#2197,0.00125);
#20=CYLINDRICAL_SURFACE('',#2231,0.00465);
#21=CIRCLE('',#2118,0.0015);
#22=CIRCLE('',#2119,0.0015);
#23=CIRCLE('',#2120,0.0015);
#24=CIRCLE('',#2121,0.0015);
#25=CIRCLE('',#2122,0.00465);
#26=CIRCLE('',#2123,0.00125);
#27=CIRCLE('',#2124,0.00125);
#28=CIRCLE('',#2125,0.00125);
#29=CIRCLE('',#2126,0.00125);
#30=CIRCLE('',#2129,0.0015);
#31=CIRCLE('',#2130,0.0015);
#32=CIRCLE('',#2135,0.0015);
#33=CIRCLE('',#2136,0.0015);
#34=CIRCLE('',#2143,0.0015);
#35=CIRCLE('',#2144,0.0015);
#36=CIRCLE('',#2149,0.0015);
#37=CIRCLE('',#2150,0.0015);
#38=CIRCLE('',#2157,0.00125);
#39=CIRCLE('',#2158,0.00125);
#40=CIRCLE('',#2159,0.00125);
#41=CIRCLE('',#2160,0.00125);
#42=CIRCLE('',#2161,0.00465);
#43=CIRCLE('',#2183,0.00125);
#44=CIRCLE('',#2188,0.00125);
#45=CIRCLE('',#2193,0.00125);
#46=CIRCLE('',#2198,0.00125);
#47=ORIENTED_EDGE('',*,*,#619,.F.);
#48=ORIENTED_EDGE('',*,*,#620,.T.);
#49=ORIENTED_EDGE('',*,*,#621,.T.);
#50=ORIENTED_EDGE('',*,*,#622,.F.);
#51=ORIENTED_EDGE('',*,*,#623,.F.);
#52=ORIENTED_EDGE('',*,*,#624,.T.);
#53=ORIENTED_EDGE('',*,*,#625,.F.);
#54=ORIENTED_EDGE('',*,*,#626,.F.);
#55=ORIENTED_EDGE('',*,*,#627,.F.);
#56=ORIENTED_EDGE('',*,*,#628,.F.);
#57=ORIENTED_EDGE('',*,*,#629,.F.);
#58=ORIENTED_EDGE('',*,*,#630,.T.);
#59=ORIENTED_EDGE('',*,*,#631,.T.);
#60=ORIENTED_EDGE('',*,*,#632,.F.);
#61=ORIENTED_EDGE('',*,*,#633,.F.);
#62=ORIENTED_EDGE('',*,*,#634,.T.);
#63=ORIENTED_EDGE('',*,*,#635,.T.);
#64=ORIENTED_EDGE('',*,*,#636,.T.);
#65=ORIENTED_EDGE('',*,*,#637,.T.);
#66=ORIENTED_EDGE('',*,*,#638,.F.);
#67=ORIENTED_EDGE('',*,*,#639,.F.);
#68=ORIENTED_EDGE('',*,*,#640,.T.);
#69=ORIENTED_EDGE('',*,*,#641,.F.);
#70=ORIENTED_EDGE('',*,*,#642,.F.);
#71=ORIENTED_EDGE('',*,*,#643,.F.);
#72=ORIENTED_EDGE('',*,*,#644,.T.);
#73=ORIENTED_EDGE('',*,*,#645,.T.);
#74=ORIENTED_EDGE('',*,*,#646,.F.);
#75=ORIENTED_EDGE('',*,*,#647,.F.);
#76=ORIENTED_EDGE('',*,*,#648,.T.);
#77=ORIENTED_EDGE('',*,*,#649,.T.);
#78=ORIENTED_EDGE('',*,*,#650,.F.);
#79=ORIENTED_EDGE('',*,*,#651,.F.);
#80=ORIENTED_EDGE('',*,*,#652,.T.);
#81=ORIENTED_EDGE('',*,*,#653,.T.);
#82=ORIENTED_EDGE('',*,*,#654,.F.);
#83=ORIENTED_EDGE('',*,*,#655,.T.);
#84=ORIENTED_EDGE('',*,*,#656,.F.);
#85=ORIENTED_EDGE('',*,*,#657,.T.);
#86=ORIENTED_EDGE('',*,*,#658,.T.);
#87=ORIENTED_EDGE('',*,*,#659,.F.);
#88=ORIENTED_EDGE('',*,*,#660,.F.);
#89=ORIENTED_EDGE('',*,*,#661,.T.);
#90=ORIENTED_EDGE('',*,*,#662,.T.);
#91=ORIENTED_EDGE('',*,*,#663,.F.);
#92=ORIENTED_EDGE('',*,*,#664,.F.);
#93=ORIENTED_EDGE('',*,*,#665,.T.);
#94=ORIENTED_EDGE('',*,*,#666,.T.);
#95=ORIENTED_EDGE('',*,*,#667,.F.);
#96=ORIENTED_EDGE('',*,*,#668,.T.);
#97=ORIENTED_EDGE('',*,*,#669,.T.);
#98=ORIENTED_EDGE('',*,*,#670,.F.);
#99=ORIENTED_EDGE('',*,*,#671,.F.);
#100=ORIENTED_EDGE('',*,*,#672,.T.);
#101=ORIENTED_EDGE('',*,*,#673,.T.);
#102=ORIENTED_EDGE('',*,*,#674,.F.);
#103=ORIENTED_EDGE('',*,*,#675,.F.);
#104=ORIENTED_EDGE('',*,*,#676,.T.);
#105=ORIENTED_EDGE('',*,*,#677,.T.);
#106=ORIENTED_EDGE('',*,*,#678,.F.);
#107=ORIENTED_EDGE('',*,*,#679,.F.);
#108=ORIENTED_EDGE('',*,*,#680,.T.);
#109=ORIENTED_EDGE('',*,*,#681,.T.);
#110=ORIENTED_EDGE('',*,*,#682,.F.);
#111=ORIENTED_EDGE('',*,*,#683,.F.);
#112=ORIENTED_EDGE('',*,*,#684,.T.);
#113=ORIENTED_EDGE('',*,*,#685,.T.);
#114=ORIENTED_EDGE('',*,*,#686,.F.);
#115=ORIENTED_EDGE('',*,*,#687,.T.);
#116=ORIENTED_EDGE('',*,*,#688,.F.);
#117=ORIENTED_EDGE('',*,*,#689,.T.);
#118=ORIENTED_EDGE('',*,*,#690,.T.);
#119=ORIENTED_EDGE('',*,*,#691,.F.);
#120=ORIENTED_EDGE('',*,*,#692,.F.);
#121=ORIENTED_EDGE('',*,*,#693,.T.);
#122=ORIENTED_EDGE('',*,*,#694,.T.);
#123=ORIENTED_EDGE('',*,*,#695,.F.);
#124=ORIENTED_EDGE('',*,*,#696,.T.);
#125=ORIENTED_EDGE('',*,*,#697,.T.);
#126=ORIENTED_EDGE('',*,*,#698,.T.);
#127=ORIENTED_EDGE('',*,*,#699,.F.);
#128=ORIENTED_EDGE('',*,*,#700,.F.);
#129=ORIENTED_EDGE('',*,*,#701,.F.);
#130=ORIENTED_EDGE('',*,*,#702,.T.);
#131=ORIENTED_EDGE('',*,*,#703,.F.);
#132=ORIENTED_EDGE('',*,*,#704,.F.);
#133=ORIENTED_EDGE('',*,*,#705,.T.);
#134=ORIENTED_EDGE('',*,*,#706,.T.);
#135=ORIENTED_EDGE('',*,*,#707,.T.);
#136=ORIENTED_EDGE('',*,*,#708,.F.);
#137=ORIENTED_EDGE('',*,*,#709,.F.);
#138=ORIENTED_EDGE('',*,*,#710,.F.);
#139=ORIENTED_EDGE('',*,*,#711,.T.);
#140=ORIENTED_EDGE('',*,*,#712,.F.);
#141=ORIENTED_EDGE('',*,*,#713,.F.);
#142=ORIENTED_EDGE('',*,*,#619,.T.);
#143=ORIENTED_EDGE('',*,*,#714,.T.);
#144=ORIENTED_EDGE('',*,*,#715,.T.);
#145=ORIENTED_EDGE('',*,*,#716,.F.);
#146=ORIENTED_EDGE('',*,*,#629,.T.);
#147=ORIENTED_EDGE('',*,*,#717,.T.);
#148=ORIENTED_EDGE('',*,*,#718,.F.);
#149=ORIENTED_EDGE('',*,*,#719,.T.);
#150=ORIENTED_EDGE('',*,*,#720,.F.);
#151=ORIENTED_EDGE('',*,*,#630,.F.);
#152=ORIENTED_EDGE('',*,*,#716,.T.);
#153=ORIENTED_EDGE('',*,*,#721,.T.);
#154=ORIENTED_EDGE('',*,*,#722,.F.);
#155=ORIENTED_EDGE('',*,*,#631,.F.);
#156=ORIENTED_EDGE('',*,*,#720,.T.);
#157=ORIENTED_EDGE('',*,*,#723,.F.);
#158=ORIENTED_EDGE('',*,*,#724,.F.);
#159=ORIENTED_EDGE('',*,*,#632,.T.);
#160=ORIENTED_EDGE('',*,*,#722,.T.);
#161=ORIENTED_EDGE('',*,*,#725,.T.);
#162=ORIENTED_EDGE('',*,*,#726,.F.);
#163=ORIENTED_EDGE('',*,*,#633,.T.);
#164=ORIENTED_EDGE('',*,*,#724,.T.);
#165=ORIENTED_EDGE('',*,*,#727,.F.);
#166=ORIENTED_EDGE('',*,*,#728,.T.);
#167=ORIENTED_EDGE('',*,*,#729,.F.);
#168=ORIENTED_EDGE('',*,*,#634,.F.);
#169=ORIENTED_EDGE('',*,*,#726,.T.);
#170=ORIENTED_EDGE('',*,*,#730,.T.);
#171=ORIENTED_EDGE('',*,*,#731,.F.);
#172=ORIENTED_EDGE('',*,*,#635,.F.);
#173=ORIENTED_EDGE('',*,*,#729,.T.);
#174=ORIENTED_EDGE('',*,*,#732,.T.);
#175=ORIENTED_EDGE('',*,*,#733,.F.);
#176=ORIENTED_EDGE('',*,*,#636,.F.);
#177=ORIENTED_EDGE('',*,*,#731,.T.);
#178=ORIENTED_EDGE('',*,*,#734,.T.);
#179=ORIENTED_EDGE('',*,*,#735,.F.);
#180=ORIENTED_EDGE('',*,*,#637,.F.);
#181=ORIENTED_EDGE('',*,*,#733,.T.);
#182=ORIENTED_EDGE('',*,*,#736,.F.);
#183=ORIENTED_EDGE('',*,*,#737,.F.);
#184=ORIENTED_EDGE('',*,*,#638,.T.);
#185=ORIENTED_EDGE('',*,*,#735,.T.);
#186=ORIENTED_EDGE('',*,*,#738,.T.);
#187=ORIENTED_EDGE('',*,*,#739,.F.);
#188=ORIENTED_EDGE('',*,*,#639,.T.);
#189=ORIENTED_EDGE('',*,*,#737,.T.);
#190=ORIENTED_EDGE('',*,*,#740,.F.);
#191=ORIENTED_EDGE('',*,*,#741,.T.);
#192=ORIENTED_EDGE('',*,*,#742,.F.);
#193=ORIENTED_EDGE('',*,*,#640,.F.);
#194=ORIENTED_EDGE('',*,*,#739,.T.);
#195=ORIENTED_EDGE('',*,*,#743,.F.);
#196=ORIENTED_EDGE('',*,*,#744,.F.);
#197=ORIENTED_EDGE('',*,*,#641,.T.);
#198=ORIENTED_EDGE('',*,*,#742,.T.);
#199=ORIENTED_EDGE('',*,*,#745,.F.);
#200=ORIENTED_EDGE('',*,*,#746,.F.);
#201=ORIENTED_EDGE('',*,*,#642,.T.);
#202=ORIENTED_EDGE('',*,*,#744,.T.);
#203=ORIENTED_EDGE('',*,*,#747,.T.);
#204=ORIENTED_EDGE('',*,*,#748,.F.);
#205=ORIENTED_EDGE('',*,*,#623,.T.);
#206=ORIENTED_EDGE('',*,*,#746,.T.);
#207=ORIENTED_EDGE('',*,*,#749,.F.);
#208=ORIENTED_EDGE('',*,*,#750,.T.);
#209=ORIENTED_EDGE('',*,*,#751,.F.);
#210=ORIENTED_EDGE('',*,*,#624,.F.);
#211=ORIENTED_EDGE('',*,*,#748,.T.);
#212=ORIENTED_EDGE('',*,*,#752,.F.);
#213=ORIENTED_EDGE('',*,*,#753,.F.);
#214=ORIENTED_EDGE('',*,*,#625,.T.);
#215=ORIENTED_EDGE('',*,*,#751,.T.);
#216=ORIENTED_EDGE('',*,*,#754,.F.);
#217=ORIENTED_EDGE('',*,*,#755,.F.);
#218=ORIENTED_EDGE('',*,*,#626,.T.);
#219=ORIENTED_EDGE('',*,*,#753,.T.);
#220=ORIENTED_EDGE('',*,*,#756,.F.);
#221=ORIENTED_EDGE('',*,*,#757,.F.);
#222=ORIENTED_EDGE('',*,*,#627,.T.);
#223=ORIENTED_EDGE('',*,*,#755,.T.);
#224=ORIENTED_EDGE('',*,*,#758,.F.);
#225=ORIENTED_EDGE('',*,*,#717,.F.);
#226=ORIENTED_EDGE('',*,*,#628,.T.);
#227=ORIENTED_EDGE('',*,*,#757,.T.);
#228=ORIENTED_EDGE('',*,*,#759,.F.);
#229=ORIENTED_EDGE('',*,*,#712,.T.);
#230=ORIENTED_EDGE('',*,*,#760,.T.);
#231=ORIENTED_EDGE('',*,*,#761,.F.);
#232=ORIENTED_EDGE('',*,*,#715,.F.);
#233=ORIENTED_EDGE('',*,*,#758,.T.);
#234=ORIENTED_EDGE('',*,*,#756,.T.);
#235=ORIENTED_EDGE('',*,*,#754,.T.);
#236=ORIENTED_EDGE('',*,*,#752,.T.);
#237=ORIENTED_EDGE('',*,*,#750,.F.);
#238=ORIENTED_EDGE('',*,*,#747,.F.);
#239=ORIENTED_EDGE('',*,*,#745,.T.);
#240=ORIENTED_EDGE('',*,*,#743,.T.);
#241=ORIENTED_EDGE('',*,*,#741,.F.);
#242=ORIENTED_EDGE('',*,*,#738,.F.);
#243=ORIENTED_EDGE('',*,*,#736,.T.);
#244=ORIENTED_EDGE('',*,*,#734,.F.);
#245=ORIENTED_EDGE('',*,*,#732,.F.);
#246=ORIENTED_EDGE('',*,*,#730,.F.);
#247=ORIENTED_EDGE('',*,*,#728,.F.);
#248=ORIENTED_EDGE('',*,*,#725,.F.);
#249=ORIENTED_EDGE('',*,*,#723,.T.);
#250=ORIENTED_EDGE('',*,*,#721,.F.);
#251=ORIENTED_EDGE('',*,*,#719,.F.);
#252=ORIENTED_EDGE('',*,*,#762,.F.);
#253=ORIENTED_EDGE('',*,*,#763,.T.);
#254=ORIENTED_EDGE('',*,*,#764,.T.);
#255=ORIENTED_EDGE('',*,*,#765,.F.);
#256=ORIENTED_EDGE('',*,*,#766,.F.);
#257=ORIENTED_EDGE('',*,*,#767,.T.);
#258=ORIENTED_EDGE('',*,*,#768,.T.);
#259=ORIENTED_EDGE('',*,*,#769,.F.);
#260=ORIENTED_EDGE('',*,*,#770,.F.);
#261=ORIENTED_EDGE('',*,*,#771,.F.);
#262=ORIENTED_EDGE('',*,*,#772,.T.);
#263=ORIENTED_EDGE('',*,*,#773,.T.);
#264=ORIENTED_EDGE('',*,*,#774,.F.);
#265=ORIENTED_EDGE('',*,*,#775,.F.);
#266=ORIENTED_EDGE('',*,*,#776,.T.);
#267=ORIENTED_EDGE('',*,*,#777,.T.);
#268=ORIENTED_EDGE('',*,*,#778,.F.);
#269=ORIENTED_EDGE('',*,*,#779,.F.);
#270=ORIENTED_EDGE('',*,*,#780,.T.);
#271=ORIENTED_EDGE('',*,*,#781,.T.);
#272=ORIENTED_EDGE('',*,*,#782,.F.);
#273=ORIENTED_EDGE('',*,*,#783,.F.);
#274=ORIENTED_EDGE('',*,*,#784,.T.);
#275=ORIENTED_EDGE('',*,*,#785,.T.);
#276=ORIENTED_EDGE('',*,*,#786,.F.);
#277=ORIENTED_EDGE('',*,*,#787,.F.);
#278=ORIENTED_EDGE('',*,*,#788,.F.);
#279=ORIENTED_EDGE('',*,*,#789,.T.);
#280=ORIENTED_EDGE('',*,*,#790,.F.);
#281=ORIENTED_EDGE('',*,*,#791,.T.);
#282=ORIENTED_EDGE('',*,*,#792,.T.);
#283=ORIENTED_EDGE('',*,*,#793,.F.);
#284=ORIENTED_EDGE('',*,*,#794,.F.);
#285=ORIENTED_EDGE('',*,*,#795,.F.);
#286=ORIENTED_EDGE('',*,*,#796,.T.);
#287=ORIENTED_EDGE('',*,*,#797,.T.);
#288=ORIENTED_EDGE('',*,*,#798,.F.);
#289=ORIENTED_EDGE('',*,*,#799,.T.);
#290=ORIENTED_EDGE('',*,*,#800,.F.);
#291=ORIENTED_EDGE('',*,*,#801,.F.);
#292=ORIENTED_EDGE('',*,*,#802,.T.);
#293=ORIENTED_EDGE('',*,*,#803,.F.);
#294=ORIENTED_EDGE('',*,*,#804,.T.);
#295=ORIENTED_EDGE('',*,*,#805,.F.);
#296=ORIENTED_EDGE('',*,*,#806,.F.);
#297=ORIENTED_EDGE('',*,*,#807,.T.);
#298=ORIENTED_EDGE('',*,*,#808,.T.);
#299=ORIENTED_EDGE('',*,*,#809,.T.);
#300=ORIENTED_EDGE('',*,*,#810,.F.);
#301=ORIENTED_EDGE('',*,*,#811,.F.);
#302=ORIENTED_EDGE('',*,*,#812,.T.);
#303=ORIENTED_EDGE('',*,*,#813,.T.);
#304=ORIENTED_EDGE('',*,*,#814,.F.);
#305=ORIENTED_EDGE('',*,*,#815,.T.);
#306=ORIENTED_EDGE('',*,*,#816,.T.);
#307=ORIENTED_EDGE('',*,*,#817,.F.);
#308=ORIENTED_EDGE('',*,*,#818,.F.);
#309=ORIENTED_EDGE('',*,*,#819,.F.);
#310=ORIENTED_EDGE('',*,*,#820,.T.);
#311=ORIENTED_EDGE('',*,*,#821,.T.);
#312=ORIENTED_EDGE('',*,*,#822,.F.);
#313=ORIENTED_EDGE('',*,*,#823,.F.);
#314=ORIENTED_EDGE('',*,*,#824,.T.);
#315=ORIENTED_EDGE('',*,*,#825,.T.);
#316=ORIENTED_EDGE('',*,*,#826,.F.);
#317=ORIENTED_EDGE('',*,*,#827,.F.);
#318=ORIENTED_EDGE('',*,*,#828,.T.);
#319=ORIENTED_EDGE('',*,*,#829,.T.);
#320=ORIENTED_EDGE('',*,*,#830,.F.);
#321=ORIENTED_EDGE('',*,*,#718,.T.);
#322=ORIENTED_EDGE('',*,*,#727,.T.);
#323=ORIENTED_EDGE('',*,*,#740,.T.);
#324=ORIENTED_EDGE('',*,*,#749,.T.);
#325=ORIENTED_EDGE('',*,*,#661,.F.);
#326=ORIENTED_EDGE('',*,*,#831,.T.);
#327=ORIENTED_EDGE('',*,*,#827,.T.);
#328=ORIENTED_EDGE('',*,*,#832,.F.);
#329=ORIENTED_EDGE('',*,*,#831,.F.);
#330=ORIENTED_EDGE('',*,*,#660,.T.);
#331=ORIENTED_EDGE('',*,*,#833,.T.);
#332=ORIENTED_EDGE('',*,*,#828,.F.);
#333=ORIENTED_EDGE('',*,*,#833,.F.);
#334=ORIENTED_EDGE('',*,*,#663,.T.);
#335=ORIENTED_EDGE('',*,*,#834,.T.);
#336=ORIENTED_EDGE('',*,*,#829,.F.);
#337=ORIENTED_EDGE('',*,*,#644,.F.);
#338=ORIENTED_EDGE('',*,*,#835,.T.);
#339=ORIENTED_EDGE('',*,*,#823,.T.);
#340=ORIENTED_EDGE('',*,*,#836,.F.);
#341=ORIENTED_EDGE('',*,*,#835,.F.);
#342=ORIENTED_EDGE('',*,*,#643,.T.);
#343=ORIENTED_EDGE('',*,*,#837,.T.);
#344=ORIENTED_EDGE('',*,*,#824,.F.);
#345=ORIENTED_EDGE('',*,*,#837,.F.);
#346=ORIENTED_EDGE('',*,*,#646,.T.);
#347=ORIENTED_EDGE('',*,*,#838,.T.);
#348=ORIENTED_EDGE('',*,*,#825,.F.);
#349=ORIENTED_EDGE('',*,*,#648,.F.);
#350=ORIENTED_EDGE('',*,*,#839,.T.);
#351=ORIENTED_EDGE('',*,*,#819,.T.);
#352=ORIENTED_EDGE('',*,*,#840,.F.);
#353=ORIENTED_EDGE('',*,*,#839,.F.);
#354=ORIENTED_EDGE('',*,*,#647,.T.);
#355=ORIENTED_EDGE('',*,*,#841,.T.);
#356=ORIENTED_EDGE('',*,*,#820,.F.);
#357=ORIENTED_EDGE('',*,*,#841,.F.);
#358=ORIENTED_EDGE('',*,*,#650,.T.);
#359=ORIENTED_EDGE('',*,*,#842,.T.);
#360=ORIENTED_EDGE('',*,*,#821,.F.);
#361=ORIENTED_EDGE('',*,*,#843,.F.);
#362=ORIENTED_EDGE('',*,*,#692,.T.);
#363=ORIENTED_EDGE('',*,*,#844,.T.);
#364=ORIENTED_EDGE('',*,*,#815,.F.);
#365=ORIENTED_EDGE('',*,*,#844,.F.);
#366=ORIENTED_EDGE('',*,*,#695,.T.);
#367=ORIENTED_EDGE('',*,*,#845,.T.);
#368=ORIENTED_EDGE('',*,*,#816,.F.);
#369=ORIENTED_EDGE('',*,*,#694,.F.);
#370=ORIENTED_EDGE('',*,*,#846,.T.);
#371=ORIENTED_EDGE('',*,*,#817,.T.);
#372=ORIENTED_EDGE('',*,*,#845,.F.);
#373=ORIENTED_EDGE('',*,*,#652,.F.);
#374=ORIENTED_EDGE('',*,*,#847,.T.);
#375=ORIENTED_EDGE('',*,*,#811,.T.);
#376=ORIENTED_EDGE('',*,*,#848,.F.);
#377=ORIENTED_EDGE('',*,*,#847,.F.);
#378=ORIENTED_EDGE('',*,*,#651,.T.);
#379=ORIENTED_EDGE('',*,*,#849,.T.);
#380=ORIENTED_EDGE('',*,*,#812,.F.);
#381=ORIENTED_EDGE('',*,*,#849,.F.);
#382=ORIENTED_EDGE('',*,*,#654,.T.);
#383=ORIENTED_EDGE('',*,*,#850,.T.);
#384=ORIENTED_EDGE('',*,*,#813,.F.);
#385=ORIENTED_EDGE('',*,*,#702,.F.);
#386=ORIENTED_EDGE('',*,*,#851,.T.);
#387=ORIENTED_EDGE('',*,*,#794,.T.);
#388=ORIENTED_EDGE('',*,*,#852,.F.);
#389=ORIENTED_EDGE('',*,*,#851,.F.);
#390=ORIENTED_EDGE('',*,*,#701,.T.);
#391=ORIENTED_EDGE('',*,*,#853,.T.);
#392=ORIENTED_EDGE('',*,*,#795,.T.);
#393=ORIENTED_EDGE('',*,*,#854,.F.);
#394=ORIENTED_EDGE('',*,*,#853,.F.);
#395=ORIENTED_EDGE('',*,*,#700,.T.);
#396=ORIENTED_EDGE('',*,*,#855,.T.);
#397=ORIENTED_EDGE('',*,*,#796,.F.);
#398=ORIENTED_EDGE('',*,*,#855,.F.);
#399=ORIENTED_EDGE('',*,*,#699,.T.);
#400=ORIENTED_EDGE('',*,*,#856,.T.);
#401=ORIENTED_EDGE('',*,*,#797,.F.);
#402=ORIENTED_EDGE('',*,*,#698,.F.);
#403=ORIENTED_EDGE('',*,*,#857,.T.);
#404=ORIENTED_EDGE('',*,*,#798,.T.);
#405=ORIENTED_EDGE('',*,*,#856,.F.);
#406=ORIENTED_EDGE('',*,*,#857,.F.);
#407=ORIENTED_EDGE('',*,*,#697,.F.);
#408=ORIENTED_EDGE('',*,*,#858,.T.);
#409=ORIENTED_EDGE('',*,*,#799,.F.);
#410=ORIENTED_EDGE('',*,*,#859,.T.);
#411=ORIENTED_EDGE('',*,*,#696,.F.);
#412=ORIENTED_EDGE('',*,*,#860,.T.);
#413=ORIENTED_EDGE('',*,*,#800,.T.);
#414=ORIENTED_EDGE('',*,*,#858,.F.);
#415=ORIENTED_EDGE('',*,*,#711,.F.);
#416=ORIENTED_EDGE('',*,*,#861,.T.);
#417=ORIENTED_EDGE('',*,*,#801,.T.);
#418=ORIENTED_EDGE('',*,*,#860,.F.);
#419=ORIENTED_EDGE('',*,*,#861,.F.);
#420=ORIENTED_EDGE('',*,*,#710,.T.);
#421=ORIENTED_EDGE('',*,*,#862,.T.);
#422=ORIENTED_EDGE('',*,*,#802,.F.);
#423=ORIENTED_EDGE('',*,*,#862,.F.);
#424=ORIENTED_EDGE('',*,*,#709,.T.);
#425=ORIENTED_EDGE('',*,*,#863,.T.);
#426=ORIENTED_EDGE('',*,*,#803,.T.);
#427=ORIENTED_EDGE('',*,*,#864,.F.);
#428=ORIENTED_EDGE('',*,*,#863,.F.);
#429=ORIENTED_EDGE('',*,*,#708,.T.);
#430=ORIENTED_EDGE('',*,*,#865,.T.);
#431=ORIENTED_EDGE('',*,*,#804,.F.);
#432=ORIENTED_EDGE('',*,*,#707,.F.);
#433=ORIENTED_EDGE('',*,*,#866,.T.);
#434=ORIENTED_EDGE('',*,*,#805,.T.);
#435=ORIENTED_EDGE('',*,*,#865,.F.);
#436=ORIENTED_EDGE('',*,*,#706,.F.);
#437=ORIENTED_EDGE('',*,*,#867,.T.);
#438=ORIENTED_EDGE('',*,*,#806,.T.);
#439=ORIENTED_EDGE('',*,*,#866,.F.);
#440=ORIENTED_EDGE('',*,*,#867,.F.);
#441=ORIENTED_EDGE('',*,*,#705,.F.);
#442=ORIENTED_EDGE('',*,*,#868,.T.);
#443=ORIENTED_EDGE('',*,*,#807,.F.);
#444=ORIENTED_EDGE('',*,*,#869,.T.);
#445=ORIENTED_EDGE('',*,*,#868,.F.);
#446=ORIENTED_EDGE('',*,*,#704,.T.);
#447=ORIENTED_EDGE('',*,*,#870,.T.);
#448=ORIENTED_EDGE('',*,*,#808,.F.);
#449=ORIENTED_EDGE('',*,*,#689,.F.);
#450=ORIENTED_EDGE('',*,*,#871,.T.);
#451=ORIENTED_EDGE('',*,*,#790,.T.);
#452=ORIENTED_EDGE('',*,*,#872,.F.);
#453=ORIENTED_EDGE('',*,*,#871,.F.);
#454=ORIENTED_EDGE('',*,*,#688,.T.);
#455=ORIENTED_EDGE('',*,*,#873,.T.);
#456=ORIENTED_EDGE('',*,*,#791,.F.);
#457=ORIENTED_EDGE('',*,*,#873,.F.);
#458=ORIENTED_EDGE('',*,*,#691,.T.);
#459=ORIENTED_EDGE('',*,*,#874,.T.);
#460=ORIENTED_EDGE('',*,*,#792,.F.);
#461=ORIENTED_EDGE('',*,*,#685,.F.);
#462=ORIENTED_EDGE('',*,*,#875,.T.);
#463=ORIENTED_EDGE('',*,*,#786,.T.);
#464=ORIENTED_EDGE('',*,*,#876,.F.);
#465=ORIENTED_EDGE('',*,*,#684,.F.);
#466=ORIENTED_EDGE('',*,*,#877,.T.);
#467=ORIENTED_EDGE('',*,*,#787,.T.);
#468=ORIENTED_EDGE('',*,*,#875,.F.);
#469=ORIENTED_EDGE('',*,*,#687,.F.);
#470=ORIENTED_EDGE('',*,*,#878,.T.);
#471=ORIENTED_EDGE('',*,*,#788,.T.);
#472=ORIENTED_EDGE('',*,*,#877,.F.);
#473=ORIENTED_EDGE('',*,*,#681,.F.);
#474=ORIENTED_EDGE('',*,*,#879,.T.);
#475=ORIENTED_EDGE('',*,*,#782,.T.);
#476=ORIENTED_EDGE('',*,*,#880,.F.);
#477=ORIENTED_EDGE('',*,*,#680,.F.);
#478=ORIENTED_EDGE('',*,*,#881,.T.);
#479=ORIENTED_EDGE('',*,*,#783,.T.);
#480=ORIENTED_EDGE('',*,*,#879,.F.);
#481=ORIENTED_EDGE('',*,*,#881,.F.);
#482=ORIENTED_EDGE('',*,*,#683,.T.);
#483=ORIENTED_EDGE('',*,*,#882,.T.);
#484=ORIENTED_EDGE('',*,*,#784,.F.);
#485=ORIENTED_EDGE('',*,*,#677,.F.);
#486=ORIENTED_EDGE('',*,*,#883,.T.);
#487=ORIENTED_EDGE('',*,*,#778,.T.);
#488=ORIENTED_EDGE('',*,*,#884,.F.);
#489=ORIENTED_EDGE('',*,*,#676,.F.);
#490=ORIENTED_EDGE('',*,*,#885,.T.);
#491=ORIENTED_EDGE('',*,*,#779,.T.);
#492=ORIENTED_EDGE('',*,*,#883,.F.);
#493=ORIENTED_EDGE('',*,*,#885,.F.);
#494=ORIENTED_EDGE('',*,*,#679,.T.);
#495=ORIENTED_EDGE('',*,*,#886,.T.);
#496=ORIENTED_EDGE('',*,*,#780,.F.);
#497=ORIENTED_EDGE('',*,*,#673,.F.);
#498=ORIENTED_EDGE('',*,*,#887,.T.);
#499=ORIENTED_EDGE('',*,*,#774,.T.);
#500=ORIENTED_EDGE('',*,*,#888,.F.);
#501=ORIENTED_EDGE('',*,*,#672,.F.);
#502=ORIENTED_EDGE('',*,*,#889,.T.);
#503=ORIENTED_EDGE('',*,*,#775,.T.);
#504=ORIENTED_EDGE('',*,*,#887,.F.);
#505=ORIENTED_EDGE('',*,*,#889,.F.);
#506=ORIENTED_EDGE('',*,*,#675,.T.);
#507=ORIENTED_EDGE('',*,*,#890,.T.);
#508=ORIENTED_EDGE('',*,*,#776,.F.);
#509=ORIENTED_EDGE('',*,*,#669,.F.);
#510=ORIENTED_EDGE('',*,*,#891,.T.);
#511=ORIENTED_EDGE('',*,*,#770,.T.);
#512=ORIENTED_EDGE('',*,*,#892,.F.);
#513=ORIENTED_EDGE('',*,*,#668,.F.);
#514=ORIENTED_EDGE('',*,*,#893,.T.);
#515=ORIENTED_EDGE('',*,*,#771,.T.);
#516=ORIENTED_EDGE('',*,*,#891,.F.);
#517=ORIENTED_EDGE('',*,*,#893,.F.);
#518=ORIENTED_EDGE('',*,*,#671,.T.);
#519=ORIENTED_EDGE('',*,*,#894,.T.);
#520=ORIENTED_EDGE('',*,*,#772,.F.);
#521=ORIENTED_EDGE('',*,*,#665,.F.);
#522=ORIENTED_EDGE('',*,*,#895,.T.);
#523=ORIENTED_EDGE('',*,*,#766,.T.);
#524=ORIENTED_EDGE('',*,*,#896,.F.);
#525=ORIENTED_EDGE('',*,*,#895,.F.);
#526=ORIENTED_EDGE('',*,*,#664,.T.);
#527=ORIENTED_EDGE('',*,*,#897,.T.);
#528=ORIENTED_EDGE('',*,*,#767,.F.);
#529=ORIENTED_EDGE('',*,*,#897,.F.);
#530=ORIENTED_EDGE('',*,*,#667,.T.);
#531=ORIENTED_EDGE('',*,*,#898,.T.);
#532=ORIENTED_EDGE('',*,*,#768,.F.);
#533=ORIENTED_EDGE('',*,*,#714,.F.);
#534=ORIENTED_EDGE('',*,*,#622,.T.);
#535=ORIENTED_EDGE('',*,*,#899,.T.);
#536=ORIENTED_EDGE('',*,*,#760,.F.);
#537=ORIENTED_EDGE('',*,*,#621,.F.);
#538=ORIENTED_EDGE('',*,*,#900,.T.);
#539=ORIENTED_EDGE('',*,*,#761,.T.);
#540=ORIENTED_EDGE('',*,*,#899,.F.);
#541=ORIENTED_EDGE('',*,*,#620,.F.);
#542=ORIENTED_EDGE('',*,*,#713,.T.);
#543=ORIENTED_EDGE('',*,*,#759,.T.);
#544=ORIENTED_EDGE('',*,*,#900,.F.);
#545=ORIENTED_EDGE('',*,*,#657,.F.);
#546=ORIENTED_EDGE('',*,*,#901,.T.);
#547=ORIENTED_EDGE('',*,*,#762,.T.);
#548=ORIENTED_EDGE('',*,*,#902,.F.);
#549=ORIENTED_EDGE('',*,*,#901,.F.);
#550=ORIENTED_EDGE('',*,*,#656,.T.);
#551=ORIENTED_EDGE('',*,*,#903,.T.);
#552=ORIENTED_EDGE('',*,*,#763,.F.);
#553=ORIENTED_EDGE('',*,*,#903,.F.);
#554=ORIENTED_EDGE('',*,*,#659,.T.);
#555=ORIENTED_EDGE('',*,*,#904,.T.);
#556=ORIENTED_EDGE('',*,*,#764,.F.);
#557=ORIENTED_EDGE('',*,*,#645,.F.);
#558=ORIENTED_EDGE('',*,*,#836,.T.);
#559=ORIENTED_EDGE('',*,*,#826,.T.);
#560=ORIENTED_EDGE('',*,*,#838,.F.);
#561=ORIENTED_EDGE('',*,*,#649,.F.);
#562=ORIENTED_EDGE('',*,*,#840,.T.);
#563=ORIENTED_EDGE('',*,*,#822,.T.);
#564=ORIENTED_EDGE('',*,*,#842,.F.);
#565=ORIENTED_EDGE('',*,*,#693,.F.);
#566=ORIENTED_EDGE('',*,*,#843,.T.);
#567=ORIENTED_EDGE('',*,*,#818,.T.);
#568=ORIENTED_EDGE('',*,*,#846,.F.);
#569=ORIENTED_EDGE('',*,*,#653,.F.);
#570=ORIENTED_EDGE('',*,*,#848,.T.);
#571=ORIENTED_EDGE('',*,*,#814,.T.);
#572=ORIENTED_EDGE('',*,*,#850,.F.);
#573=ORIENTED_EDGE('',*,*,#810,.T.);
#574=ORIENTED_EDGE('',*,*,#655,.F.);
#575=ORIENTED_EDGE('',*,*,#870,.F.);
#576=ORIENTED_EDGE('',*,*,#703,.T.);
#577=ORIENTED_EDGE('',*,*,#852,.T.);
#578=ORIENTED_EDGE('',*,*,#809,.F.);
#579=ORIENTED_EDGE('',*,*,#690,.F.);
#580=ORIENTED_EDGE('',*,*,#872,.T.);
#581=ORIENTED_EDGE('',*,*,#793,.T.);
#582=ORIENTED_EDGE('',*,*,#874,.F.);
#583=ORIENTED_EDGE('',*,*,#878,.F.);
#584=ORIENTED_EDGE('',*,*,#686,.T.);
#585=ORIENTED_EDGE('',*,*,#876,.T.);
#586=ORIENTED_EDGE('',*,*,#789,.F.);
#587=ORIENTED_EDGE('',*,*,#882,.F.);
#588=ORIENTED_EDGE('',*,*,#682,.T.);
#589=ORIENTED_EDGE('',*,*,#880,.T.);
#590=ORIENTED_EDGE('',*,*,#785,.F.);
#591=ORIENTED_EDGE('',*,*,#886,.F.);
#592=ORIENTED_EDGE('',*,*,#678,.T.);
#593=ORIENTED_EDGE('',*,*,#884,.T.);
#594=ORIENTED_EDGE('',*,*,#781,.F.);
#595=ORIENTED_EDGE('',*,*,#890,.F.);
#596=ORIENTED_EDGE('',*,*,#674,.T.);
#597=ORIENTED_EDGE('',*,*,#888,.T.);
#598=ORIENTED_EDGE('',*,*,#777,.F.);
#599=ORIENTED_EDGE('',*,*,#894,.F.);
#600=ORIENTED_EDGE('',*,*,#670,.T.);
#601=ORIENTED_EDGE('',*,*,#892,.T.);
#602=ORIENTED_EDGE('',*,*,#773,.F.);
#603=ORIENTED_EDGE('',*,*,#666,.F.);
#604=ORIENTED_EDGE('',*,*,#896,.T.);
#605=ORIENTED_EDGE('',*,*,#769,.T.);
#606=ORIENTED_EDGE('',*,*,#898,.F.);
#607=ORIENTED_EDGE('',*,*,#658,.F.);
#608=ORIENTED_EDGE('',*,*,#902,.T.);
#609=ORIENTED_EDGE('',*,*,#765,.T.);
#610=ORIENTED_EDGE('',*,*,#904,.F.);
#611=ORIENTED_EDGE('',*,*,#662,.F.);
#612=ORIENTED_EDGE('',*,*,#832,.T.);
#613=ORIENTED_EDGE('',*,*,#830,.T.);
#614=ORIENTED_EDGE('',*,*,#834,.F.);
#615=ORIENTED_EDGE('',*,*,#854,.T.);
#616=ORIENTED_EDGE('',*,*,#869,.F.);
#617=ORIENTED_EDGE('',*,*,#864,.T.);
#618=ORIENTED_EDGE('',*,*,#859,.F.);
#619=EDGE_CURVE('',#905,#906,#1099,.T.);
#620=EDGE_CURVE('',#905,#907,#1100,.T.);
#621=EDGE_CURVE('',#907,#908,#1101,.T.);
#622=EDGE_CURVE('',#906,#908,#1102,.T.);
#623=EDGE_CURVE('',#909,#910,#21,.T.);
#624=EDGE_CURVE('',#909,#911,#1103,.T.);
#625=EDGE_CURVE('',#912,#911,#1104,.T.);
#626=EDGE_CURVE('',#913,#912,#1105,.T.);
#627=EDGE_CURVE('',#914,#913,#1106,.T.);
#628=EDGE_CURVE('',#915,#914,#1107,.T.);
#629=EDGE_CURVE('',#916,#915,#22,.T.);
#630=EDGE_CURVE('',#916,#917,#1108,.T.);
#631=EDGE_CURVE('',#917,#918,#1109,.T.);
#632=EDGE_CURVE('',#919,#918,#1110,.T.);
#633=EDGE_CURVE('',#920,#919,#23,.T.);
#634=EDGE_CURVE('',#920,#921,#1111,.T.);
#635=EDGE_CURVE('',#921,#922,#1112,.T.);
#636=EDGE_CURVE('',#922,#923,#1113,.T.);
#637=EDGE_CURVE('',#923,#924,#1114,.T.);
#638=EDGE_CURVE('',#925,#924,#1115,.T.);
#639=EDGE_CURVE('',#926,#925,#24,.T.);
#640=EDGE_CURVE('',#926,#927,#1116,.T.);
#641=EDGE_CURVE('',#928,#927,#1117,.T.);
#642=EDGE_CURVE('',#910,#928,#1118,.T.);
#643=EDGE_CURVE('',#929,#930,#1119,.T.);
#644=EDGE_CURVE('',#929,#931,#1120,.T.);
#645=EDGE_CURVE('',#931,#932,#1121,.T.);
#646=EDGE_CURVE('',#930,#932,#1122,.T.);
#647=EDGE_CURVE('',#933,#934,#1123,.T.);
#648=EDGE_CURVE('',#933,#935,#1124,.T.);
#649=EDGE_CURVE('',#935,#936,#1125,.T.);
#650=EDGE_CURVE('',#934,#936,#1126,.T.);
#651=EDGE_CURVE('',#937,#938,#1127,.T.);
#652=EDGE_CURVE('',#937,#939,#1128,.T.);
#653=EDGE_CURVE('',#939,#940,#1129,.T.);
#654=EDGE_CURVE('',#938,#940,#1130,.T.);
#655=EDGE_CURVE('',#941,#941,#25,.F.);
#656=EDGE_CURVE('',#942,#943,#1131,.T.);
#657=EDGE_CURVE('',#942,#944,#1132,.T.);
#658=EDGE_CURVE('',#944,#945,#1133,.T.);
#659=EDGE_CURVE('',#943,#945,#1134,.T.);
#660=EDGE_CURVE('',#946,#947,#1135,.T.);
#661=EDGE_CURVE('',#946,#948,#1136,.T.);
#662=EDGE_CURVE('',#948,#949,#1137,.T.);
#663=EDGE_CURVE('',#947,#949,#1138,.T.);
#664=EDGE_CURVE('',#950,#951,#1139,.T.);
#665=EDGE_CURVE('',#950,#952,#1140,.T.);
#666=EDGE_CURVE('',#952,#953,#1141,.T.);
#667=EDGE_CURVE('',#951,#953,#1142,.T.);
#668=EDGE_CURVE('',#954,#955,#1143,.T.);
#669=EDGE_CURVE('',#955,#956,#1144,.T.);
#670=EDGE_CURVE('',#957,#956,#1145,.T.);
#671=EDGE_CURVE('',#954,#957,#1146,.T.);
#672=EDGE_CURVE('',#958,#959,#1147,.T.);
#673=EDGE_CURVE('',#959,#960,#1148,.T.);
#674=EDGE_CURVE('',#961,#960,#1149,.T.);
#675=EDGE_CURVE('',#958,#961,#1150,.T.);
#676=EDGE_CURVE('',#962,#963,#1151,.T.);
#677=EDGE_CURVE('',#963,#964,#1152,.T.);
#678=EDGE_CURVE('',#965,#964,#1153,.T.);
#679=EDGE_CURVE('',#962,#965,#1154,.T.);
#680=EDGE_CURVE('',#966,#967,#1155,.T.);
#681=EDGE_CURVE('',#967,#968,#1156,.T.);
#682=EDGE_CURVE('',#969,#968,#1157,.T.);
#683=EDGE_CURVE('',#966,#969,#1158,.T.);
#684=EDGE_CURVE('',#970,#971,#1159,.T.);
#685=EDGE_CURVE('',#971,#972,#1160,.T.);
#686=EDGE_CURVE('',#973,#972,#1161,.T.);
#687=EDGE_CURVE('',#973,#970,#1162,.T.);
#688=EDGE_CURVE('',#974,#975,#1163,.T.);
#689=EDGE_CURVE('',#974,#976,#1164,.T.);
#690=EDGE_CURVE('',#976,#977,#1165,.T.);
#691=EDGE_CURVE('',#975,#977,#1166,.T.);
#692=EDGE_CURVE('',#978,#979,#1167,.T.);
#693=EDGE_CURVE('',#978,#980,#1168,.T.);
#694=EDGE_CURVE('',#980,#981,#1169,.T.);
#695=EDGE_CURVE('',#979,#981,#1170,.T.);
#696=EDGE_CURVE('',#982,#983,#1171,.T.);
#697=EDGE_CURVE('',#983,#984,#26,.F.);
#698=EDGE_CURVE('',#984,#985,#1172,.T.);
#699=EDGE_CURVE('',#986,#985,#1173,.T.);
#700=EDGE_CURVE('',#987,#986,#1174,.T.);
#701=EDGE_CURVE('',#988,#987,#27,.T.);
#702=EDGE_CURVE('',#988,#989,#1175,.T.);
#703=EDGE_CURVE('',#990,#989,#1176,.T.);
#704=EDGE_CURVE('',#991,#990,#1177,.T.);
#705=EDGE_CURVE('',#991,#992,#28,.F.);
#706=EDGE_CURVE('',#992,#993,#1178,.T.);
#707=EDGE_CURVE('',#993,#994,#1179,.T.);
#708=EDGE_CURVE('',#995,#994,#1180,.T.);
#709=EDGE_CURVE('',#996,#995,#29,.T.);
#710=EDGE_CURVE('',#997,#996,#1181,.T.);
#711=EDGE_CURVE('',#997,#982,#1182,.T.);
#712=EDGE_CURVE('',#998,#999,#1183,.T.);
#713=EDGE_CURVE('',#905,#998,#1184,.T.);
#714=EDGE_CURVE('',#906,#999,#1185,.T.);
#715=EDGE_CURVE('',#1000,#1001,#30,.T.);
#716=EDGE_CURVE('',#916,#1001,#1186,.T.);
#717=EDGE_CURVE('',#915,#1000,#1187,.T.);
#718=EDGE_CURVE('',#1002,#1002,#31,.T.);
#719=EDGE_CURVE('',#1001,#1003,#1188,.T.);
#720=EDGE_CURVE('',#917,#1003,#1189,.T.);
#721=EDGE_CURVE('',#1003,#1004,#1190,.T.);
#722=EDGE_CURVE('',#918,#1004,#1191,.T.);
#723=EDGE_CURVE('',#1005,#1004,#1192,.T.);
#724=EDGE_CURVE('',#919,#1005,#1193,.T.);
#725=EDGE_CURVE('',#1005,#1006,#32,.T.);
#726=EDGE_CURVE('',#920,#1006,#1194,.T.);
#727=EDGE_CURVE('',#1007,#1007,#33,.T.);
#728=EDGE_CURVE('',#1006,#1008,#1195,.T.);
#729=EDGE_CURVE('',#921,#1008,#1196,.T.);
#730=EDGE_CURVE('',#1008,#1009,#1197,.T.);
#731=EDGE_CURVE('',#922,#1009,#1198,.T.);
#732=EDGE_CURVE('',#1009,#1010,#1199,.T.);
#733=EDGE_CURVE('',#923,#1010,#1200,.T.);
#734=EDGE_CURVE('',#1010,#1011,#1201,.T.);
#735=EDGE_CURVE('',#924,#1011,#1202,.T.);
#736=EDGE_CURVE('',#1012,#1011,#1203,.T.);
#737=EDGE_CURVE('',#925,#1012,#1204,.T.);
#738=EDGE_CURVE('',#1012,#1013,#34,.T.);
#739=EDGE_CURVE('',#926,#1013,#1205,.T.);
#740=EDGE_CURVE('',#1014,#1014,#35,.T.);
#741=EDGE_CURVE('',#1013,#1015,#1206,.T.);
#742=EDGE_CURVE('',#927,#1015,#1207,.T.);
#743=EDGE_CURVE('',#1016,#1015,#1208,.T.);
#744=EDGE_CURVE('',#928,#1016,#1209,.T.);
#745=EDGE_CURVE('',#1017,#1016,#1210,.T.);
#746=EDGE_CURVE('',#910,#1017,#1211,.T.);
#747=EDGE_CURVE('',#1017,#1018,#36,.T.);
#748=EDGE_CURVE('',#909,#1018,#1212,.T.);
#749=EDGE_CURVE('',#1019,#1019,#37,.T.);
#750=EDGE_CURVE('',#1018,#1020,#1213,.T.);
#751=EDGE_CURVE('',#911,#1020,#1214,.T.);
#752=EDGE_CURVE('',#1021,#1020,#1215,.T.);
#753=EDGE_CURVE('',#912,#1021,#1216,.T.);
#754=EDGE_CURVE('',#1022,#1021,#1217,.T.);
#755=EDGE_CURVE('',#913,#1022,#1218,.T.);
#756=EDGE_CURVE('',#1023,#1022,#1219,.T.);
#757=EDGE_CURVE('',#914,#1023,#1220,.T.);
#758=EDGE_CURVE('',#1000,#1023,#1221,.T.);
#759=EDGE_CURVE('',#998,#1024,#1222,.T.);
#760=EDGE_CURVE('',#999,#1025,#1223,.T.);
#761=EDGE_CURVE('',#1024,#1025,#1224,.T.);
#762=EDGE_CURVE('',#1026,#1027,#1225,.T.);
#763=EDGE_CURVE('',#1026,#1028,#1226,.T.);
#764=EDGE_CURVE('',#1028,#1029,#1227,.T.);
#765=EDGE_CURVE('',#1027,#1029,#1228,.T.);
#766=EDGE_CURVE('',#1030,#1031,#1229,.T.);
#767=EDGE_CURVE('',#1030,#1032,#1230,.T.);
#768=EDGE_CURVE('',#1032,#1033,#1231,.T.);
#769=EDGE_CURVE('',#1031,#1033,#1232,.T.);
#770=EDGE_CURVE('',#1034,#1035,#1233,.T.);
#771=EDGE_CURVE('',#1036,#1034,#1234,.T.);
#772=EDGE_CURVE('',#1036,#1037,#1235,.T.);
#773=EDGE_CURVE('',#1037,#1035,#1236,.T.);
#774=EDGE_CURVE('',#1038,#1039,#1237,.T.);
#775=EDGE_CURVE('',#1040,#1038,#1238,.T.);
#776=EDGE_CURVE('',#1040,#1041,#1239,.T.);
#777=EDGE_CURVE('',#1041,#1039,#1240,.T.);
#778=EDGE_CURVE('',#1042,#1043,#1241,.T.);
#779=EDGE_CURVE('',#1044,#1042,#1242,.T.);
#780=EDGE_CURVE('',#1044,#1045,#1243,.T.);
#781=EDGE_CURVE('',#1045,#1043,#1244,.T.);
#782=EDGE_CURVE('',#1046,#1047,#1245,.T.);
#783=EDGE_CURVE('',#1048,#1046,#1246,.T.);
#784=EDGE_CURVE('',#1048,#1049,#1247,.T.);
#785=EDGE_CURVE('',#1049,#1047,#1248,.T.);
#786=EDGE_CURVE('',#1050,#1051,#1249,.T.);
#787=EDGE_CURVE('',#1052,#1050,#1250,.T.);
#788=EDGE_CURVE('',#1053,#1052,#1251,.T.);
#789=EDGE_CURVE('',#1053,#1051,#1252,.T.);
#790=EDGE_CURVE('',#1054,#1055,#1253,.T.);
#791=EDGE_CURVE('',#1054,#1056,#1254,.T.);
#792=EDGE_CURVE('',#1056,#1057,#1255,.T.);
#793=EDGE_CURVE('',#1055,#1057,#1256,.T.);
#794=EDGE_CURVE('',#1058,#1059,#1257,.T.);
#795=EDGE_CURVE('',#1060,#1058,#38,.T.);
#796=EDGE_CURVE('',#1060,#1061,#1258,.T.);
#797=EDGE_CURVE('',#1061,#1062,#1259,.T.);
#798=EDGE_CURVE('',#1063,#1062,#1260,.T.);
#799=EDGE_CURVE('',#1063,#1064,#39,.T.);
#800=EDGE_CURVE('',#1065,#1064,#1261,.T.);
#801=EDGE_CURVE('',#1066,#1065,#1262,.T.);
#802=EDGE_CURVE('',#1066,#1067,#1263,.T.);
#803=EDGE_CURVE('',#1068,#1067,#40,.T.);
#804=EDGE_CURVE('',#1068,#1069,#1264,.T.);
#805=EDGE_CURVE('',#1070,#1069,#1265,.T.);
#806=EDGE_CURVE('',#1071,#1070,#1266,.T.);
#807=EDGE_CURVE('',#1071,#1072,#41,.T.);
#808=EDGE_CURVE('',#1072,#1073,#1267,.T.);
#809=EDGE_CURVE('',#1073,#1059,#1268,.T.);
#810=EDGE_CURVE('',#1074,#1074,#42,.T.);
#811=EDGE_CURVE('',#1075,#1076,#1269,.T.);
#812=EDGE_CURVE('',#1075,#1077,#1270,.T.);
#813=EDGE_CURVE('',#1077,#1078,#1271,.T.);
#814=EDGE_CURVE('',#1076,#1078,#1272,.T.);
#815=EDGE_CURVE('',#1079,#1080,#1273,.T.);
#816=EDGE_CURVE('',#1080,#1081,#1274,.T.);
#817=EDGE_CURVE('',#1082,#1081,#1275,.T.);
#818=EDGE_CURVE('',#1079,#1082,#1276,.T.);
#819=EDGE_CURVE('',#1083,#1084,#1277,.T.);
#820=EDGE_CURVE('',#1083,#1085,#1278,.T.);
#821=EDGE_CURVE('',#1085,#1086,#1279,.T.);
#822=EDGE_CURVE('',#1084,#1086,#1280,.T.);
#823=EDGE_CURVE('',#1087,#1088,#1281,.T.);
#824=EDGE_CURVE('',#1087,#1089,#1282,.T.);
#825=EDGE_CURVE('',#1089,#1090,#1283,.T.);
#826=EDGE_CURVE('',#1088,#1090,#1284,.T.);
#827=EDGE_CURVE('',#1091,#1092,#1285,.T.);
#828=EDGE_CURVE('',#1091,#1093,#1286,.T.);
#829=EDGE_CURVE('',#1093,#1094,#1287,.T.);
#830=EDGE_CURVE('',#1092,#1094,#1288,.T.);
#831=EDGE_CURVE('',#946,#1091,#1289,.T.);
#832=EDGE_CURVE('',#948,#1092,#1290,.T.);
#833=EDGE_CURVE('',#947,#1093,#1291,.T.);
#834=EDGE_CURVE('',#949,#1094,#1292,.T.);
#835=EDGE_CURVE('',#929,#1087,#1293,.T.);
#836=EDGE_CURVE('',#931,#1088,#1294,.T.);
#837=EDGE_CURVE('',#930,#1089,#1295,.T.);
#838=EDGE_CURVE('',#932,#1090,#1296,.T.);
#839=EDGE_CURVE('',#933,#1083,#1297,.T.);
#840=EDGE_CURVE('',#935,#1084,#1298,.T.);
#841=EDGE_CURVE('',#934,#1085,#1299,.T.);
#842=EDGE_CURVE('',#936,#1086,#1300,.T.);
#843=EDGE_CURVE('',#978,#1079,#1301,.T.);
#844=EDGE_CURVE('',#979,#1080,#1302,.T.);
#845=EDGE_CURVE('',#981,#1081,#1303,.T.);
#846=EDGE_CURVE('',#980,#1082,#1304,.T.);
#847=EDGE_CURVE('',#937,#1075,#1305,.T.);
#848=EDGE_CURVE('',#939,#1076,#1306,.T.);
#849=EDGE_CURVE('',#938,#1077,#1307,.T.);
#850=EDGE_CURVE('',#940,#1078,#1308,.T.);
#851=EDGE_CURVE('',#988,#1058,#1309,.T.);
#852=EDGE_CURVE('',#989,#1059,#1310,.T.);
#853=EDGE_CURVE('',#987,#1060,#1311,.T.);
#854=EDGE_CURVE('',#1095,#1095,#43,.T.);
#855=EDGE_CURVE('',#986,#1061,#1312,.T.);
#856=EDGE_CURVE('',#985,#1062,#1313,.T.);
#857=EDGE_CURVE('',#984,#1063,#1314,.T.);
#858=EDGE_CURVE('',#983,#1064,#1315,.T.);
#859=EDGE_CURVE('',#1096,#1096,#44,.F.);
#860=EDGE_CURVE('',#982,#1065,#1316,.T.);
#861=EDGE_CURVE('',#997,#1066,#1317,.T.);
#862=EDGE_CURVE('',#996,#1067,#1318,.T.);
#863=EDGE_CURVE('',#995,#1068,#1319,.T.);
#864=EDGE_CURVE('',#1097,#1097,#45,.T.);
#865=EDGE_CURVE('',#994,#1069,#1320,.T.);
#866=EDGE_CURVE('',#993,#1070,#1321,.T.);
#867=EDGE_CURVE('',#992,#1071,#1322,.T.);
#868=EDGE_CURVE('',#991,#1072,#1323,.T.);
#869=EDGE_CURVE('',#1098,#1098,#46,.F.);
#870=EDGE_CURVE('',#990,#1073,#1324,.T.);
#871=EDGE_CURVE('',#974,#1054,#1325,.T.);
#872=EDGE_CURVE('',#976,#1055,#1326,.T.);
#873=EDGE_CURVE('',#975,#1056,#1327,.T.);
#874=EDGE_CURVE('',#977,#1057,#1328,.T.);
#875=EDGE_CURVE('',#971,#1050,#1329,.T.);
#876=EDGE_CURVE('',#972,#1051,#1330,.T.);
#877=EDGE_CURVE('',#970,#1052,#1331,.T.);
#878=EDGE_CURVE('',#973,#1053,#1332,.T.);
#879=EDGE_CURVE('',#967,#1046,#1333,.T.);
#880=EDGE_CURVE('',#968,#1047,#1334,.T.);
#881=EDGE_CURVE('',#966,#1048,#1335,.T.);
#882=EDGE_CURVE('',#969,#1049,#1336,.T.);
#883=EDGE_CURVE('',#963,#1042,#1337,.T.);
#884=EDGE_CURVE('',#964,#1043,#1338,.T.);
#885=EDGE_CURVE('',#962,#1044,#1339,.T.);
#886=EDGE_CURVE('',#965,#1045,#1340,.T.);
#887=EDGE_CURVE('',#959,#1038,#1341,.T.);
#888=EDGE_CURVE('',#960,#1039,#1342,.T.);
#889=EDGE_CURVE('',#958,#1040,#1343,.T.);
#890=EDGE_CURVE('',#961,#1041,#1344,.T.);
#891=EDGE_CURVE('',#955,#1034,#1345,.T.);
#892=EDGE_CURVE('',#956,#1035,#1346,.T.);
#893=EDGE_CURVE('',#954,#1036,#1347,.T.);
#894=EDGE_CURVE('',#957,#1037,#1348,.T.);
#895=EDGE_CURVE('',#950,#1030,#1349,.T.);
#896=EDGE_CURVE('',#952,#1031,#1350,.T.);
#897=EDGE_CURVE('',#951,#1032,#1351,.T.);
#898=EDGE_CURVE('',#953,#1033,#1352,.T.);
#899=EDGE_CURVE('',#908,#1025,#1353,.T.);
#900=EDGE_CURVE('',#907,#1024,#1354,.T.);
#901=EDGE_CURVE('',#942,#1026,#1355,.T.);
#902=EDGE_CURVE('',#944,#1027,#1356,.T.);
#903=EDGE_CURVE('',#943,#1028,#1357,.T.);
#904=EDGE_CURVE('',#945,#1029,#1358,.T.);
#905=VERTEX_POINT('',#2769);
#906=VERTEX_POINT('',#2770);
#907=VERTEX_POINT('',#2772);
#908=VERTEX_POINT('',#2774);
#909=VERTEX_POINT('',#2777);
#910=VERTEX_POINT('',#2778);
#911=VERTEX_POINT('',#2780);
#912=VERTEX_POINT('',#2782);
#913=VERTEX_POINT('',#2784);
#914=VERTEX_POINT('',#2786);
#915=VERTEX_POINT('',#2788);
#916=VERTEX_POINT('',#2790);
#917=VERTEX_POINT('',#2792);
#918=VERTEX_POINT('',#2794);
#919=VERTEX_POINT('',#2796);
#920=VERTEX_POINT('',#2798);
#921=VERTEX_POINT('',#2800);
#922=VERTEX_POINT('',#2802);
#923=VERTEX_POINT('',#2804);
#924=VERTEX_POINT('',#2806);
#925=VERTEX_POINT('',#2808);
#926=VERTEX_POINT('',#2810);
#927=VERTEX_POINT('',#2812);
#928=VERTEX_POINT('',#2814);
#929=VERTEX_POINT('',#2817);
#930=VERTEX_POINT('',#2818);
#931=VERTEX_POINT('',#2820);
#932=VERTEX_POINT('',#2822);
#933=VERTEX_POINT('',#2825);
#934=VERTEX_POINT('',#2826);
#935=VERTEX_POINT('',#2828);
#936=VERTEX_POINT('',#2830);
#937=VERTEX_POINT('',#2833);
#938=VERTEX_POINT('',#2834);
#939=VERTEX_POINT('',#2836);
#940=VERTEX_POINT('',#2838);
#941=VERTEX_POINT('',#2841);
#942=VERTEX_POINT('',#2843);
#943=VERTEX_POINT('',#2844);
#944=VERTEX_POINT('',#2846);
#945=VERTEX_POINT('',#2848);
#946=VERTEX_POINT('',#2851);
#947=VERTEX_POINT('',#2852);
#948=VERTEX_POINT('',#2854);
#949=VERTEX_POINT('',#2856);
#950=VERTEX_POINT('',#2859);
#951=VERTEX_POINT('',#2860);
#952=VERTEX_POINT('',#2862);
#953=VERTEX_POINT('',#2864);
#954=VERTEX_POINT('',#2867);
#955=VERTEX_POINT('',#2868);
#956=VERTEX_POINT('',#2870);
#957=VERTEX_POINT('',#2872);
#958=VERTEX_POINT('',#2875);
#959=VERTEX_POINT('',#2876);
#960=VERTEX_POINT('',#2878);
#961=VERTEX_POINT('',#2880);
#962=VERTEX_POINT('',#2883);
#963=VERTEX_POINT('',#2884);
#964=VERTEX_POINT('',#2886);
#965=VERTEX_POINT('',#2888);
#966=VERTEX_POINT('',#2891);
#967=VERTEX_POINT('',#2892);
#968=VERTEX_POINT('',#2894);
#969=VERTEX_POINT('',#2896);
#970=VERTEX_POINT('',#2899);
#971=VERTEX_POINT('',#2900);
#972=VERTEX_POINT('',#2902);
#973=VERTEX_POINT('',#2904);
#974=VERTEX_POINT('',#2907);
#975=VERTEX_POINT('',#2908);
#976=VERTEX_POINT('',#2910);
#977=VERTEX_POINT('',#2912);
#978=VERTEX_POINT('',#2915);
#979=VERTEX_POINT('',#2916);
#980=VERTEX_POINT('',#2918);
#981=VERTEX_POINT('',#2920);
#982=VERTEX_POINT('',#2923);
#983=VERTEX_POINT('',#2924);
#984=VERTEX_POINT('',#2926);
#985=VERTEX_POINT('',#2928);
#986=VERTEX_POINT('',#2930);
#987=VERTEX_POINT('',#2932);
#988=VERTEX_POINT('',#2934);
#989=VERTEX_POINT('',#2936);
#990=VERTEX_POINT('',#2938);
#991=VERTEX_POINT('',#2940);
#992=VERTEX_POINT('',#2942);
#993=VERTEX_POINT('',#2944);
#994=VERTEX_POINT('',#2946);
#995=VERTEX_POINT('',#2948);
#996=VERTEX_POINT('',#2950);
#997=VERTEX_POINT('',#2952);
#998=VERTEX_POINT('',#2956);
#999=VERTEX_POINT('',#2957);
#1000=VERTEX_POINT('',#2962);
#1001=VERTEX_POINT('',#2963);
#1002=VERTEX_POINT('',#2967);
#1003=VERTEX_POINT('',#2970);
#1004=VERTEX_POINT('',#2974);
#1005=VERTEX_POINT('',#2978);
#1006=VERTEX_POINT('',#2982);
#1007=VERTEX_POINT('',#2985);
#1008=VERTEX_POINT('',#2988);
#1009=VERTEX_POINT('',#2992);
#1010=VERTEX_POINT('',#2996);
#1011=VERTEX_POINT('',#3000);
#1012=VERTEX_POINT('',#3004);
#1013=VERTEX_POINT('',#3008);
#1014=VERTEX_POINT('',#3011);
#1015=VERTEX_POINT('',#3014);
#1016=VERTEX_POINT('',#3018);
#1017=VERTEX_POINT('',#3022);
#1018=VERTEX_POINT('',#3026);
#1019=VERTEX_POINT('',#3029);
#1020=VERTEX_POINT('',#3032);
#1021=VERTEX_POINT('',#3036);
#1022=VERTEX_POINT('',#3040);
#1023=VERTEX_POINT('',#3044);
#1024=VERTEX_POINT('',#3050);
#1025=VERTEX_POINT('',#3052);
#1026=VERTEX_POINT('',#3055);
#1027=VERTEX_POINT('',#3056);
#1028=VERTEX_POINT('',#3058);
#1029=VERTEX_POINT('',#3060);
#1030=VERTEX_POINT('',#3063);
#1031=VERTEX_POINT('',#3064);
#1032=VERTEX_POINT('',#3066);
#1033=VERTEX_POINT('',#3068);
#1034=VERTEX_POINT('',#3071);
#1035=VERTEX_POINT('',#3072);
#1036=VERTEX_POINT('',#3074);
#1037=VERTEX_POINT('',#3076);
#1038=VERTEX_POINT('',#3079);
#1039=VERTEX_POINT('',#3080);
#1040=VERTEX_POINT('',#3082);
#1041=VERTEX_POINT('',#3084);
#1042=VERTEX_POINT('',#3087);
#1043=VERTEX_POINT('',#3088);
#1044=VERTEX_POINT('',#3090);
#1045=VERTEX_POINT('',#3092);
#1046=VERTEX_POINT('',#3095);
#1047=VERTEX_POINT('',#3096);
#1048=VERTEX_POINT('',#3098);
#1049=VERTEX_POINT('',#3100);
#1050=VERTEX_POINT('',#3103);
#1051=VERTEX_POINT('',#3104);
#1052=VERTEX_POINT('',#3106);
#1053=VERTEX_POINT('',#3108);
#1054=VERTEX_POINT('',#3111);
#1055=VERTEX_POINT('',#3112);
#1056=VERTEX_POINT('',#3114);
#1057=VERTEX_POINT('',#3116);
#1058=VERTEX_POINT('',#3119);
#1059=VERTEX_POINT('',#3120);
#1060=VERTEX_POINT('',#3122);
#1061=VERTEX_POINT('',#3124);
#1062=VERTEX_POINT('',#3126);
#1063=VERTEX_POINT('',#3128);
#1064=VERTEX_POINT('',#3130);
#1065=VERTEX_POINT('',#3132);
#1066=VERTEX_POINT('',#3134);
#1067=VERTEX_POINT('',#3136);
#1068=VERTEX_POINT('',#3138);
#1069=VERTEX_POINT('',#3140);
#1070=VERTEX_POINT('',#3142);
#1071=VERTEX_POINT('',#3144);
#1072=VERTEX_POINT('',#3146);
#1073=VERTEX_POINT('',#3148);
#1074=VERTEX_POINT('',#3151);
#1075=VERTEX_POINT('',#3153);
#1076=VERTEX_POINT('',#3154);
#1077=VERTEX_POINT('',#3156);
#1078=VERTEX_POINT('',#3158);
#1079=VERTEX_POINT('',#3161);
#1080=VERTEX_POINT('',#3162);
#1081=VERTEX_POINT('',#3164);
#1082=VERTEX_POINT('',#3166);
#1083=VERTEX_POINT('',#3169);
#1084=VERTEX_POINT('',#3170);
#1085=VERTEX_POINT('',#3172);
#1086=VERTEX_POINT('',#3174);
#1087=VERTEX_POINT('',#3177);
#1088=VERTEX_POINT('',#3178);
#1089=VERTEX_POINT('',#3180);
#1090=VERTEX_POINT('',#3182);
#1091=VERTEX_POINT('',#3185);
#1092=VERTEX_POINT('',#3186);
#1093=VERTEX_POINT('',#3188);
#1094=VERTEX_POINT('',#3190);
#1095=VERTEX_POINT('',#3237);
#1096=VERTEX_POINT('',#3247);
#1097=VERTEX_POINT('',#3257);
#1098=VERTEX_POINT('',#3267);
#1099=LINE('',#2768,#1359);
#1100=LINE('',#2771,#1360);
#1101=LINE('',#2773,#1361);
#1102=LINE('',#2775,#1362);
#1103=LINE('',#2779,#1363);
#1104=LINE('',#2781,#1364);
#1105=LINE('',#2783,#1365);
#1106=LINE('',#2785,#1366);
#1107=LINE('',#2787,#1367);
#1108=LINE('',#2791,#1368);
#1109=LINE('',#2793,#1369);
#1110=LINE('',#2795,#1370);
#1111=LINE('',#2799,#1371);
#1112=LINE('',#2801,#1372);
#1113=LINE('',#2803,#1373);
#1114=LINE('',#2805,#1374);
#1115=LINE('',#2807,#1375);
#1116=LINE('',#2811,#1376);
#1117=LINE('',#2813,#1377);
#1118=LINE('',#2815,#1378);
#1119=LINE('',#2816,#1379);
#1120=LINE('',#2819,#1380);
#1121=LINE('',#2821,#1381);
#1122=LINE('',#2823,#1382);
#1123=LINE('',#2824,#1383);
#1124=LINE('',#2827,#1384);
#1125=LINE('',#2829,#1385);
#1126=LINE('',#2831,#1386);
#1127=LINE('',#2832,#1387);
#1128=LINE('',#2835,#1388);
#1129=LINE('',#2837,#1389);
#1130=LINE('',#2839,#1390);
#1131=LINE('',#2842,#1391);
#1132=LINE('',#2845,#1392);
#1133=LINE('',#2847,#1393);
#1134=LINE('',#2849,#1394);
#1135=LINE('',#2850,#1395);
#1136=LINE('',#2853,#1396);
#1137=LINE('',#2855,#1397);
#1138=LINE('',#2857,#1398);
#1139=LINE('',#2858,#1399);
#1140=LINE('',#2861,#1400);
#1141=LINE('',#2863,#1401);
#1142=LINE('',#2865,#1402);
#1143=LINE('',#2866,#1403);
#1144=LINE('',#2869,#1404);
#1145=LINE('',#2871,#1405);
#1146=LINE('',#2873,#1406);
#1147=LINE('',#2874,#1407);
#1148=LINE('',#2877,#1408);
#1149=LINE('',#2879,#1409);
#1150=LINE('',#2881,#1410);
#1151=LINE('',#2882,#1411);
#1152=LINE('',#2885,#1412);
#1153=LINE('',#2887,#1413);
#1154=LINE('',#2889,#1414);
#1155=LINE('',#2890,#1415);
#1156=LINE('',#2893,#1416);
#1157=LINE('',#2895,#1417);
#1158=LINE('',#2897,#1418);
#1159=LINE('',#2898,#1419);
#1160=LINE('',#2901,#1420);
#1161=LINE('',#2903,#1421);
#1162=LINE('',#2905,#1422);
#1163=LINE('',#2906,#1423);
#1164=LINE('',#2909,#1424);
#1165=LINE('',#2911,#1425);
#1166=LINE('',#2913,#1426);
#1167=LINE('',#2914,#1427);
#1168=LINE('',#2917,#1428);
#1169=LINE('',#2919,#1429);
#1170=LINE('',#2921,#1430);
#1171=LINE('',#2922,#1431);
#1172=LINE('',#2927,#1432);
#1173=LINE('',#2929,#1433);
#1174=LINE('',#2931,#1434);
#1175=LINE('',#2935,#1435);
#1176=LINE('',#2937,#1436);
#1177=LINE('',#2939,#1437);
#1178=LINE('',#2943,#1438);
#1179=LINE('',#2945,#1439);
#1180=LINE('',#2947,#1440);
#1181=LINE('',#2951,#1441);
#1182=LINE('',#2953,#1442);
#1183=LINE('',#2955,#1443);
#1184=LINE('',#2958,#1444);
#1185=LINE('',#2959,#1445);
#1186=LINE('',#2964,#1446);
#1187=LINE('',#2965,#1447);
#1188=LINE('',#2969,#1448);
#1189=LINE('',#2971,#1449);
#1190=LINE('',#2973,#1450);
#1191=LINE('',#2975,#1451);
#1192=LINE('',#2977,#1452);
#1193=LINE('',#2979,#1453);
#1194=LINE('',#2983,#1454);
#1195=LINE('',#2987,#1455);
#1196=LINE('',#2989,#1456);
#1197=LINE('',#2991,#1457);
#1198=LINE('',#2993,#1458);
#1199=LINE('',#2995,#1459);
#1200=LINE('',#2997,#1460);
#1201=LINE('',#2999,#1461);
#1202=LINE('',#3001,#1462);
#1203=LINE('',#3003,#1463);
#1204=LINE('',#3005,#1464);
#1205=LINE('',#3009,#1465);
#1206=LINE('',#3013,#1466);
#1207=LINE('',#3015,#1467);
#1208=LINE('',#3017,#1468);
#1209=LINE('',#3019,#1469);
#1210=LINE('',#3021,#1470);
#1211=LINE('',#3023,#1471);
#1212=LINE('',#3027,#1472);
#1213=LINE('',#3031,#1473);
#1214=LINE('',#3033,#1474);
#1215=LINE('',#3035,#1475);
#1216=LINE('',#3037,#1476);
#1217=LINE('',#3039,#1477);
#1218=LINE('',#3041,#1478);
#1219=LINE('',#3043,#1479);
#1220=LINE('',#3045,#1480);
#1221=LINE('',#3047,#1481);
#1222=LINE('',#3049,#1482);
#1223=LINE('',#3051,#1483);
#1224=LINE('',#3053,#1484);
#1225=LINE('',#3054,#1485);
#1226=LINE('',#3057,#1486);
#1227=LINE('',#3059,#1487);
#1228=LINE('',#3061,#1488);
#1229=LINE('',#3062,#1489);
#1230=LINE('',#3065,#1490);
#1231=LINE('',#3067,#1491);
#1232=LINE('',#3069,#1492);
#1233=LINE('',#3070,#1493);
#1234=LINE('',#3073,#1494);
#1235=LINE('',#3075,#1495);
#1236=LINE('',#3077,#1496);
#1237=LINE('',#3078,#1497);
#1238=LINE('',#3081,#1498);
#1239=LINE('',#3083,#1499);
#1240=LINE('',#3085,#1500);
#1241=LINE('',#3086,#1501);
#1242=LINE('',#3089,#1502);
#1243=LINE('',#3091,#1503);
#1244=LINE('',#3093,#1504);
#1245=LINE('',#3094,#1505);
#1246=LINE('',#3097,#1506);
#1247=LINE('',#3099,#1507);
#1248=LINE('',#3101,#1508);
#1249=LINE('',#3102,#1509);
#1250=LINE('',#3105,#1510);
#1251=LINE('',#3107,#1511);
#1252=LINE('',#3109,#1512);
#1253=LINE('',#3110,#1513);
#1254=LINE('',#3113,#1514);
#1255=LINE('',#3115,#1515);
#1256=LINE('',#3117,#1516);
#1257=LINE('',#3118,#1517);
#1258=LINE('',#3123,#1518);
#1259=LINE('',#3125,#1519);
#1260=LINE('',#3127,#1520);
#1261=LINE('',#3131,#1521);
#1262=LINE('',#3133,#1522);
#1263=LINE('',#3135,#1523);
#1264=LINE('',#3139,#1524);
#1265=LINE('',#3141,#1525);
#1266=LINE('',#3143,#1526);
#1267=LINE('',#3147,#1527);
#1268=LINE('',#3149,#1528);
#1269=LINE('',#3152,#1529);
#1270=LINE('',#3155,#1530);
#1271=LINE('',#3157,#1531);
#1272=LINE('',#3159,#1532);
#1273=LINE('',#3160,#1533);
#1274=LINE('',#3163,#1534);
#1275=LINE('',#3165,#1535);
#1276=LINE('',#3167,#1536);
#1277=LINE('',#3168,#1537);
#1278=LINE('',#3171,#1538);
#1279=LINE('',#3173,#1539);
#1280=LINE('',#3175,#1540);
#1281=LINE('',#3176,#1541);
#1282=LINE('',#3179,#1542);
#1283=LINE('',#3181,#1543);
#1284=LINE('',#3183,#1544);
#1285=LINE('',#3184,#1545);
#1286=LINE('',#3187,#1546);
#1287=LINE('',#3189,#1547);
#1288=LINE('',#3191,#1548);
#1289=LINE('',#3197,#1549);
#1290=LINE('',#3198,#1550);
#1291=LINE('',#3200,#1551);
#1292=LINE('',#3202,#1552);
#1293=LINE('',#3204,#1553);
#1294=LINE('',#3205,#1554);
#1295=LINE('',#3207,#1555);
#1296=LINE('',#3209,#1556);
#1297=LINE('',#3211,#1557);
#1298=LINE('',#3212,#1558);
#1299=LINE('',#3214,#1559);
#1300=LINE('',#3216,#1560);
#1301=LINE('',#3218,#1561);
#1302=LINE('',#3219,#1562);
#1303=LINE('',#3221,#1563);
#1304=LINE('',#3223,#1564);
#1305=LINE('',#3225,#1565);
#1306=LINE('',#3226,#1566);
#1307=LINE('',#3228,#1567);
#1308=LINE('',#3230,#1568);
#1309=LINE('',#3232,#1569);
#1310=LINE('',#3233,#1570);
#1311=LINE('',#3235,#1571);
#1312=LINE('',#3239,#1572);
#1313=LINE('',#3241,#1573);
#1314=LINE('',#3243,#1574);
#1315=LINE('',#3245,#1575);
#1316=LINE('',#3249,#1576);
#1317=LINE('',#3251,#1577);
#1318=LINE('',#3253,#1578);
#1319=LINE('',#3255,#1579);
#1320=LINE('',#3259,#1580);
#1321=LINE('',#3261,#1581);
#1322=LINE('',#3263,#1582);
#1323=LINE('',#3265,#1583);
#1324=LINE('',#3269,#1584);
#1325=LINE('',#3271,#1585);
#1326=LINE('',#3272,#1586);
#1327=LINE('',#3274,#1587);
#1328=LINE('',#3276,#1588);
#1329=LINE('',#3278,#1589);
#1330=LINE('',#3279,#1590);
#1331=LINE('',#3281,#1591);
#1332=LINE('',#3283,#1592);
#1333=LINE('',#3285,#1593);
#1334=LINE('',#3286,#1594);
#1335=LINE('',#3288,#1595);
#1336=LINE('',#3290,#1596);
#1337=LINE('',#3292,#1597);
#1338=LINE('',#3293,#1598);
#1339=LINE('',#3295,#1599);
#1340=LINE('',#3297,#1600);
#1341=LINE('',#3299,#1601);
#1342=LINE('',#3300,#1602);
#1343=LINE('',#3302,#1603);
#1344=LINE('',#3304,#1604);
#1345=LINE('',#3306,#1605);
#1346=LINE('',#3307,#1606);
#1347=LINE('',#3309,#1607);
#1348=LINE('',#3311,#1608);
#1349=LINE('',#3313,#1609);
#1350=LINE('',#3314,#1610);
#1351=LINE('',#3316,#1611);
#1352=LINE('',#3318,#1612);
#1353=LINE('',#3320,#1613);
#1354=LINE('',#3322,#1614);
#1355=LINE('',#3325,#1615);
#1356=LINE('',#3326,#1616);
#1357=LINE('',#3328,#1617);
#1358=LINE('',#3330,#1618);
#1359=VECTOR('',#2250,1.);
#1360=VECTOR('',#2251,1.);
#1361=VECTOR('',#2252,1.);
#1362=VECTOR('',#2253,1.);
#1363=VECTOR('',#2256,1.);
#1364=VECTOR('',#2257,1.);
#1365=VECTOR('',#2258,1.);
#1366=VECTOR('',#2259,1.);
#1367=VECTOR('',#2260,1.);
#1368=VECTOR('',#2263,1.);
#1369=VECTOR('',#2264,1.);
#1370=VECTOR('',#2265,1.);
#1371=VECTOR('',#2268,1.);
#1372=VECTOR('',#2269,1.);
#1373=VECTOR('',#2270,1.);
#1374=VECTOR('',#2271,1.);
#1375=VECTOR('',#2272,1.);
#1376=VECTOR('',#2275,1.);
#1377=VECTOR('',#2276,1.);
#1378=VECTOR('',#2277,1.);
#1379=VECTOR('',#2278,1.);
#1380=VECTOR('',#2279,1.);
#1381=VECTOR('',#2280,1.);
#1382=VECTOR('',#2281,1.);
#1383=VECTOR('',#2282,1.);
#1384=VECTOR('',#2283,1.);
#1385=VECTOR('',#2284,1.);
#1386=VECTOR('',#2285,1.);
#1387=VECTOR('',#2286,1.);
#1388=VECTOR('',#2287,1.);
#1389=VECTOR('',#2288,1.);
#1390=VECTOR('',#2289,1.);
#1391=VECTOR('',#2292,1.);
#1392=VECTOR('',#2293,1.);
#1393=VECTOR('',#2294,1.);
#1394=VECTOR('',#2295,1.);
#1395=VECTOR('',#2296,1.);
#1396=VECTOR('',#2297,1.);
#1397=VECTOR('',#2298,1.);
#1398=VECTOR('',#2299,1.);
#1399=VECTOR('',#2300,1.);
#1400=VECTOR('',#2301,1.);
#1401=VECTOR('',#2302,1.);
#1402=VECTOR('',#2303,1.);
#1403=VECTOR('',#2304,1.);
#1404=VECTOR('',#2305,1.);
#1405=VECTOR('',#2306,1.);
#1406=VECTOR('',#2307,1.);
#1407=VECTOR('',#2308,1.);
#1408=VECTOR('',#2309,1.);
#1409=VECTOR('',#2310,1.);
#1410=VECTOR('',#2311,1.);
#1411=VECTOR('',#2312,1.);
#1412=VECTOR('',#2313,1.);
#1413=VECTOR('',#2314,1.);
#1414=VECTOR('',#2315,1.);
#1415=VECTOR('',#2316,1.);
#1416=VECTOR('',#2317,1.);
#1417=VECTOR('',#2318,1.);
#1418=VECTOR('',#2319,1.);
#1419=VECTOR('',#2320,1.);
#1420=VECTOR('',#2321,1.);
#1421=VECTOR('',#2322,1.);
#1422=VECTOR('',#2323,1.);
#1423=VECTOR('',#2324,1.);
#1424=VECTOR('',#2325,1.);
#1425=VECTOR('',#2326,1.);
#1426=VECTOR('',#2327,1.);
#1427=VECTOR('',#2328,1.);
#1428=VECTOR('',#2329,1.);
#1429=VECTOR('',#2330,1.);
#1430=VECTOR('',#2331,1.);
#1431=VECTOR('',#2332,1.);
#1432=VECTOR('',#2335,1.);
#1433=VECTOR('',#2336,1.);
#1434=VECTOR('',#2337,1.);
#1435=VECTOR('',#2340,1.);
#1436=VECTOR('',#2341,1.);
#1437=VECTOR('',#2342,1.);
#1438=VECTOR('',#2345,1.);
#1439=VECTOR('',#2346,1.);
#1440=VECTOR('',#2347,1.);
#1441=VECTOR('',#2350,1.);
#1442=VECTOR('',#2351,1.);
#1443=VECTOR('',#2354,1.);
#1444=VECTOR('',#2355,1.);
#1445=VECTOR('',#2356,1.);
#1446=VECTOR('',#2361,1.);
#1447=VECTOR('',#2362,1.);
#1448=VECTOR('',#2367,1.);
#1449=VECTOR('',#2368,1.);
#1450=VECTOR('',#2371,1.);
#1451=VECTOR('',#2372,1.);
#1452=VECTOR('',#2375,1.);
#1453=VECTOR('',#2376,1.);
#1454=VECTOR('',#2381,1.);
#1455=VECTOR('',#2386,1.);
#1456=VECTOR('',#2387,1.);
#1457=VECTOR('',#2390,1.);
#1458=VECTOR('',#2391,1.);
#1459=VECTOR('',#2394,1.);
#1460=VECTOR('',#2395,1.);
#1461=VECTOR('',#2398,1.);
#1462=VECTOR('',#2399,1.);
#1463=VECTOR('',#2402,1.);
#1464=VECTOR('',#2403,1.);
#1465=VECTOR('',#2408,1.);
#1466=VECTOR('',#2413,1.);
#1467=VECTOR('',#2414,1.);
#1468=VECTOR('',#2417,1.);
#1469=VECTOR('',#2418,1.);
#1470=VECTOR('',#2421,1.);
#1471=VECTOR('',#2422,1.);
#1472=VECTOR('',#2427,1.);
#1473=VECTOR('',#2432,1.);
#1474=VECTOR('',#2433,1.);
#1475=VECTOR('',#2436,1.);
#1476=VECTOR('',#2437,1.);
#1477=VECTOR('',#2440,1.);
#1478=VECTOR('',#2441,1.);
#1479=VECTOR('',#2444,1.);
#1480=VECTOR('',#2445,1.);
#1481=VECTOR('',#2448,1.);
#1482=VECTOR('',#2451,1.);
#1483=VECTOR('',#2452,1.);
#1484=VECTOR('',#2453,1.);
#1485=VECTOR('',#2454,1.);
#1486=VECTOR('',#2455,1.);
#1487=VECTOR('',#2456,1.);
#1488=VECTOR('',#2457,1.);
#1489=VECTOR('',#2458,1.);
#1490=VECTOR('',#2459,1.);
#1491=VECTOR('',#2460,1.);
#1492=VECTOR('',#2461,1.);
#1493=VECTOR('',#2462,1.);
#1494=VECTOR('',#2463,1.);
#1495=VECTOR('',#2464,1.);
#1496=VECTOR('',#2465,1.);
#1497=VECTOR('',#2466,1.);
#1498=VECTOR('',#2467,1.);
#1499=VECTOR('',#2468,1.);
#1500=VECTOR('',#2469,1.);
#1501=VECTOR('',#2470,1.);
#1502=VECTOR('',#2471,1.);
#1503=VECTOR('',#2472,1.);
#1504=VECTOR('',#2473,1.);
#1505=VECTOR('',#2474,1.);
#1506=VECTOR('',#2475,1.);
#1507=VECTOR('',#2476,1.);
#1508=VECTOR('',#2477,1.);
#1509=VECTOR('',#2478,1.);
#1510=VECTOR('',#2479,1.);
#1511=VECTOR('',#2480,1.);
#1512=VECTOR('',#2481,1.);
#1513=VECTOR('',#2482,1.);
#1514=VECTOR('',#2483,1.);
#1515=VECTOR('',#2484,1.);
#1516=VECTOR('',#2485,1.);
#1517=VECTOR('',#2486,1.);
#1518=VECTOR('',#2489,1.);
#1519=VECTOR('',#2490,1.);
#1520=VECTOR('',#2491,1.);
#1521=VECTOR('',#2494,1.);
#1522=VECTOR('',#2495,1.);
#1523=VECTOR('',#2496,1.);
#1524=VECTOR('',#2499,1.);
#1525=VECTOR('',#2500,1.);
#1526=VECTOR('',#2501,1.);
#1527=VECTOR('',#2504,1.);
#1528=VECTOR('',#2505,1.);
#1529=VECTOR('',#2508,1.);
#1530=VECTOR('',#2509,1.);
#1531=VECTOR('',#2510,1.);
#1532=VECTOR('',#2511,1.);
#1533=VECTOR('',#2512,1.);
#1534=VECTOR('',#2513,1.);
#1535=VECTOR('',#2514,1.);
#1536=VECTOR('',#2515,1.);
#1537=VECTOR('',#2516,1.);
#1538=VECTOR('',#2517,1.);
#1539=VECTOR('',#2518,1.);
#1540=VECTOR('',#2519,1.);
#1541=VECTOR('',#2520,1.);
#1542=VECTOR('',#2521,1.);
#1543=VECTOR('',#2522,1.);
#1544=VECTOR('',#2523,1.);
#1545=VECTOR('',#2524,1.);
#1546=VECTOR('',#2525,1.);
#1547=VECTOR('',#2526,1.);
#1548=VECTOR('',#2527,1.);
#1549=VECTOR('',#2538,1.);
#1550=VECTOR('',#2539,1.);
#1551=VECTOR('',#2542,1.);
#1552=VECTOR('',#2545,1.);
#1553=VECTOR('',#2548,1.);
#1554=VECTOR('',#2549,1.);
#1555=VECTOR('',#2552,1.);
#1556=VECTOR('',#2555,1.);
#1557=VECTOR('',#2558,1.);
#1558=VECTOR('',#2559,1.);
#1559=VECTOR('',#2562,1.);
#1560=VECTOR('',#2565,1.);
#1561=VECTOR('',#2568,1.);
#1562=VECTOR('',#2569,1.);
#1563=VECTOR('',#2572,1.);
#1564=VECTOR('',#2575,1.);
#1565=VECTOR('',#2578,1.);
#1566=VECTOR('',#2579,1.);
#1567=VECTOR('',#2582,1.);
#1568=VECTOR('',#2585,1.);
#1569=VECTOR('',#2588,1.);
#1570=VECTOR('',#2589,1.);
#1571=VECTOR('',#2592,1.);
#1572=VECTOR('',#2597,1.);
#1573=VECTOR('',#2600,1.);
#1574=VECTOR('',#2603,1.);
#1575=VECTOR('',#2606,1.);
#1576=VECTOR('',#2611,1.);
#1577=VECTOR('',#2614,1.);
#1578=VECTOR('',#2617,1.);
#1579=VECTOR('',#2620,1.);
#1580=VECTOR('',#2625,1.);
#1581=VECTOR('',#2628,1.);
#1582=VECTOR('',#2631,1.);
#1583=VECTOR('',#2634,1.);
#1584=VECTOR('',#2639,1.);
#1585=VECTOR('',#2642,1.);
#1586=VECTOR('',#2643,1.);
#1587=VECTOR('',#2646,1.);
#1588=VECTOR('',#2649,1.);
#1589=VECTOR('',#2652,1.);
#1590=VECTOR('',#2653,1.);
#1591=VECTOR('',#2656,1.);
#1592=VECTOR('',#2659,1.);
#1593=VECTOR('',#2662,1.);
#1594=VECTOR('',#2663,1.);
#1595=VECTOR('',#2666,1.);
#1596=VECTOR('',#2669,1.);
#1597=VECTOR('',#2672,1.);
#1598=VECTOR('',#2673,1.);
#1599=VECTOR('',#2676,1.);
#1600=VECTOR('',#2679,1.);
#1601=VECTOR('',#2682,1.);
#1602=VECTOR('',#2683,1.);
#1603=VECTOR('',#2686,1.);
#1604=VECTOR('',#2689,1.);
#1605=VECTOR('',#2692,1.);
#1606=VECTOR('',#2693,1.);
#1607=VECTOR('',#2696,1.);
#1608=VECTOR('',#2699,1.);
#1609=VECTOR('',#2702,1.);
#1610=VECTOR('',#2703,1.);
#1611=VECTOR('',#2706,1.);
#1612=VECTOR('',#2709,1.);
#1613=VECTOR('',#2712,1.);
#1614=VECTOR('',#2715,1.);
#1615=VECTOR('',#2720,1.);
#1616=VECTOR('',#2721,1.);
#1617=VECTOR('',#2724,1.);
#1618=VECTOR('',#2727,1.);
#1619=EDGE_LOOP('',(#47,#48,#49,#50));
#1620=EDGE_LOOP('',(#51,#52,#53,#54,#55,#56,#57,#58,#59,#60,#61,#62,#63,
#64,#65,#66,#67,#68,#69,#70));
#1621=EDGE_LOOP('',(#71,#72,#73,#74));
#1622=EDGE_LOOP('',(#75,#76,#77,#78));
#1623=EDGE_LOOP('',(#79,#80,#81,#82));
#1624=EDGE_LOOP('',(#83));
#1625=EDGE_LOOP('',(#84,#85,#86,#87));
#1626=EDGE_LOOP('',(#88,#89,#90,#91));
#1627=EDGE_LOOP('',(#92,#93,#94,#95));
#1628=EDGE_LOOP('',(#96,#97,#98,#99));
#1629=EDGE_LOOP('',(#100,#101,#102,#103));
#1630=EDGE_LOOP('',(#104,#105,#106,#107));
#1631=EDGE_LOOP('',(#108,#109,#110,#111));
#1632=EDGE_LOOP('',(#112,#113,#114,#115));
#1633=EDGE_LOOP('',(#116,#117,#118,#119));
#1634=EDGE_LOOP('',(#120,#121,#122,#123));
#1635=EDGE_LOOP('',(#124,#125,#126,#127,#128,#129,#130,#131,#132,#133,#134,
#135,#136,#137,#138,#139));
#1636=EDGE_LOOP('',(#140,#141,#142,#143));
#1637=EDGE_LOOP('',(#144,#145,#146,#147));
#1638=EDGE_LOOP('',(#148));
#1639=EDGE_LOOP('',(#149,#150,#151,#152));
#1640=EDGE_LOOP('',(#153,#154,#155,#156));
#1641=EDGE_LOOP('',(#157,#158,#159,#160));
#1642=EDGE_LOOP('',(#161,#162,#163,#164));
#1643=EDGE_LOOP('',(#165));
#1644=EDGE_LOOP('',(#166,#167,#168,#169));
#1645=EDGE_LOOP('',(#170,#171,#172,#173));
#1646=EDGE_LOOP('',(#174,#175,#176,#177));
#1647=EDGE_LOOP('',(#178,#179,#180,#181));
#1648=EDGE_LOOP('',(#182,#183,#184,#185));
#1649=EDGE_LOOP('',(#186,#187,#188,#189));
#1650=EDGE_LOOP('',(#190));
#1651=EDGE_LOOP('',(#191,#192,#193,#194));
#1652=EDGE_LOOP('',(#195,#196,#197,#198));
#1653=EDGE_LOOP('',(#199,#200,#201,#202));
#1654=EDGE_LOOP('',(#203,#204,#205,#206));
#1655=EDGE_LOOP('',(#207));
#1656=EDGE_LOOP('',(#208,#209,#210,#211));
#1657=EDGE_LOOP('',(#212,#213,#214,#215));
#1658=EDGE_LOOP('',(#216,#217,#218,#219));
#1659=EDGE_LOOP('',(#220,#221,#222,#223));
#1660=EDGE_LOOP('',(#224,#225,#226,#227));
#1661=EDGE_LOOP('',(#228,#229,#230,#231));
#1662=EDGE_LOOP('',(#232,#233,#234,#235,#236,#237,#238,#239,#240,#241,#242,
#243,#244,#245,#246,#247,#248,#249,#250,#251));
#1663=EDGE_LOOP('',(#252,#253,#254,#255));
#1664=EDGE_LOOP('',(#256,#257,#258,#259));
#1665=EDGE_LOOP('',(#260,#261,#262,#263));
#1666=EDGE_LOOP('',(#264,#265,#266,#267));
#1667=EDGE_LOOP('',(#268,#269,#270,#271));
#1668=EDGE_LOOP('',(#272,#273,#274,#275));
#1669=EDGE_LOOP('',(#276,#277,#278,#279));
#1670=EDGE_LOOP('',(#280,#281,#282,#283));
#1671=EDGE_LOOP('',(#284,#285,#286,#287,#288,#289,#290,#291,#292,#293,#294,
#295,#296,#297,#298,#299));
#1672=EDGE_LOOP('',(#300));
#1673=EDGE_LOOP('',(#301,#302,#303,#304));
#1674=EDGE_LOOP('',(#305,#306,#307,#308));
#1675=EDGE_LOOP('',(#309,#310,#311,#312));
#1676=EDGE_LOOP('',(#313,#314,#315,#316));
#1677=EDGE_LOOP('',(#317,#318,#319,#320));
#1678=EDGE_LOOP('',(#321));
#1679=EDGE_LOOP('',(#322));
#1680=EDGE_LOOP('',(#323));
#1681=EDGE_LOOP('',(#324));
#1682=EDGE_LOOP('',(#325,#326,#327,#328));
#1683=EDGE_LOOP('',(#329,#330,#331,#332));
#1684=EDGE_LOOP('',(#333,#334,#335,#336));
#1685=EDGE_LOOP('',(#337,#338,#339,#340));
#1686=EDGE_LOOP('',(#341,#342,#343,#344));
#1687=EDGE_LOOP('',(#345,#346,#347,#348));
#1688=EDGE_LOOP('',(#349,#350,#351,#352));
#1689=EDGE_LOOP('',(#353,#354,#355,#356));
#1690=EDGE_LOOP('',(#357,#358,#359,#360));
#1691=EDGE_LOOP('',(#361,#362,#363,#364));
#1692=EDGE_LOOP('',(#365,#366,#367,#368));
#1693=EDGE_LOOP('',(#369,#370,#371,#372));
#1694=EDGE_LOOP('',(#373,#374,#375,#376));
#1695=EDGE_LOOP('',(#377,#378,#379,#380));
#1696=EDGE_LOOP('',(#381,#382,#383,#384));
#1697=EDGE_LOOP('',(#385,#386,#387,#388));
#1698=EDGE_LOOP('',(#389,#390,#391,#392));
#1699=EDGE_LOOP('',(#393));
#1700=EDGE_LOOP('',(#394,#395,#396,#397));
#1701=EDGE_LOOP('',(#398,#399,#400,#401));
#1702=EDGE_LOOP('',(#402,#403,#404,#405));
#1703=EDGE_LOOP('',(#406,#407,#408,#409));
#1704=EDGE_LOOP('',(#410));
#1705=EDGE_LOOP('',(#411,#412,#413,#414));
#1706=EDGE_LOOP('',(#415,#416,#417,#418));
#1707=EDGE_LOOP('',(#419,#420,#421,#422));
#1708=EDGE_LOOP('',(#423,#424,#425,#426));
#1709=EDGE_LOOP('',(#427));
#1710=EDGE_LOOP('',(#428,#429,#430,#431));
#1711=EDGE_LOOP('',(#432,#433,#434,#435));
#1712=EDGE_LOOP('',(#436,#437,#438,#439));
#1713=EDGE_LOOP('',(#440,#441,#442,#443));
#1714=EDGE_LOOP('',(#444));
#1715=EDGE_LOOP('',(#445,#446,#447,#448));
#1716=EDGE_LOOP('',(#449,#450,#451,#452));
#1717=EDGE_LOOP('',(#453,#454,#455,#456));
#1718=EDGE_LOOP('',(#457,#458,#459,#460));
#1719=EDGE_LOOP('',(#461,#462,#463,#464));
#1720=EDGE_LOOP('',(#465,#466,#467,#468));
#1721=EDGE_LOOP('',(#469,#470,#471,#472));
#1722=EDGE_LOOP('',(#473,#474,#475,#476));
#1723=EDGE_LOOP('',(#477,#478,#479,#480));
#1724=EDGE_LOOP('',(#481,#482,#483,#484));
#1725=EDGE_LOOP('',(#485,#486,#487,#488));
#1726=EDGE_LOOP('',(#489,#490,#491,#492));
#1727=EDGE_LOOP('',(#493,#494,#495,#496));
#1728=EDGE_LOOP('',(#497,#498,#499,#500));
#1729=EDGE_LOOP('',(#501,#502,#503,#504));
#1730=EDGE_LOOP('',(#505,#506,#507,#508));
#1731=EDGE_LOOP('',(#509,#510,#511,#512));
#1732=EDGE_LOOP('',(#513,#514,#515,#516));
#1733=EDGE_LOOP('',(#517,#518,#519,#520));
#1734=EDGE_LOOP('',(#521,#522,#523,#524));
#1735=EDGE_LOOP('',(#525,#526,#527,#528));
#1736=EDGE_LOOP('',(#529,#530,#531,#532));
#1737=EDGE_LOOP('',(#533,#534,#535,#536));
#1738=EDGE_LOOP('',(#537,#538,#539,#540));
#1739=EDGE_LOOP('',(#541,#542,#543,#544));
#1740=EDGE_LOOP('',(#545,#546,#547,#548));
#1741=EDGE_LOOP('',(#549,#550,#551,#552));
#1742=EDGE_LOOP('',(#553,#554,#555,#556));
#1743=EDGE_LOOP('',(#557,#558,#559,#560));
#1744=EDGE_LOOP('',(#561,#562,#563,#564));
#1745=EDGE_LOOP('',(#565,#566,#567,#568));
#1746=EDGE_LOOP('',(#569,#570,#571,#572));
#1747=EDGE_LOOP('',(#573));
#1748=EDGE_LOOP('',(#574));
#1749=EDGE_LOOP('',(#575,#576,#577,#578));
#1750=EDGE_LOOP('',(#579,#580,#581,#582));
#1751=EDGE_LOOP('',(#583,#584,#585,#586));
#1752=EDGE_LOOP('',(#587,#588,#589,#590));
#1753=EDGE_LOOP('',(#591,#592,#593,#594));
#1754=EDGE_LOOP('',(#595,#596,#597,#598));
#1755=EDGE_LOOP('',(#599,#600,#601,#602));
#1756=EDGE_LOOP('',(#603,#604,#605,#606));
#1757=EDGE_LOOP('',(#607,#608,#609,#610));
#1758=EDGE_LOOP('',(#611,#612,#613,#614));
#1759=EDGE_LOOP('',(#615));
#1760=EDGE_LOOP('',(#616));
#1761=EDGE_LOOP('',(#617));
#1762=EDGE_LOOP('',(#618));
#1763=FACE_BOUND('',#1619,.T.);
#1764=FACE_BOUND('',#1620,.T.);
#1765=FACE_BOUND('',#1621,.T.);
#1766=FACE_BOUND('',#1622,.T.);
#1767=FACE_BOUND('',#1623,.T.);
#1768=FACE_BOUND('',#1624,.T.);
#1769=FACE_BOUND('',#1625,.T.);
#1770=FACE_BOUND('',#1626,.T.);
#1771=FACE_BOUND('',#1627,.T.);
#1772=FACE_BOUND('',#1628,.T.);
#1773=FACE_BOUND('',#1629,.T.);
#1774=FACE_BOUND('',#1630,.T.);
#1775=FACE_BOUND('',#1631,.T.);
#1776=FACE_BOUND('',#1632,.T.);
#1777=FACE_BOUND('',#1633,.T.);
#1778=FACE_BOUND('',#1634,.T.);
#1779=FACE_BOUND('',#1635,.T.);
#1780=FACE_BOUND('',#1636,.T.);
#1781=FACE_BOUND('',#1637,.T.);
#1782=FACE_BOUND('',#1638,.T.);
#1783=FACE_BOUND('',#1639,.T.);
#1784=FACE_BOUND('',#1640,.T.);
#1785=FACE_BOUND('',#1641,.T.);
#1786=FACE_BOUND('',#1642,.T.);
#1787=FACE_BOUND('',#1643,.T.);
#1788=FACE_BOUND('',#1644,.T.);
#1789=FACE_BOUND('',#1645,.T.);
#1790=FACE_BOUND('',#1646,.T.);
#1791=FACE_BOUND('',#1647,.T.);
#1792=FACE_BOUND('',#1648,.T.);
#1793=FACE_BOUND('',#1649,.T.);
#1794=FACE_BOUND('',#1650,.T.);
#1795=FACE_BOUND('',#1651,.T.);
#1796=FACE_BOUND('',#1652,.T.);
#1797=FACE_BOUND('',#1653,.T.);
#1798=FACE_BOUND('',#1654,.T.);
#1799=FACE_BOUND('',#1655,.T.);
#1800=FACE_BOUND('',#1656,.T.);
#1801=FACE_BOUND('',#1657,.T.);
#1802=FACE_BOUND('',#1658,.T.);
#1803=FACE_BOUND('',#1659,.T.);
#1804=FACE_BOUND('',#1660,.T.);
#1805=FACE_BOUND('',#1661,.T.);
#1806=FACE_BOUND('',#1662,.T.);
#1807=FACE_BOUND('',#1663,.T.);
#1808=FACE_BOUND('',#1664,.T.);
#1809=FACE_BOUND('',#1665,.T.);
#1810=FACE_BOUND('',#1666,.T.);
#1811=FACE_BOUND('',#1667,.T.);
#1812=FACE_BOUND('',#1668,.T.);
#1813=FACE_BOUND('',#1669,.T.);
#1814=FACE_BOUND('',#1670,.T.);
#1815=FACE_BOUND('',#1671,.T.);
#1816=FACE_BOUND('',#1672,.T.);
#1817=FACE_BOUND('',#1673,.T.);
#1818=FACE_BOUND('',#1674,.T.);
#1819=FACE_BOUND('',#1675,.T.);
#1820=FACE_BOUND('',#1676,.T.);
#1821=FACE_BOUND('',#1677,.T.);
#1822=FACE_BOUND('',#1678,.T.);
#1823=FACE_BOUND('',#1679,.T.);
#1824=FACE_BOUND('',#1680,.T.);
#1825=FACE_BOUND('',#1681,.T.);
#1826=FACE_BOUND('',#1682,.T.);
#1827=FACE_BOUND('',#1683,.T.);
#1828=FACE_BOUND('',#1684,.T.);
#1829=FACE_BOUND('',#1685,.T.);
#1830=FACE_BOUND('',#1686,.T.);
#1831=FACE_BOUND('',#1687,.T.);
#1832=FACE_BOUND('',#1688,.T.);
#1833=FACE_BOUND('',#1689,.T.);
#1834=FACE_BOUND('',#1690,.T.);
#1835=FACE_BOUND('',#1691,.T.);
#1836=FACE_BOUND('',#1692,.T.);
#1837=FACE_BOUND('',#1693,.T.);
#1838=FACE_BOUND('',#1694,.T.);
#1839=FACE_BOUND('',#1695,.T.);
#1840=FACE_BOUND('',#1696,.T.);
#1841=FACE_BOUND('',#1697,.T.);
#1842=FACE_BOUND('',#1698,.T.);
#1843=FACE_BOUND('',#1699,.T.);
#1844=FACE_BOUND('',#1700,.T.);
#1845=FACE_BOUND('',#1701,.T.);
#1846=FACE_BOUND('',#1702,.T.);
#1847=FACE_BOUND('',#1703,.T.);
#1848=FACE_BOUND('',#1704,.T.);
#1849=FACE_BOUND('',#1705,.T.);
#1850=FACE_BOUND('',#1706,.T.);
#1851=FACE_BOUND('',#1707,.T.);
#1852=FACE_BOUND('',#1708,.T.);
#1853=FACE_BOUND('',#1709,.T.);
#1854=FACE_BOUND('',#1710,.T.);
#1855=FACE_BOUND('',#1711,.T.);
#1856=FACE_BOUND('',#1712,.T.);
#1857=FACE_BOUND('',#1713,.T.);
#1858=FACE_BOUND('',#1714,.T.);
#1859=FACE_BOUND('',#1715,.T.);
#1860=FACE_BOUND('',#1716,.T.);
#1861=FACE_BOUND('',#1717,.T.);
#1862=FACE_BOUND('',#1718,.T.);
#1863=FACE_BOUND('',#1719,.T.);
#1864=FACE_BOUND('',#1720,.T.);
#1865=FACE_BOUND('',#1721,.T.);
#1866=FACE_BOUND('',#1722,.T.);
#1867=FACE_BOUND('',#1723,.T.);
#1868=FACE_BOUND('',#1724,.T.);
#1869=FACE_BOUND('',#1725,.T.);
#1870=FACE_BOUND('',#1726,.T.);
#1871=FACE_BOUND('',#1727,.T.);
#1872=FACE_BOUND('',#1728,.T.);
#1873=FACE_BOUND('',#1729,.T.);
#1874=FACE_BOUND('',#1730,.T.);
#1875=FACE_BOUND('',#1731,.T.);
#1876=FACE_BOUND('',#1732,.T.);
#1877=FACE_BOUND('',#1733,.T.);
#1878=FACE_BOUND('',#1734,.T.);
#1879=FACE_BOUND('',#1735,.T.);
#1880=FACE_BOUND('',#1736,.T.);
#1881=FACE_BOUND('',#1737,.T.);
#1882=FACE_BOUND('',#1738,.T.);
#1883=FACE_BOUND('',#1739,.T.);
#1884=FACE_BOUND('',#1740,.T.);
#1885=FACE_BOUND('',#1741,.T.);
#1886=FACE_BOUND('',#1742,.T.);
#1887=FACE_BOUND('',#1743,.T.);
#1888=FACE_BOUND('',#1744,.T.);
#1889=FACE_BOUND('',#1745,.T.);
#1890=FACE_BOUND('',#1746,.T.);
#1891=FACE_BOUND('',#1747,.T.);
#1892=FACE_BOUND('',#1748,.T.);
#1893=FACE_BOUND('',#1749,.T.);
#1894=FACE_BOUND('',#1750,.T.);
#1895=FACE_BOUND('',#1751,.T.);
#1896=FACE_BOUND('',#1752,.T.);
#1897=FACE_BOUND('',#1753,.T.);
#1898=FACE_BOUND('',#1754,.T.);
#1899=FACE_BOUND('',#1755,.T.);
#1900=FACE_BOUND('',#1756,.T.);
#1901=FACE_BOUND('',#1757,.T.);
#1902=FACE_BOUND('',#1758,.T.);
#1903=FACE_BOUND('',#1759,.T.);
#1904=FACE_BOUND('',#1760,.T.);
#1905=FACE_BOUND('',#1761,.T.);
#1906=FACE_BOUND('',#1762,.T.);
#1907=PLANE('',#2117);
#1908=PLANE('',#2127);
#1909=PLANE('',#2131);
#1910=PLANE('',#2132);
#1911=PLANE('',#2133);
#1912=PLANE('',#2137);
#1913=PLANE('',#2138);
#1914=PLANE('',#2139);
#1915=PLANE('',#2140);
#1916=PLANE('',#2141);
#1917=PLANE('',#2145);
#1918=PLANE('',#2146);
#1919=PLANE('',#2147);
#1920=PLANE('',#2151);
#1921=PLANE('',#2152);
#1922=PLANE('',#2153);
#1923=PLANE('',#2154);
#1924=PLANE('',#2155);
#1925=PLANE('',#2156);
#1926=PLANE('',#2162);
#1927=PLANE('',#2163);
#1928=PLANE('',#2164);
#1929=PLANE('',#2165);
#1930=PLANE('',#2166);
#1931=PLANE('',#2167);
#1932=PLANE('',#2168);
#1933=PLANE('',#2169);
#1934=PLANE('',#2170);
#1935=PLANE('',#2171);
#1936=PLANE('',#2172);
#1937=PLANE('',#2173);
#1938=PLANE('',#2174);
#1939=PLANE('',#2175);
#1940=PLANE('',#2176);
#1941=PLANE('',#2177);
#1942=PLANE('',#2178);
#1943=PLANE('',#2179);
#1944=PLANE('',#2180);
#1945=PLANE('',#2181);
#1946=PLANE('',#2184);
#1947=PLANE('',#2185);
#1948=PLANE('',#2186);
#1949=PLANE('',#2189);
#1950=PLANE('',#2190);
#1951=PLANE('',#2191);
#1952=PLANE('',#2194);
#1953=PLANE('',#2195);
#1954=PLANE('',#2196);
#1955=PLANE('',#2199);
#1956=PLANE('',#2200);
#1957=PLANE('',#2201);
#1958=PLANE('',#2202);
#1959=PLANE('',#2203);
#1960=PLANE('',#2204);
#1961=PLANE('',#2205);
#1962=PLANE('',#2206);
#1963=PLANE('',#2207);
#1964=PLANE('',#2208);
#1965=PLANE('',#2209);
#1966=PLANE('',#2210);
#1967=PLANE('',#2211);
#1968=PLANE('',#2212);
#1969=PLANE('',#2213);
#1970=PLANE('',#2214);
#1971=PLANE('',#2215);
#1972=PLANE('',#2216);
#1973=PLANE('',#2217);
#1974=PLANE('',#2218);
#1975=PLANE('',#2219);
#1976=PLANE('',#2220);
#1977=PLANE('',#2221);
#1978=PLANE('',#2222);
#1979=PLANE('',#2223);
#1980=PLANE('',#2224);
#1981=PLANE('',#2225);
#1982=PLANE('',#2226);
#1983=PLANE('',#2227);
#1984=PLANE('',#2228);
#1985=PLANE('',#2229);
#1986=PLANE('',#2230);
#1987=PLANE('',#2232);
#1988=PLANE('',#2233);
#1989=PLANE('',#2234);
#1990=PLANE('',#2235);
#1991=PLANE('',#2236);
#1992=PLANE('',#2237);
#1993=PLANE('',#2238);
#1994=PLANE('',#2239);
#1995=PLANE('',#2240);
#1996=PLANE('',#2241);
#1997=PLANE('',#2242);
#1998=PLANE('',#2243);
#1999=PLANE('',#2244);
#2000=PLANE('',#2245);
#2001=ADVANCED_FACE('',(#1763,#1764,#1765,#1766,#1767,#1768,#1769,#1770,
#1771,#1772,#1773,#1774,#1775,#1776,#1777,#1778,#1779),#1907,.T.);
#2002=ADVANCED_FACE('',(#1780),#1908,.T.);
#2003=ADVANCED_FACE('',(#1781,#1782),#12,.T.);
#2004=ADVANCED_FACE('',(#1783),#1909,.F.);
#2005=ADVANCED_FACE('',(#1784),#1910,.F.);
#2006=ADVANCED_FACE('',(#1785),#1911,.T.);
#2007=ADVANCED_FACE('',(#1786,#1787),#13,.T.);
#2008=ADVANCED_FACE('',(#1788),#1912,.F.);
#2009=ADVANCED_FACE('',(#1789),#1913,.F.);
#2010=ADVANCED_FACE('',(#1790),#1914,.F.);
#2011=ADVANCED_FACE('',(#1791),#1915,.F.);
#2012=ADVANCED_FACE('',(#1792),#1916,.T.);
#2013=ADVANCED_FACE('',(#1793,#1794),#14,.T.);
#2014=ADVANCED_FACE('',(#1795),#1917,.F.);
#2015=ADVANCED_FACE('',(#1796),#1918,.T.);
#2016=ADVANCED_FACE('',(#1797),#1919,.T.);
#2017=ADVANCED_FACE('',(#1798,#1799),#15,.T.);
#2018=ADVANCED_FACE('',(#1800),#1920,.F.);
#2019=ADVANCED_FACE('',(#1801),#1921,.T.);
#2020=ADVANCED_FACE('',(#1802),#1922,.T.);
#2021=ADVANCED_FACE('',(#1803),#1923,.T.);
#2022=ADVANCED_FACE('',(#1804),#1924,.T.);
#2023=ADVANCED_FACE('',(#1805,#1806,#1807,#1808,#1809,#1810,#1811,#1812,
#1813,#1814,#1815,#1816,#1817,#1818,#1819,#1820,#1821),#1925,.F.);
#2024=ADVANCED_FACE('',(#1822),#1926,.T.);
#2025=ADVANCED_FACE('',(#1823),#1927,.T.);
#2026=ADVANCED_FACE('',(#1824),#1928,.T.);
#2027=ADVANCED_FACE('',(#1825),#1929,.T.);
#2028=ADVANCED_FACE('',(#1826),#1930,.F.);
#2029=ADVANCED_FACE('',(#1827),#1931,.T.);
#2030=ADVANCED_FACE('',(#1828),#1932,.T.);
#2031=ADVANCED_FACE('',(#1829),#1933,.F.);
#2032=ADVANCED_FACE('',(#1830),#1934,.T.);
#2033=ADVANCED_FACE('',(#1831),#1935,.T.);
#2034=ADVANCED_FACE('',(#1832),#1936,.F.);
#2035=ADVANCED_FACE('',(#1833),#1937,.T.);
#2036=ADVANCED_FACE('',(#1834),#1938,.T.);
#2037=ADVANCED_FACE('',(#1835),#1939,.T.);
#2038=ADVANCED_FACE('',(#1836),#1940,.T.);
#2039=ADVANCED_FACE('',(#1837),#1941,.F.);
#2040=ADVANCED_FACE('',(#1838),#1942,.F.);
#2041=ADVANCED_FACE('',(#1839),#1943,.T.);
#2042=ADVANCED_FACE('',(#1840),#1944,.T.);
#2043=ADVANCED_FACE('',(#1841),#1945,.F.);
#2044=ADVANCED_FACE('',(#1842,#1843),#16,.T.);
#2045=ADVANCED_FACE('',(#1844),#1946,.T.);
#2046=ADVANCED_FACE('',(#1845),#1947,.T.);
#2047=ADVANCED_FACE('',(#1846),#1948,.F.);
#2048=ADVANCED_FACE('',(#1847,#1848),#17,.T.);
#2049=ADVANCED_FACE('',(#1849),#1949,.F.);
#2050=ADVANCED_FACE('',(#1850),#1950,.F.);
#2051=ADVANCED_FACE('',(#1851),#1951,.T.);
#2052=ADVANCED_FACE('',(#1852,#1853),#18,.T.);
#2053=ADVANCED_FACE('',(#1854),#1952,.T.);
#2054=ADVANCED_FACE('',(#1855),#1953,.F.);
#2055=ADVANCED_FACE('',(#1856),#1954,.F.);
#2056=ADVANCED_FACE('',(#1857,#1858),#19,.T.);
#2057=ADVANCED_FACE('',(#1859),#1955,.T.);
#2058=ADVANCED_FACE('',(#1860),#1956,.F.);
#2059=ADVANCED_FACE('',(#1861),#1957,.T.);
#2060=ADVANCED_FACE('',(#1862),#1958,.T.);
#2061=ADVANCED_FACE('',(#1863),#1959,.F.);
#2062=ADVANCED_FACE('',(#1864),#1960,.F.);
#2063=ADVANCED_FACE('',(#1865),#1961,.F.);
#2064=ADVANCED_FACE('',(#1866),#1962,.F.);
#2065=ADVANCED_FACE('',(#1867),#1963,.F.);
#2066=ADVANCED_FACE('',(#1868),#1964,.T.);
#2067=ADVANCED_FACE('',(#1869),#1965,.F.);
#2068=ADVANCED_FACE('',(#1870),#1966,.F.);
#2069=ADVANCED_FACE('',(#1871),#1967,.T.);
#2070=ADVANCED_FACE('',(#1872),#1968,.F.);
#2071=ADVANCED_FACE('',(#1873),#1969,.F.);
#2072=ADVANCED_FACE('',(#1874),#1970,.T.);
#2073=ADVANCED_FACE('',(#1875),#1971,.F.);
#2074=ADVANCED_FACE('',(#1876),#1972,.F.);
#2075=ADVANCED_FACE('',(#1877),#1973,.T.);
#2076=ADVANCED_FACE('',(#1878),#1974,.F.);
#2077=ADVANCED_FACE('',(#1879),#1975,.T.);
#2078=ADVANCED_FACE('',(#1880),#1976,.T.);
#2079=ADVANCED_FACE('',(#1881),#1977,.T.);
#2080=ADVANCED_FACE('',(#1882),#1978,.F.);
#2081=ADVANCED_FACE('',(#1883),#1979,.F.);
#2082=ADVANCED_FACE('',(#1884),#1980,.F.);
#2083=ADVANCED_FACE('',(#1885),#1981,.T.);
#2084=ADVANCED_FACE('',(#1886),#1982,.T.);
#2085=ADVANCED_FACE('',(#1887),#1983,.F.);
#2086=ADVANCED_FACE('',(#1888),#1984,.F.);
#2087=ADVANCED_FACE('',(#1889),#1985,.F.);
#2088=ADVANCED_FACE('',(#1890),#1986,.F.);
#2089=ADVANCED_FACE('',(#1891,#1892),#20,.F.);
#2090=ADVANCED_FACE('',(#1893),#1987,.T.);
#2091=ADVANCED_FACE('',(#1894),#1988,.F.);
#2092=ADVANCED_FACE('',(#1895),#1989,.T.);
#2093=ADVANCED_FACE('',(#1896),#1990,.T.);
#2094=ADVANCED_FACE('',(#1897),#1991,.T.);
#2095=ADVANCED_FACE('',(#1898),#1992,.T.);
#2096=ADVANCED_FACE('',(#1899),#1993,.T.);
#2097=ADVANCED_FACE('',(#1900),#1994,.F.);
#2098=ADVANCED_FACE('',(#1901),#1995,.F.);
#2099=ADVANCED_FACE('',(#1902),#1996,.F.);
#2100=ADVANCED_FACE('',(#1903),#1997,.T.);
#2101=ADVANCED_FACE('',(#1904),#1998,.T.);
#2102=ADVANCED_FACE('',(#1905),#1999,.T.);
#2103=ADVANCED_FACE('',(#1906),#2000,.T.);
#2104=CLOSED_SHELL('',(#2001,#2002,#2003,#2004,#2005,#2006,#2007,#2008,
#2009,#2010,#2011,#2012,#2013,#2014,#2015,#2016,#2017,#2018,#2019,#2020,
#2021,#2022,#2023,#2024,#2025,#2026,#2027,#2028,#2029,#2030,#2031,#2032,
#2033,#2034,#2035,#2036,#2037,#2038,#2039,#2040,#2041,#2042,#2043,#2044,
#2045,#2046,#2047,#2048,#2049,#2050,#2051,#2052,#2053,#2054,#2055,#2056,
#2057,#2058,#2059,#2060,#2061,#2062,#2063,#2064,#2065,#2066,#2067,#2068,
#2069,#2070,#2071,#2072,#2073,#2074,#2075,#2076,#2077,#2078,#2079,#2080,
#2081,#2082,#2083,#2084,#2085,#2086,#2087,#2088,#2089,#2090,#2091,#2092,
#2093,#2094,#2095,#2096,#2097,#2098,#2099,#2100,#2101,#2102,#2103));
#2105=STYLED_ITEM('',(#2106),#2113);
#2106=PRESENTATION_STYLE_ASSIGNMENT((#2107));
#2107=SURFACE_STYLE_USAGE(.BOTH.,#2108);
#2108=SURFACE_SIDE_STYLE('',(#2109));
#2109=SURFACE_STYLE_FILL_AREA(#2110);
#2110=FILL_AREA_STYLE('',(#2111));
#2111=FILL_AREA_STYLE_COLOUR('',#2112);
#2112=COLOUR_RGB('',0.615686274509804,0.811764705882353,0.929411764705882);
#2113=MANIFOLD_SOLID_BREP('Part 1',#2104);
#2114=SHAPE_DEFINITION_REPRESENTATION(#3356,#2115);
#2115=SHAPE_REPRESENTATION('Part 1',(#2116),#3351);
#2116=AXIS2_PLACEMENT_3D('',#2766,#2246,#2247);
#2117=AXIS2_PLACEMENT_3D('',#2767,#2248,#2249);
#2118=AXIS2_PLACEMENT_3D('',#2776,#2254,#2255);
#2119=AXIS2_PLACEMENT_3D('',#2789,#2261,#2262);
#2120=AXIS2_PLACEMENT_3D('',#2797,#2266,#2267);
#2121=AXIS2_PLACEMENT_3D('',#2809,#2273,#2274);
#2122=AXIS2_PLACEMENT_3D('',#2840,#2290,#2291);
#2123=AXIS2_PLACEMENT_3D('',#2925,#2333,#2334);
#2124=AXIS2_PLACEMENT_3D('',#2933,#2338,#2339);
#2125=AXIS2_PLACEMENT_3D('',#2941,#2343,#2344);
#2126=AXIS2_PLACEMENT_3D('',#2949,#2348,#2349);
#2127=AXIS2_PLACEMENT_3D('',#2954,#2352,#2353);
#2128=AXIS2_PLACEMENT_3D('',#2960,#2357,#2358);
#2129=AXIS2_PLACEMENT_3D('',#2961,#2359,#2360);
#2130=AXIS2_PLACEMENT_3D('',#2966,#2363,#2364);
#2131=AXIS2_PLACEMENT_3D('',#2968,#2365,#2366);
#2132=AXIS2_PLACEMENT_3D('',#2972,#2369,#2370);
#2133=AXIS2_PLACEMENT_3D('',#2976,#2373,#2374);
#2134=AXIS2_PLACEMENT_3D('',#2980,#2377,#2378);
#2135=AXIS2_PLACEMENT_3D('',#2981,#2379,#2380);
#2136=AXIS2_PLACEMENT_3D('',#2984,#2382,#2383);
#2137=AXIS2_PLACEMENT_3D('',#2986,#2384,#2385);
#2138=AXIS2_PLACEMENT_3D('',#2990,#2388,#2389);
#2139=AXIS2_PLACEMENT_3D('',#2994,#2392,#2393);
#2140=AXIS2_PLACEMENT_3D('',#2998,#2396,#2397);
#2141=AXIS2_PLACEMENT_3D('',#3002,#2400,#2401);
#2142=AXIS2_PLACEMENT_3D('',#3006,#2404,#2405);
#2143=AXIS2_PLACEMENT_3D('',#3007,#2406,#2407);
#2144=AXIS2_PLACEMENT_3D('',#3010,#2409,#2410);
#2145=AXIS2_PLACEMENT_3D('',#3012,#2411,#2412);
#2146=AXIS2_PLACEMENT_3D('',#3016,#2415,#2416);
#2147=AXIS2_PLACEMENT_3D('',#3020,#2419,#2420);
#2148=AXIS2_PLACEMENT_3D('',#3024,#2423,#2424);
#2149=AXIS2_PLACEMENT_3D('',#3025,#2425,#2426);
#2150=AXIS2_PLACEMENT_3D('',#3028,#2428,#2429);
#2151=AXIS2_PLACEMENT_3D('',#3030,#2430,#2431);
#2152=AXIS2_PLACEMENT_3D('',#3034,#2434,#2435);
#2153=AXIS2_PLACEMENT_3D('',#3038,#2438,#2439);
#2154=AXIS2_PLACEMENT_3D('',#3042,#2442,#2443);
#2155=AXIS2_PLACEMENT_3D('',#3046,#2446,#2447);
#2156=AXIS2_PLACEMENT_3D('',#3048,#2449,#2450);
#2157=AXIS2_PLACEMENT_3D('',#3121,#2487,#2488);
#2158=AXIS2_PLACEMENT_3D('',#3129,#2492,#2493);
#2159=AXIS2_PLACEMENT_3D('',#3137,#2497,#2498);
#2160=AXIS2_PLACEMENT_3D('',#3145,#2502,#2503);
#2161=AXIS2_PLACEMENT_3D('',#3150,#2506,#2507);
#2162=AXIS2_PLACEMENT_3D('',#3192,#2528,#2529);
#2163=AXIS2_PLACEMENT_3D('',#3193,#2530,#2531);
#2164=AXIS2_PLACEMENT_3D('',#3194,#2532,#2533);
#2165=AXIS2_PLACEMENT_3D('',#3195,#2534,#2535);
#2166=AXIS2_PLACEMENT_3D('',#3196,#2536,#2537);
#2167=AXIS2_PLACEMENT_3D('',#3199,#2540,#2541);
#2168=AXIS2_PLACEMENT_3D('',#3201,#2543,#2544);
#2169=AXIS2_PLACEMENT_3D('',#3203,#2546,#2547);
#2170=AXIS2_PLACEMENT_3D('',#3206,#2550,#2551);
#2171=AXIS2_PLACEMENT_3D('',#3208,#2553,#2554);
#2172=AXIS2_PLACEMENT_3D('',#3210,#2556,#2557);
#2173=AXIS2_PLACEMENT_3D('',#3213,#2560,#2561);
#2174=AXIS2_PLACEMENT_3D('',#3215,#2563,#2564);
#2175=AXIS2_PLACEMENT_3D('',#3217,#2566,#2567);
#2176=AXIS2_PLACEMENT_3D('',#3220,#2570,#2571);
#2177=AXIS2_PLACEMENT_3D('',#3222,#2573,#2574);
#2178=AXIS2_PLACEMENT_3D('',#3224,#2576,#2577);
#2179=AXIS2_PLACEMENT_3D('',#3227,#2580,#2581);
#2180=AXIS2_PLACEMENT_3D('',#3229,#2583,#2584);
#2181=AXIS2_PLACEMENT_3D('',#3231,#2586,#2587);
#2182=AXIS2_PLACEMENT_3D('',#3234,#2590,#2591);
#2183=AXIS2_PLACEMENT_3D('',#3236,#2593,#2594);
#2184=AXIS2_PLACEMENT_3D('',#3238,#2595,#2596);
#2185=AXIS2_PLACEMENT_3D('',#3240,#2598,#2599);
#2186=AXIS2_PLACEMENT_3D('',#3242,#2601,#2602);
#2187=AXIS2_PLACEMENT_3D('',#3244,#2604,#2605);
#2188=AXIS2_PLACEMENT_3D('',#3246,#2607,#2608);
#2189=AXIS2_PLACEMENT_3D('',#3248,#2609,#2610);
#2190=AXIS2_PLACEMENT_3D('',#3250,#2612,#2613);
#2191=AXIS2_PLACEMENT_3D('',#3252,#2615,#2616);
#2192=AXIS2_PLACEMENT_3D('',#3254,#2618,#2619);
#2193=AXIS2_PLACEMENT_3D('',#3256,#2621,#2622);
#2194=AXIS2_PLACEMENT_3D('',#3258,#2623,#2624);
#2195=AXIS2_PLACEMENT_3D('',#3260,#2626,#2627);
#2196=AXIS2_PLACEMENT_3D('',#3262,#2629,#2630);
#2197=AXIS2_PLACEMENT_3D('',#3264,#2632,#2633);
#2198=AXIS2_PLACEMENT_3D('',#3266,#2635,#2636);
#2199=AXIS2_PLACEMENT_3D('',#3268,#2637,#2638);
#2200=AXIS2_PLACEMENT_3D('',#3270,#2640,#2641);
#2201=AXIS2_PLACEMENT_3D('',#3273,#2644,#2645);
#2202=AXIS2_PLACEMENT_3D('',#3275,#2647,#2648);
#2203=AXIS2_PLACEMENT_3D('',#3277,#2650,#2651);
#2204=AXIS2_PLACEMENT_3D('',#3280,#2654,#2655);
#2205=AXIS2_PLACEMENT_3D('',#3282,#2657,#2658);
#2206=AXIS2_PLACEMENT_3D('',#3284,#2660,#2661);
#2207=AXIS2_PLACEMENT_3D('',#3287,#2664,#2665);
#2208=AXIS2_PLACEMENT_3D('',#3289,#2667,#2668);
#2209=AXIS2_PLACEMENT_3D('',#3291,#2670,#2671);
#2210=AXIS2_PLACEMENT_3D('',#3294,#2674,#2675);
#2211=AXIS2_PLACEMENT_3D('',#3296,#2677,#2678);
#2212=AXIS2_PLACEMENT_3D('',#3298,#2680,#2681);
#2213=AXIS2_PLACEMENT_3D('',#3301,#2684,#2685);
#2214=AXIS2_PLACEMENT_3D('',#3303,#2687,#2688);
#2215=AXIS2_PLACEMENT_3D('',#3305,#2690,#2691);
#2216=AXIS2_PLACEMENT_3D('',#3308,#2694,#2695);
#2217=AXIS2_PLACEMENT_3D('',#3310,#2697,#2698);
#2218=AXIS2_PLACEMENT_3D('',#3312,#2700,#2701);
#2219=AXIS2_PLACEMENT_3D('',#3315,#2704,#2705);
#2220=AXIS2_PLACEMENT_3D('',#3317,#2707,#2708);
#2221=AXIS2_PLACEMENT_3D('',#3319,#2710,#2711);
#2222=AXIS2_PLACEMENT_3D('',#3321,#2713,#2714);
#2223=AXIS2_PLACEMENT_3D('',#3323,#2716,#2717);
#2224=AXIS2_PLACEMENT_3D('',#3324,#2718,#2719);
#2225=AXIS2_PLACEMENT_3D('',#3327,#2722,#2723);
#2226=AXIS2_PLACEMENT_3D('',#3329,#2725,#2726);
#2227=AXIS2_PLACEMENT_3D('',#3331,#2728,#2729);
#2228=AXIS2_PLACEMENT_3D('',#3332,#2730,#2731);
#2229=AXIS2_PLACEMENT_3D('',#3333,#2732,#2733);
#2230=AXIS2_PLACEMENT_3D('',#3334,#2734,#2735);
#2231=AXIS2_PLACEMENT_3D('',#3335,#2736,#2737);
#2232=AXIS2_PLACEMENT_3D('',#3336,#2738,#2739);
#2233=AXIS2_PLACEMENT_3D('',#3337,#2740,#2741);
#2234=AXIS2_PLACEMENT_3D('',#3338,#2742,#2743);
#2235=AXIS2_PLACEMENT_3D('',#3339,#2744,#2745);
#2236=AXIS2_PLACEMENT_3D('',#3340,#2746,#2747);
#2237=AXIS2_PLACEMENT_3D('',#3341,#2748,#2749);
#2238=AXIS2_PLACEMENT_3D('',#3342,#2750,#2751);
#2239=AXIS2_PLACEMENT_3D('',#3343,#2752,#2753);
#2240=AXIS2_PLACEMENT_3D('',#3344,#2754,#2755);
#2241=AXIS2_PLACEMENT_3D('',#3345,#2756,#2757);
#2242=AXIS2_PLACEMENT_3D('',#3346,#2758,#2759);
#2243=AXIS2_PLACEMENT_3D('',#3347,#2760,#2761);
#2244=AXIS2_PLACEMENT_3D('',#3348,#2762,#2763);
#2245=AXIS2_PLACEMENT_3D('',#3349,#2764,#2765);
#2246=DIRECTION('',(0.,0.,1.));
#2247=DIRECTION('',(1.,0.,0.));
#2248=DIRECTION('',(0.,0.,1.));
#2249=DIRECTION('',(1.,0.,0.));
#2250=DIRECTION('',(1.,0.,0.));
#2251=DIRECTION('',(0.,-1.,0.));
#2252=DIRECTION('',(1.,0.,0.));
#2253=DIRECTION('',(2.36723929043448E-16,-1.,0.));
#2254=DIRECTION('',(0.,0.,1.));
#2255=DIRECTION('',(1.,0.,0.));
#2256=DIRECTION('',(-0.5,-0.866025403784439,0.));
#2257=DIRECTION('',(1.,0.,0.));
#2258=DIRECTION('',(0.,-1.,0.));
#2259=DIRECTION('',(-1.,0.,0.));
#2260=DIRECTION('',(-0.5,0.866025403784439,0.));
#2261=DIRECTION('',(0.,0.,1.));
#2262=DIRECTION('',(1.,0.,0.));
#2263=DIRECTION('',(0.5,0.866025403784439,0.));
#2264=DIRECTION('',(1.,-4.84390499400156E-16,0.));
#2265=DIRECTION('',(-0.5,0.866025403784439,0.));
#2266=DIRECTION('',(0.,0.,1.));
#2267=DIRECTION('',(1.,0.,0.));
#2268=DIRECTION('',(0.5,0.866025403784439,0.));
#2269=DIRECTION('',(1.,0.,0.));
#2270=DIRECTION('',(0.,-1.,0.));
#2271=DIRECTION('',(-1.,0.,0.));
#2272=DIRECTION('',(0.5,-0.866025403784439,0.));
#2273=DIRECTION('',(0.,0.,1.));
#2274=DIRECTION('',(1.,0.,0.));
#2275=DIRECTION('',(-0.5,-0.866025403784439,0.));
#2276=DIRECTION('',(1.,3.63292874550116E-16,0.));
#2277=DIRECTION('',(0.5,-0.866025403784439,0.));
#2278=DIRECTION('',(-6.19544098563146E-17,1.,0.));
#2279=DIRECTION('',(-1.,0.,0.));
#2280=DIRECTION('',(-6.19544098563146E-17,1.,0.));
#2281=DIRECTION('',(-1.,0.,0.));
#2282=DIRECTION('',(0.,1.,0.));
#2283=DIRECTION('',(-1.,0.,0.));
#2284=DIRECTION('',(0.,1.,0.));
#2285=DIRECTION('',(-1.,0.,0.));
#2286=DIRECTION('',(0.,-1.,0.));
#2287=DIRECTION('',(1.,0.,0.));
#2288=DIRECTION('',(0.,-1.,0.));
#2289=DIRECTION('',(1.,0.,0.));
#2290=DIRECTION('',(0.,0.,1.));
#2291=DIRECTION('',(1.,0.,0.));
#2292=DIRECTION('',(0.,-1.,0.));
#2293=DIRECTION('',(1.,0.,0.));
#2294=DIRECTION('',(0.,-1.,0.));
#2295=DIRECTION('',(1.,0.,0.));
#2296=DIRECTION('',(0.,1.,0.));
#2297=DIRECTION('',(-1.,0.,0.));
#2298=DIRECTION('',(0.,1.,0.));
#2299=DIRECTION('',(-1.,0.,0.));
#2300=DIRECTION('',(-1.,0.,0.));
#2301=DIRECTION('',(0.,-1.,0.));
#2302=DIRECTION('',(-1.,0.,0.));
#2303=DIRECTION('',(0.,-1.,0.));
#2304=DIRECTION('',(0.,1.,0.));
#2305=DIRECTION('',(1.,0.,0.));
#2306=DIRECTION('',(0.,1.,0.));
#2307=DIRECTION('',(1.,0.,0.));
#2308=DIRECTION('',(0.,1.,0.));
#2309=DIRECTION('',(1.,0.,0.));
#2310=DIRECTION('',(0.,1.,0.));
#2311=DIRECTION('',(1.,0.,0.));
#2312=DIRECTION('',(-6.19544098563146E-17,-1.,0.));
#2313=DIRECTION('',(-1.,0.,0.));
#2314=DIRECTION('',(-6.19544098563146E-17,-1.,0.));
#2315=DIRECTION('',(-1.,0.,0.));
#2316=DIRECTION('',(0.,-1.,0.));
#2317=DIRECTION('',(-1.,0.,0.));
#2318=DIRECTION('',(0.,-1.,0.));
#2319=DIRECTION('',(-1.,0.,0.));
#2320=DIRECTION('',(0.,-1.,0.));
#2321=DIRECTION('',(-1.,0.,0.));
#2322=DIRECTION('',(0.,-1.,0.));
#2323=DIRECTION('',(1.,0.,0.));
#2324=DIRECTION('',(-1.,0.,0.));
#2325=DIRECTION('',(0.,-1.,0.));
#2326=DIRECTION('',(-1.,0.,0.));
#2327=DIRECTION('',(0.,-1.,0.));
#2328=DIRECTION('',(0.,-1.,0.));
#2329=DIRECTION('',(1.,0.,0.));
#2330=DIRECTION('',(0.,-1.,0.));
#2331=DIRECTION('',(1.,0.,0.));
#2332=DIRECTION('',(-0.5,0.866025403784439,0.));
#2333=DIRECTION('',(0.,0.,1.));
#2334=DIRECTION('',(1.,0.,0.));
#2335=DIRECTION('',(0.,-1.,0.));
#2336=DIRECTION('',(1.,0.,0.));
#2337=DIRECTION('',(0.,-1.,0.));
#2338=DIRECTION('',(0.,0.,1.));
#2339=DIRECTION('',(1.,0.,0.));
#2340=DIRECTION('',(-0.5,-0.866025403784439,0.));
#2341=DIRECTION('',(0.,-1.,0.));
#2342=DIRECTION('',(-0.5,0.866025403784439,0.));
#2343=DIRECTION('',(0.,0.,1.));
#2344=DIRECTION('',(1.,0.,0.));
#2345=DIRECTION('',(0.,1.,0.));
#2346=DIRECTION('',(1.,0.,0.));
#2347=DIRECTION('',(0.,1.,0.));
#2348=DIRECTION('',(0.,0.,1.));
#2349=DIRECTION('',(1.,0.,0.));
#2350=DIRECTION('',(-0.5,-0.866025403784439,0.));
#2351=DIRECTION('',(0.,-1.,0.));
#2352=DIRECTION('',(0.,1.,0.));
#2353=DIRECTION('',(0.,0.,1.));
#2354=DIRECTION('',(1.,0.,0.));
#2355=DIRECTION('',(0.,0.,-1.));
#2356=DIRECTION('',(0.,0.,-1.));
#2357=DIRECTION('',(0.,0.,-1.));
#2358=DIRECTION('',(-1.,0.,0.));
#2359=DIRECTION('',(0.,0.,1.));
#2360=DIRECTION('',(1.,0.,0.));
#2361=DIRECTION('',(0.,0.,-1.));
#2362=DIRECTION('',(0.,0.,-1.));
#2363=DIRECTION('',(0.,0.,1.));
#2364=DIRECTION('',(1.,0.,0.));
#2365=DIRECTION('',(-0.866025403784439,0.5,0.));
#2366=DIRECTION('',(-0.5,-0.866025403784439,0.));
#2367=DIRECTION('',(0.5,0.866025403784439,0.));
#2368=DIRECTION('',(0.,0.,-1.));
#2369=DIRECTION('',(4.84390499400156E-16,1.,0.));
#2370=DIRECTION('',(-1.,4.84390499400156E-16,0.));
#2371=DIRECTION('',(1.,-4.84390499400156E-16,0.));
#2372=DIRECTION('',(0.,0.,-1.));
#2373=DIRECTION('',(-0.866025403784439,-0.5,0.));
#2374=DIRECTION('',(0.5,-0.866025403784439,0.));
#2375=DIRECTION('',(-0.5,0.866025403784439,0.));
#2376=DIRECTION('',(0.,0.,-1.));
#2377=DIRECTION('',(0.,0.,-1.));
#2378=DIRECTION('',(-1.,0.,0.));
#2379=DIRECTION('',(0.,0.,1.));
#2380=DIRECTION('',(1.,0.,0.));
#2381=DIRECTION('',(0.,0.,-1.));
#2382=DIRECTION('',(0.,0.,1.));
#2383=DIRECTION('',(1.,0.,0.));
#2384=DIRECTION('',(-0.866025403784439,0.5,0.));
#2385=DIRECTION('',(-0.5,-0.866025403784439,0.));
#2386=DIRECTION('',(0.5,0.866025403784439,0.));
#2387=DIRECTION('',(0.,0.,-1.));
#2388=DIRECTION('',(0.,1.,0.));
#2389=DIRECTION('',(0.,0.,1.));
#2390=DIRECTION('',(1.,0.,0.));
#2391=DIRECTION('',(0.,0.,-1.));
#2392=DIRECTION('',(1.,0.,0.));
#2393=DIRECTION('',(0.,0.,-1.));
#2394=DIRECTION('',(0.,-1.,0.));
#2395=DIRECTION('',(0.,0.,-1.));
#2396=DIRECTION('',(0.,-1.,0.));
#2397=DIRECTION('',(0.,0.,-1.));
#2398=DIRECTION('',(-1.,0.,0.));
#2399=DIRECTION('',(0.,0.,-1.));
#2400=DIRECTION('',(0.866025403784439,0.5,0.));
#2401=DIRECTION('',(-0.5,0.866025403784439,0.));
#2402=DIRECTION('',(0.5,-0.866025403784439,0.));
#2403=DIRECTION('',(0.,0.,-1.));
#2404=DIRECTION('',(0.,0.,-1.));
#2405=DIRECTION('',(-1.,0.,0.));
#2406=DIRECTION('',(0.,0.,1.));
#2407=DIRECTION('',(1.,0.,0.));
#2408=DIRECTION('',(0.,0.,-1.));
#2409=DIRECTION('',(0.,0.,1.));
#2410=DIRECTION('',(1.,0.,0.));
#2411=DIRECTION('',(0.866025403784439,-0.5,0.));
#2412=DIRECTION('',(0.5,0.866025403784439,0.));
#2413=DIRECTION('',(-0.5,-0.866025403784439,0.));
#2414=DIRECTION('',(0.,0.,-1.));
#2415=DIRECTION('',(-3.63292874550116E-16,1.,0.));
#2416=DIRECTION('',(-1.,-3.63292874550116E-16,0.));
#2417=DIRECTION('',(1.,3.63292874550116E-16,0.));
#2418=DIRECTION('',(0.,0.,-1.));
#2419=DIRECTION('',(0.866025403784439,0.5,0.));
#2420=DIRECTION('',(-0.5,0.866025403784439,0.));
#2421=DIRECTION('',(0.5,-0.866025403784439,0.));
#2422=DIRECTION('',(0.,0.,-1.));
#2423=DIRECTION('',(0.,0.,-1.));
#2424=DIRECTION('',(-1.,0.,0.));
#2425=DIRECTION('',(0.,0.,1.));
#2426=DIRECTION('',(1.,0.,0.));
#2427=DIRECTION('',(0.,0.,-1.));
#2428=DIRECTION('',(0.,0.,1.));
#2429=DIRECTION('',(1.,0.,0.));
#2430=DIRECTION('',(0.866025403784439,-0.5,0.));
#2431=DIRECTION('',(0.5,0.866025403784439,0.));
#2432=DIRECTION('',(-0.5,-0.866025403784439,0.));
#2433=DIRECTION('',(0.,0.,-1.));
#2434=DIRECTION('',(0.,1.,0.));
#2435=DIRECTION('',(0.,0.,1.));
#2436=DIRECTION('',(1.,0.,0.));
#2437=DIRECTION('',(0.,0.,-1.));
#2438=DIRECTION('',(1.,0.,0.));
#2439=DIRECTION('',(0.,0.,-1.));
#2440=DIRECTION('',(0.,-1.,0.));
#2441=DIRECTION('',(0.,0.,-1.));
#2442=DIRECTION('',(0.,-1.,0.));
#2443=DIRECTION('',(0.,0.,-1.));
#2444=DIRECTION('',(-1.,0.,0.));
#2445=DIRECTION('',(0.,0.,-1.));
#2446=DIRECTION('',(-0.866025403784439,-0.5,0.));
#2447=DIRECTION('',(0.5,-0.866025403784439,0.));
#2448=DIRECTION('',(-0.5,0.866025403784439,0.));
#2449=DIRECTION('',(0.,0.,1.));
#2450=DIRECTION('',(1.,0.,0.));
#2451=DIRECTION('',(0.,-1.,0.));
#2452=DIRECTION('',(2.36723929043448E-16,-1.,0.));
#2453=DIRECTION('',(1.,0.,0.));
#2454=DIRECTION('',(1.,0.,0.));
#2455=DIRECTION('',(0.,-1.,0.));
#2456=DIRECTION('',(1.,0.,0.));
#2457=DIRECTION('',(0.,-1.,0.));
#2458=DIRECTION('',(0.,-1.,0.));
#2459=DIRECTION('',(-1.,0.,0.));
#2460=DIRECTION('',(0.,-1.,0.));
#2461=DIRECTION('',(-1.,0.,0.));
#2462=DIRECTION('',(1.,0.,0.));
#2463=DIRECTION('',(0.,1.,0.));
#2464=DIRECTION('',(1.,0.,0.));
#2465=DIRECTION('',(0.,1.,0.));
#2466=DIRECTION('',(1.,0.,0.));
#2467=DIRECTION('',(0.,1.,0.));
#2468=DIRECTION('',(1.,0.,0.));
#2469=DIRECTION('',(0.,1.,0.));
#2470=DIRECTION('',(-1.,0.,0.));
#2471=DIRECTION('',(-6.19544098563146E-17,-1.,0.));
#2472=DIRECTION('',(-1.,0.,0.));
#2473=DIRECTION('',(-6.19544098563146E-17,-1.,0.));
#2474=DIRECTION('',(-1.,0.,0.));
#2475=DIRECTION('',(0.,-1.,0.));
#2476=DIRECTION('',(-1.,0.,0.));
#2477=DIRECTION('',(0.,-1.,0.));
#2478=DIRECTION('',(-1.,0.,0.));
#2479=DIRECTION('',(0.,-1.,0.));
#2480=DIRECTION('',(1.,0.,0.));
#2481=DIRECTION('',(0.,-1.,0.));
#2482=DIRECTION('',(0.,-1.,0.));
#2483=DIRECTION('',(-1.,0.,0.));
#2484=DIRECTION('',(0.,-1.,0.));
#2485=DIRECTION('',(-1.,0.,0.));
#2486=DIRECTION('',(-0.5,-0.866025403784439,0.));
#2487=DIRECTION('',(0.,0.,1.));
#2488=DIRECTION('',(-1.,0.,0.));
#2489=DIRECTION('',(0.,-1.,0.));
#2490=DIRECTION('',(1.,0.,0.));
#2491=DIRECTION('',(0.,-1.,0.));
#2492=DIRECTION('',(0.,0.,-1.));
#2493=DIRECTION('',(-1.,0.,0.));
#2494=DIRECTION('',(-0.5,0.866025403784439,0.));
#2495=DIRECTION('',(0.,-1.,0.));
#2496=DIRECTION('',(-0.5,-0.866025403784439,0.));
#2497=DIRECTION('',(0.,0.,1.));
#2498=DIRECTION('',(-1.,0.,0.));
#2499=DIRECTION('',(0.,1.,0.));
#2500=DIRECTION('',(1.,0.,0.));
#2501=DIRECTION('',(0.,1.,0.));
#2502=DIRECTION('',(0.,0.,-1.));
#2503=DIRECTION('',(-1.,0.,0.));
#2504=DIRECTION('',(-0.5,0.866025403784439,0.));
#2505=DIRECTION('',(0.,-1.,0.));
#2506=DIRECTION('',(0.,0.,-1.));
#2507=DIRECTION('',(-1.,0.,0.));
#2508=DIRECTION('',(1.,0.,0.));
#2509=DIRECTION('',(0.,-1.,0.));
#2510=DIRECTION('',(1.,0.,0.));
#2511=DIRECTION('',(0.,-1.,0.));
#2512=DIRECTION('',(0.,-1.,0.));
#2513=DIRECTION('',(1.,0.,0.));
#2514=DIRECTION('',(0.,-1.,0.));
#2515=DIRECTION('',(1.,0.,0.));
#2516=DIRECTION('',(-1.,0.,0.));
#2517=DIRECTION('',(0.,1.,0.));
#2518=DIRECTION('',(-1.,0.,0.));
#2519=DIRECTION('',(0.,1.,0.));
#2520=DIRECTION('',(-1.,0.,0.));
#2521=DIRECTION('',(-6.19544098563146E-17,1.,0.));
#2522=DIRECTION('',(-1.,0.,0.));
#2523=DIRECTION('',(-6.19544098563146E-17,1.,0.));
#2524=DIRECTION('',(-1.,0.,0.));
#2525=DIRECTION('',(0.,1.,0.));
#2526=DIRECTION('',(-1.,0.,0.));
#2527=DIRECTION('',(0.,1.,0.));
#2528=DIRECTION('',(0.,0.,1.));
#2529=DIRECTION('',(1.,0.,0.));
#2530=DIRECTION('',(0.,0.,1.));
#2531=DIRECTION('',(1.,0.,0.));
#2532=DIRECTION('',(0.,0.,1.));
#2533=DIRECTION('',(1.,0.,0.));
#2534=DIRECTION('',(0.,0.,1.));
#2535=DIRECTION('',(1.,0.,0.));
#2536=DIRECTION('',(0.,-1.,0.));
#2537=DIRECTION('',(0.,0.,-1.));
#2538=DIRECTION('',(0.,0.,-1.));
#2539=DIRECTION('',(0.,0.,-1.));
#2540=DIRECTION('',(-1.,0.,0.));
#2541=DIRECTION('',(0.,0.,1.));
#2542=DIRECTION('',(0.,0.,-1.));
#2543=DIRECTION('',(0.,-1.,0.));
#2544=DIRECTION('',(0.,0.,-1.));
#2545=DIRECTION('',(0.,0.,-1.));
#2546=DIRECTION('',(0.,-1.,0.));
#2547=DIRECTION('',(0.,0.,-1.));
#2548=DIRECTION('',(0.,0.,-1.));
#2549=DIRECTION('',(0.,0.,-1.));
#2550=DIRECTION('',(-1.,-6.19544098563146E-17,0.));
#2551=DIRECTION('',(6.19544098563146E-17,-1.,0.));
#2552=DIRECTION('',(0.,0.,-1.));
#2553=DIRECTION('',(0.,-1.,0.));
#2554=DIRECTION('',(0.,0.,-1.));
#2555=DIRECTION('',(0.,0.,-1.));
#2556=DIRECTION('',(0.,-1.,0.));
#2557=DIRECTION('',(0.,0.,-1.));
#2558=DIRECTION('',(0.,0.,-1.));
#2559=DIRECTION('',(0.,0.,-1.));
#2560=DIRECTION('',(-1.,0.,0.));
#2561=DIRECTION('',(0.,0.,1.));
#2562=DIRECTION('',(0.,0.,-1.));
#2563=DIRECTION('',(0.,-1.,0.));
#2564=DIRECTION('',(0.,0.,-1.));
#2565=DIRECTION('',(0.,0.,-1.));
#2566=DIRECTION('',(1.,0.,0.));
#2567=DIRECTION('',(0.,0.,-1.));
#2568=DIRECTION('',(0.,0.,-1.));
#2569=DIRECTION('',(0.,0.,-1.));
#2570=DIRECTION('',(0.,1.,0.));
#2571=DIRECTION('',(0.,0.,1.));
#2572=DIRECTION('',(0.,0.,-1.));
#2573=DIRECTION('',(1.,0.,0.));
#2574=DIRECTION('',(0.,0.,-1.));
#2575=DIRECTION('',(0.,0.,-1.));
#2576=DIRECTION('',(0.,1.,0.));
#2577=DIRECTION('',(0.,0.,1.));
#2578=DIRECTION('',(0.,0.,-1.));
#2579=DIRECTION('',(0.,0.,-1.));
#2580=DIRECTION('',(1.,0.,0.));
#2581=DIRECTION('',(0.,0.,-1.));
#2582=DIRECTION('',(0.,0.,-1.));
#2583=DIRECTION('',(0.,1.,0.));
#2584=DIRECTION('',(0.,0.,1.));
#2585=DIRECTION('',(0.,0.,-1.));
#2586=DIRECTION('',(0.866025403784439,-0.5,0.));
#2587=DIRECTION('',(0.5,0.866025403784439,0.));
#2588=DIRECTION('',(0.,0.,-1.));
#2589=DIRECTION('',(0.,0.,-1.));
#2590=DIRECTION('',(0.,0.,-1.));
#2591=DIRECTION('',(-1.,0.,0.));
#2592=DIRECTION('',(0.,0.,-1.));
#2593=DIRECTION('',(0.,0.,1.));
#2594=DIRECTION('',(1.,0.,0.));
#2595=DIRECTION('',(1.,0.,0.));
#2596=DIRECTION('',(0.,0.,-1.));
#2597=DIRECTION('',(0.,0.,-1.));
#2598=DIRECTION('',(0.,1.,0.));
#2599=DIRECTION('',(0.,0.,1.));
#2600=DIRECTION('',(0.,0.,-1.));
#2601=DIRECTION('',(1.,0.,0.));
#2602=DIRECTION('',(0.,0.,-1.));
#2603=DIRECTION('',(0.,0.,-1.));
#2604=DIRECTION('',(0.,0.,-1.));
#2605=DIRECTION('',(-1.,0.,0.));
#2606=DIRECTION('',(0.,0.,-1.));
#2607=DIRECTION('',(0.,0.,1.));
#2608=DIRECTION('',(1.,0.,0.));
#2609=DIRECTION('',(-0.866025403784439,-0.5,0.));
#2610=DIRECTION('',(0.5,-0.866025403784439,0.));
#2611=DIRECTION('',(0.,0.,-1.));
#2612=DIRECTION('',(1.,0.,0.));
#2613=DIRECTION('',(0.,0.,-1.));
#2614=DIRECTION('',(0.,0.,-1.));
#2615=DIRECTION('',(0.866025403784439,-0.5,0.));
#2616=DIRECTION('',(0.5,0.866025403784439,0.));
#2617=DIRECTION('',(0.,0.,-1.));
#2618=DIRECTION('',(0.,0.,-1.));
#2619=DIRECTION('',(-1.,0.,0.));
#2620=DIRECTION('',(0.,0.,-1.));
#2621=DIRECTION('',(0.,0.,1.));
#2622=DIRECTION('',(1.,0.,0.));
#2623=DIRECTION('',(-1.,0.,0.));
#2624=DIRECTION('',(0.,0.,1.));
#2625=DIRECTION('',(0.,0.,-1.));
#2626=DIRECTION('',(0.,1.,0.));
#2627=DIRECTION('',(0.,0.,1.));
#2628=DIRECTION('',(0.,0.,-1.));
#2629=DIRECTION('',(-1.,0.,0.));
#2630=DIRECTION('',(0.,0.,1.));
#2631=DIRECTION('',(0.,0.,-1.));
#2632=DIRECTION('',(0.,0.,-1.));
#2633=DIRECTION('',(-1.,0.,0.));
#2634=DIRECTION('',(0.,0.,-1.));
#2635=DIRECTION('',(0.,0.,1.));
#2636=DIRECTION('',(1.,0.,0.));
#2637=DIRECTION('',(-0.866025403784439,-0.5,0.));
#2638=DIRECTION('',(0.5,-0.866025403784439,0.));
#2639=DIRECTION('',(0.,0.,-1.));
#2640=DIRECTION('',(1.,0.,0.));
#2641=DIRECTION('',(0.,0.,-1.));
#2642=DIRECTION('',(0.,0.,-1.));
#2643=DIRECTION('',(0.,0.,-1.));
#2644=DIRECTION('',(0.,-1.,0.));
#2645=DIRECTION('',(0.,0.,-1.));
#2646=DIRECTION('',(0.,0.,-1.));
#2647=DIRECTION('',(1.,0.,0.));
#2648=DIRECTION('',(0.,0.,-1.));
#2649=DIRECTION('',(0.,0.,-1.));
#2650=DIRECTION('',(0.,-1.,0.));
#2651=DIRECTION('',(0.,0.,-1.));
#2652=DIRECTION('',(0.,0.,-1.));
#2653=DIRECTION('',(0.,0.,-1.));
#2654=DIRECTION('',(1.,0.,0.));
#2655=DIRECTION('',(0.,0.,-1.));
#2656=DIRECTION('',(0.,0.,-1.));
#2657=DIRECTION('',(0.,1.,0.));
#2658=DIRECTION('',(0.,0.,1.));
#2659=DIRECTION('',(0.,0.,-1.));
#2660=DIRECTION('',(0.,-1.,0.));
#2661=DIRECTION('',(0.,0.,-1.));
#2662=DIRECTION('',(0.,0.,-1.));
#2663=DIRECTION('',(0.,0.,-1.));
#2664=DIRECTION('',(1.,0.,0.));
#2665=DIRECTION('',(0.,0.,-1.));
#2666=DIRECTION('',(0.,0.,-1.));
#2667=DIRECTION('',(0.,-1.,0.));
#2668=DIRECTION('',(0.,0.,-1.));
#2669=DIRECTION('',(0.,0.,-1.));
#2670=DIRECTION('',(0.,-1.,0.));
#2671=DIRECTION('',(0.,0.,-1.));
#2672=DIRECTION('',(0.,0.,-1.));
#2673=DIRECTION('',(0.,0.,-1.));
#2674=DIRECTION('',(1.,-6.19544098563146E-17,0.));
#2675=DIRECTION('',(6.19544098563146E-17,1.,0.));
#2676=DIRECTION('',(0.,0.,-1.));
#2677=DIRECTION('',(0.,-1.,0.));
#2678=DIRECTION('',(0.,0.,-1.));
#2679=DIRECTION('',(0.,0.,-1.));
#2680=DIRECTION('',(0.,1.,0.));
#2681=DIRECTION('',(0.,0.,1.));
#2682=DIRECTION('',(0.,0.,-1.));
#2683=DIRECTION('',(0.,0.,-1.));
#2684=DIRECTION('',(-1.,0.,0.));
#2685=DIRECTION('',(0.,0.,1.));
#2686=DIRECTION('',(0.,0.,-1.));
#2687=DIRECTION('',(0.,1.,0.));
#2688=DIRECTION('',(0.,0.,1.));
#2689=DIRECTION('',(0.,0.,-1.));
#2690=DIRECTION('',(0.,1.,0.));
#2691=DIRECTION('',(0.,0.,1.));
#2692=DIRECTION('',(0.,0.,-1.));
#2693=DIRECTION('',(0.,0.,-1.));
#2694=DIRECTION('',(-1.,0.,0.));
#2695=DIRECTION('',(0.,0.,1.));
#2696=DIRECTION('',(0.,0.,-1.));
#2697=DIRECTION('',(0.,1.,0.));
#2698=DIRECTION('',(0.,0.,1.));
#2699=DIRECTION('',(0.,0.,-1.));
#2700=DIRECTION('',(1.,0.,0.));
#2701=DIRECTION('',(0.,0.,-1.));
#2702=DIRECTION('',(0.,0.,-1.));
#2703=DIRECTION('',(0.,0.,-1.));
#2704=DIRECTION('',(0.,-1.,0.));
#2705=DIRECTION('',(0.,0.,-1.));
#2706=DIRECTION('',(0.,0.,-1.));
#2707=DIRECTION('',(1.,0.,0.));
#2708=DIRECTION('',(0.,0.,-1.));
#2709=DIRECTION('',(0.,0.,-1.));
#2710=DIRECTION('',(1.,2.36723929043448E-16,0.));
#2711=DIRECTION('',(-2.36723929043448E-16,1.,0.));
#2712=DIRECTION('',(0.,0.,-1.));
#2713=DIRECTION('',(0.,1.,0.));
#2714=DIRECTION('',(0.,0.,1.));
#2715=DIRECTION('',(0.,0.,-1.));
#2716=DIRECTION('',(1.,0.,0.));
#2717=DIRECTION('',(0.,0.,-1.));
#2718=DIRECTION('',(0.,1.,0.));
#2719=DIRECTION('',(0.,0.,1.));
#2720=DIRECTION('',(0.,0.,-1.));
#2721=DIRECTION('',(0.,0.,-1.));
#2722=DIRECTION('',(1.,0.,0.));
#2723=DIRECTION('',(0.,0.,-1.));
#2724=DIRECTION('',(0.,0.,-1.));
#2725=DIRECTION('',(0.,1.,0.));
#2726=DIRECTION('',(0.,0.,1.));
#2727=DIRECTION('',(0.,0.,-1.));
#2728=DIRECTION('',(-1.,-6.19544098563146E-17,0.));
#2729=DIRECTION('',(6.19544098563146E-17,-1.,0.));
#2730=DIRECTION('',(-1.,0.,0.));
#2731=DIRECTION('',(0.,0.,1.));
#2732=DIRECTION('',(0.,1.,0.));
#2733=DIRECTION('',(0.,0.,1.));
#2734=DIRECTION('',(1.,0.,0.));
#2735=DIRECTION('',(0.,0.,-1.));
#2736=DIRECTION('',(0.,0.,-1.));
#2737=DIRECTION('',(-1.,0.,0.));
#2738=DIRECTION('',(1.,0.,0.));
#2739=DIRECTION('',(0.,0.,-1.));
#2740=DIRECTION('',(0.,-1.,0.));
#2741=DIRECTION('',(0.,0.,-1.));
#2742=DIRECTION('',(1.,0.,0.));
#2743=DIRECTION('',(0.,0.,-1.));
#2744=DIRECTION('',(1.,0.,0.));
#2745=DIRECTION('',(0.,0.,-1.));
#2746=DIRECTION('',(1.,-6.19544098563146E-17,0.));
#2747=DIRECTION('',(6.19544098563146E-17,1.,0.));
#2748=DIRECTION('',(-1.,0.,0.));
#2749=DIRECTION('',(0.,0.,1.));
#2750=DIRECTION('',(-1.,0.,0.));
#2751=DIRECTION('',(0.,0.,1.));
#2752=DIRECTION('',(0.,-1.,0.));
#2753=DIRECTION('',(0.,0.,-1.));
#2754=DIRECTION('',(1.,0.,0.));
#2755=DIRECTION('',(0.,0.,-1.));
#2756=DIRECTION('',(-1.,0.,0.));
#2757=DIRECTION('',(0.,0.,1.));
#2758=DIRECTION('',(0.,0.,1.));
#2759=DIRECTION('',(1.,0.,0.));
#2760=DIRECTION('',(0.,0.,1.));
#2761=DIRECTION('',(1.,0.,0.));
#2762=DIRECTION('',(0.,0.,1.));
#2763=DIRECTION('',(1.,0.,0.));
#2764=DIRECTION('',(0.,0.,1.));
#2765=DIRECTION('',(1.,0.,0.));
#2766=CARTESIAN_POINT('',(0.,0.,0.));
#2767=CARTESIAN_POINT('',(-0.0272558004294341,0.00873816545307634,0.002));
#2768=CARTESIAN_POINT('',(-0.0240112537801265,0.0380503432795675,0.002));
#2769=CARTESIAN_POINT('',(-0.0906612537801266,0.0380503432795675,0.002));
#2770=CARTESIAN_POINT('',(0.0426387462198735,0.0380503432795675,0.002));
#2771=CARTESIAN_POINT('',(-0.0906612537801266,0.00873816545307635,0.002));
#2772=CARTESIAN_POINT('',(-0.0906612537801266,-0.118278466060758,0.002));
#2773=CARTESIAN_POINT('',(-0.0181862537801266,-0.118278466060758,0.002));
#2774=CARTESIAN_POINT('',(0.0426387462198735,-0.118278466060758,0.002));
#2775=CARTESIAN_POINT('',(0.0426387462198735,0.00873816545307635,0.002));
#2776=CARTESIAN_POINT('',(-0.0576612537801266,-0.00951183454692364,0.002));
#2777=CARTESIAN_POINT('',(-0.0591612537801266,-0.00951183454692364,0.002));
#2778=CARTESIAN_POINT('',(-0.0561612537801266,-0.00951183454692366,0.002));
#2779=CARTESIAN_POINT('',(-0.0610169047651155,-0.0127259163340398,0.002));
#2780=CARTESIAN_POINT('',(-0.0626612537801266,-0.0155740123734147,0.002));
#2781=CARTESIAN_POINT('',(-0.0641612537801266,-0.0155740123734147,0.002));
#2782=CARTESIAN_POINT('',(-0.0656612537801266,-0.0155740123734147,0.002));
#2783=CARTESIAN_POINT('',(-0.0656612537801266,0.0300192543663219,0.002));
#2784=CARTESIAN_POINT('',(-0.0656612537801266,0.0330503432795674,0.002));
#2785=CARTESIAN_POINT('',(-0.0641612537801266,0.0330503432795674,0.002));
#2786=CARTESIAN_POINT('',(-0.0626612537801266,0.0330503432795674,0.002));
#2787=CARTESIAN_POINT('',(-0.0610169047651155,0.0302022472401925,0.002));
#2788=CARTESIAN_POINT('',(-0.0591612537801266,0.0269881654530763,0.002));
#2789=CARTESIAN_POINT('',(-0.0576612537801266,0.0269881654530763,0.002));
#2790=CARTESIAN_POINT('',(-0.0561612537801266,0.0269881654530763,0.002));
#2791=CARTESIAN_POINT('',(-0.0543056027951376,0.0302022472401925,0.002));
#2792=CARTESIAN_POINT('',(-0.0526612537801266,0.0330503432795674,0.002));
#2793=CARTESIAN_POINT('',(-0.0240112537801265,0.0330503432795674,0.002));
#2794=CARTESIAN_POINT('',(0.00463874621987343,0.0330503432795674,0.002));
#2795=CARTESIAN_POINT('',(0.00628309523488447,0.0302022472401925,0.002));
#2796=CARTESIAN_POINT('',(0.00813874621987343,0.0269881654530763,0.002));
#2797=CARTESIAN_POINT('',(0.00963874621987343,0.0269881654530763,0.002));
#2798=CARTESIAN_POINT('',(0.0111387462198734,0.0269881654530763,0.002));
#2799=CARTESIAN_POINT('',(0.0129943972048624,0.0302022472401925,0.002));
#2800=CARTESIAN_POINT('',(0.0146387462198734,0.0330503432795674,0.002));
#2801=CARTESIAN_POINT('',(0.0161387462198734,0.0330503432795674,0.002));
#2802=CARTESIAN_POINT('',(0.0176387462198734,0.0330503432795674,0.002));
#2803=CARTESIAN_POINT('',(0.0176387462198734,0.0300192543663219,0.002));
#2804=CARTESIAN_POINT('',(0.0176387462198734,-0.0155740123734147,0.002));
#2805=CARTESIAN_POINT('',(0.0161387462198734,-0.0155740123734147,0.002));
#2806=CARTESIAN_POINT('',(0.0146387462198734,-0.0155740123734147,0.002));
#2807=CARTESIAN_POINT('',(0.0129943972048624,-0.0127259163340398,0.002));
#2808=CARTESIAN_POINT('',(0.0111387462198734,-0.00951183454692365,0.002));
#2809=CARTESIAN_POINT('',(0.00963874621987343,-0.00951183454692364,0.002));
#2810=CARTESIAN_POINT('',(0.00813874621987343,-0.00951183454692364,0.002));
#2811=CARTESIAN_POINT('',(0.00628309523488447,-0.0127259163340398,0.002));
#2812=CARTESIAN_POINT('',(0.00463874621987343,-0.0155740123734147,0.002));
#2813=CARTESIAN_POINT('',(-0.0240112537801265,-0.0155740123734147,0.002));
#2814=CARTESIAN_POINT('',(-0.0526612537801266,-0.0155740123734147,0.002));
#2815=CARTESIAN_POINT('',(-0.0543056027951376,-0.0127259163340398,0.002));
#2816=CARTESIAN_POINT('',(0.00698874621987341,-0.0406156163662672,0.002));
#2817=CARTESIAN_POINT('',(0.00698874621987341,-0.0476156163662672,0.002));
#2818=CARTESIAN_POINT('',(0.00698874621987341,-0.0336156163662672,0.002));
#2819=CARTESIAN_POINT('',(-1.12537801265859E-5,-0.0476156163662672,0.002));
#2820=CARTESIAN_POINT('',(-0.00701125378012658,-0.0476156163662672,0.002));
#2821=CARTESIAN_POINT('',(-0.00701125378012659,-0.0406156163662672,0.002));
#2822=CARTESIAN_POINT('',(-0.00701125378012659,-0.0336156163662672,0.002));
#2823=CARTESIAN_POINT('',(-1.12537801265859E-5,-0.0336156163662672,0.002));
#2824=CARTESIAN_POINT('',(0.0309887462198734,-0.0406156163662672,0.002));
#2825=CARTESIAN_POINT('',(0.0309887462198734,-0.0476156163662672,0.002));
#2826=CARTESIAN_POINT('',(0.0309887462198734,-0.0336156163662672,0.002));
#2827=CARTESIAN_POINT('',(0.0239887462198734,-0.0476156163662672,0.002));
#2828=CARTESIAN_POINT('',(0.0169887462198734,-0.0476156163662672,0.002));
#2829=CARTESIAN_POINT('',(0.0169887462198734,-0.0406156163662672,0.002));
#2830=CARTESIAN_POINT('',(0.0169887462198734,-0.0336156163662672,0.002));
#2831=CARTESIAN_POINT('',(0.0239887462198734,-0.0336156163662672,0.002));
#2832=CARTESIAN_POINT('',(-0.0550112537801266,-0.106278466060758,0.002));
#2833=CARTESIAN_POINT('',(-0.0550112537801266,-0.0992784660607576,0.002));
#2834=CARTESIAN_POINT('',(-0.0550112537801266,-0.113278466060758,0.002));
#2835=CARTESIAN_POINT('',(-0.0480112537801266,-0.0992784660607576,0.002));
#2836=CARTESIAN_POINT('',(-0.0410112537801266,-0.0992784660607576,0.002));
#2837=CARTESIAN_POINT('',(-0.0410112537801266,-0.106278466060758,0.002));
#2838=CARTESIAN_POINT('',(-0.0410112537801266,-0.113278466060758,0.002));
#2839=CARTESIAN_POINT('',(-0.0480112537801266,-0.113278466060758,0.002));
#2840=CARTESIAN_POINT('',(0.0324547328054905,-0.0884815379977226,0.002));
#2841=CARTESIAN_POINT('',(0.0371047328054905,-0.0884815379977226,0.002));
#2842=CARTESIAN_POINT('',(-0.0865349695086477,0.0100428214430809,0.002));
#2843=CARTESIAN_POINT('',(-0.0865349695086477,0.0169428214430809,0.002));
#2844=CARTESIAN_POINT('',(-0.0865349695086477,0.0031428214430809,0.002));
#2845=CARTESIAN_POINT('',(-0.0806849695086477,0.0169428214430809,0.002));
#2846=CARTESIAN_POINT('',(-0.0748349695086477,0.0169428214430809,0.002));
#2847=CARTESIAN_POINT('',(-0.0748349695086477,0.0100428214430809,0.002));
#2848=CARTESIAN_POINT('',(-0.0748349695086477,0.0031428214430809,0.002));
#2849=CARTESIAN_POINT('',(-0.0806849695086477,0.0031428214430809,0.002));
#2850=CARTESIAN_POINT('',(-0.0170112537801266,-0.0406156163662672,0.002));
#2851=CARTESIAN_POINT('',(-0.0170112537801266,-0.0476156163662672,0.002));
#2852=CARTESIAN_POINT('',(-0.0170112537801266,-0.0336156163662672,0.002));
#2853=CARTESIAN_POINT('',(-0.0240112537801266,-0.0476156163662672,0.002));
#2854=CARTESIAN_POINT('',(-0.0310112537801266,-0.0476156163662672,0.002));
#2855=CARTESIAN_POINT('',(-0.0310112537801266,-0.0406156163662672,0.002));
#2856=CARTESIAN_POINT('',(-0.0310112537801266,-0.0336156163662672,0.002));
#2857=CARTESIAN_POINT('',(-0.0240112537801266,-0.0336156163662672,0.002));
#2858=CARTESIAN_POINT('',(0.0326624619483946,0.0169428214430809,0.002));
#2859=CARTESIAN_POINT('',(0.0385124619483946,0.0169428214430809,0.002));
#2860=CARTESIAN_POINT('',(0.0268124619483946,0.0169428214430809,0.002));
#2861=CARTESIAN_POINT('',(0.0385124619483946,0.0100428214430809,0.002));
#2862=CARTESIAN_POINT('',(0.0385124619483946,0.0031428214430809,0.002));
#2863=CARTESIAN_POINT('',(0.0326624619483946,0.0031428214430809,0.002));
#2864=CARTESIAN_POINT('',(0.0268124619483946,0.0031428214430809,0.002));
#2865=CARTESIAN_POINT('',(0.0268124619483946,0.0100428214430809,0.002));
#2866=CARTESIAN_POINT('',(-0.0550112537801266,-0.0406156163662672,0.002));
#2867=CARTESIAN_POINT('',(-0.0550112537801266,-0.0476156163662672,0.002));
#2868=CARTESIAN_POINT('',(-0.0550112537801266,-0.0336156163662672,0.002));
#2869=CARTESIAN_POINT('',(-0.0480112537801266,-0.0336156163662672,0.002));
#2870=CARTESIAN_POINT('',(-0.0410112537801266,-0.0336156163662672,0.002));
#2871=CARTESIAN_POINT('',(-0.0410112537801266,-0.0406156163662672,0.002));
#2872=CARTESIAN_POINT('',(-0.0410112537801266,-0.0476156163662672,0.002));
#2873=CARTESIAN_POINT('',(-0.0480112537801266,-0.0476156163662672,0.002));
#2874=CARTESIAN_POINT('',(-0.0790112537801266,-0.0406156163662672,0.002));
#2875=CARTESIAN_POINT('',(-0.0790112537801266,-0.0476156163662672,0.002));
#2876=CARTESIAN_POINT('',(-0.0790112537801266,-0.0336156163662672,0.002));
#2877=CARTESIAN_POINT('',(-0.0720112537801266,-0.0336156163662672,0.002));
#2878=CARTESIAN_POINT('',(-0.0650112537801266,-0.0336156163662672,0.002));
#2879=CARTESIAN_POINT('',(-0.0650112537801266,-0.0406156163662672,0.002));
#2880=CARTESIAN_POINT('',(-0.0650112537801266,-0.0476156163662672,0.002));
#2881=CARTESIAN_POINT('',(-0.0720112537801266,-0.0476156163662672,0.002));
#2882=CARTESIAN_POINT('',(0.00698874621987341,-0.106278466060758,0.002));
#2883=CARTESIAN_POINT('',(0.00698874621987341,-0.0992784660607576,0.002));
#2884=CARTESIAN_POINT('',(0.00698874621987341,-0.113278466060758,0.002));
#2885=CARTESIAN_POINT('',(-1.12537801265859E-5,-0.113278466060758,0.002));
#2886=CARTESIAN_POINT('',(-0.00701125378012659,-0.113278466060758,0.002));
#2887=CARTESIAN_POINT('',(-0.00701125378012659,-0.106278466060758,0.002));
#2888=CARTESIAN_POINT('',(-0.00701125378012659,-0.0992784660607576,0.002));
#2889=CARTESIAN_POINT('',(-1.12537801265859E-5,-0.0992784660607576,0.002));
#2890=CARTESIAN_POINT('',(0.0309887462198734,-0.106278466060758,0.002));
#2891=CARTESIAN_POINT('',(0.0309887462198734,-0.0992784660607576,0.002));
#2892=CARTESIAN_POINT('',(0.0309887462198734,-0.113278466060758,0.002));
#2893=CARTESIAN_POINT('',(0.0239887462198734,-0.113278466060758,0.002));
#2894=CARTESIAN_POINT('',(0.0169887462198734,-0.113278466060758,0.002));
#2895=CARTESIAN_POINT('',(0.0169887462198734,-0.106278466060758,0.002));
#2896=CARTESIAN_POINT('',(0.0169887462198734,-0.0992784660607576,0.002));
#2897=CARTESIAN_POINT('',(0.0239887462198734,-0.0992784660607576,0.002));
#2898=CARTESIAN_POINT('',(-0.0170112537801266,-0.106278466060758,0.002));
#2899=CARTESIAN_POINT('',(-0.0170112537801266,-0.0992784660607576,0.002));
#2900=CARTESIAN_POINT('',(-0.0170112537801266,-0.113278466060758,0.002));
#2901=CARTESIAN_POINT('',(-0.0240112537801266,-0.113278466060758,0.002));
#2902=CARTESIAN_POINT('',(-0.0310112537801266,-0.113278466060758,0.002));
#2903=CARTESIAN_POINT('',(-0.0310112537801266,-0.106278466060758,0.002));
#2904=CARTESIAN_POINT('',(-0.0310112537801266,-0.0992784660607576,0.002));
#2905=CARTESIAN_POINT('',(-0.0240112537801266,-0.0992784660607576,0.002));
#2906=CARTESIAN_POINT('',(0.0239887462198734,-0.026094814369841,0.002));
#2907=CARTESIAN_POINT('',(0.0266887462198734,-0.026094814369841,0.002));
#2908=CARTESIAN_POINT('',(0.0212887462198734,-0.026094814369841,0.002));
#2909=CARTESIAN_POINT('',(0.0266887462198734,-0.027094814369841,0.002));
#2910=CARTESIAN_POINT('',(0.0266887462198734,-0.028094814369841,0.002));
#2911=CARTESIAN_POINT('',(0.0239887462198734,-0.028094814369841,0.002));
#2912=CARTESIAN_POINT('',(0.0212887462198734,-0.028094814369841,0.002));
#2913=CARTESIAN_POINT('',(0.0212887462198734,-0.027094814369841,0.002));
#2914=CARTESIAN_POINT('',(-0.0790112537801266,-0.106278466060758,0.002));
#2915=CARTESIAN_POINT('',(-0.0790112537801266,-0.0992784660607576,0.002));
#2916=CARTESIAN_POINT('',(-0.0790112537801266,-0.113278466060758,0.002));
#2917=CARTESIAN_POINT('',(-0.0720112537801266,-0.0992784660607576,0.002));
#2918=CARTESIAN_POINT('',(-0.0650112537801266,-0.0992784660607576,0.002));
#2919=CARTESIAN_POINT('',(-0.0650112537801266,-0.106278466060758,0.002));
#2920=CARTESIAN_POINT('',(-0.0650112537801266,-0.113278466060758,0.002));
#2921=CARTESIAN_POINT('',(-0.0720112537801266,-0.113278466060758,0.002));
#2922=CARTESIAN_POINT('',(0.0213696218928475,-0.0837718007399316,0.002));
#2923=CARTESIAN_POINT('',(0.0226254975658216,-0.0859470412135124,0.002));
#2924=CARTESIAN_POINT('',(0.0197387462198735,-0.0809470412135124,0.002));
#2925=CARTESIAN_POINT('',(0.0184887462198734,-0.0809470412135124,0.002));
#2926=CARTESIAN_POINT('',(0.0172387462198734,-0.0809470412135124,0.002));
#2927=CARTESIAN_POINT('',(0.0172387462198734,-0.0865594136492082,0.002));
#2928=CARTESIAN_POINT('',(0.0172387462198734,-0.0909470412135124,0.002));
#2929=CARTESIAN_POINT('',(-0.0240112537801266,-0.0909470412135124,0.002));
#2930=CARTESIAN_POINT('',(-0.0652612537801266,-0.0909470412135124,0.002));
#2931=CARTESIAN_POINT('',(-0.0652612537801266,-0.0865594136492082,0.002));
#2932=CARTESIAN_POINT('',(-0.0652612537801266,-0.0809470412135124,0.002));
#2933=CARTESIAN_POINT('',(-0.0665112537801266,-0.0809470412135124,0.002));
#2934=CARTESIAN_POINT('',(-0.0677612537801266,-0.0809470412135124,0.002));
#2935=CARTESIAN_POINT('',(-0.0693921294531007,-0.0837718007399316,0.002));
#2936=CARTESIAN_POINT('',(-0.0706480051260747,-0.0859470412135124,0.002));
#2937=CARTESIAN_POINT('',(-0.0706480051260747,-0.0734470412135124,0.002));
#2938=CARTESIAN_POINT('',(-0.0706480051260747,-0.0609470412135124,0.002));
#2939=CARTESIAN_POINT('',(-0.0693921294531007,-0.0631222816870933,0.002));
#2940=CARTESIAN_POINT('',(-0.0677612537801266,-0.0659470412135124,0.002));
#2941=CARTESIAN_POINT('',(-0.0665112537801266,-0.0659470412135124,0.002));
#2942=CARTESIAN_POINT('',(-0.0652612537801266,-0.0659470412135124,0.002));
#2943=CARTESIAN_POINT('',(-0.0652612537801266,-0.0603346687778166,0.002));
#2944=CARTESIAN_POINT('',(-0.0652612537801266,-0.0559470412135124,0.002));
#2945=CARTESIAN_POINT('',(-0.0240112537801266,-0.0559470412135124,0.002));
#2946=CARTESIAN_POINT('',(0.0172387462198734,-0.0559470412135124,0.002));
#2947=CARTESIAN_POINT('',(0.0172387462198734,-0.0603346687778166,0.002));
#2948=CARTESIAN_POINT('',(0.0172387462198734,-0.0659470412135124,0.002));
#2949=CARTESIAN_POINT('',(0.0184887462198734,-0.0659470412135124,0.002));
#2950=CARTESIAN_POINT('',(0.0197387462198735,-0.0659470412135124,0.002));
#2951=CARTESIAN_POINT('',(0.0213696218928475,-0.0631222816870933,0.002));
#2952=CARTESIAN_POINT('',(0.0226254975658216,-0.0609470412135124,0.002));
#2953=CARTESIAN_POINT('',(0.0226254975658216,-0.0734470412135124,0.002));
#2954=CARTESIAN_POINT('',(-0.0240112537801265,0.0380503432795675,0.002));
#2955=CARTESIAN_POINT('',(-0.0240112537801265,0.0380503432795675,0.));
#2956=CARTESIAN_POINT('',(-0.0906612537801266,0.0380503432795675,0.));
#2957=CARTESIAN_POINT('',(0.0426387462198735,0.0380503432795675,0.));
#2958=CARTESIAN_POINT('',(-0.0906612537801266,0.0380503432795675,0.002002));
#2959=CARTESIAN_POINT('',(0.0426387462198735,0.0380503432795675,0.002002));
#2960=CARTESIAN_POINT('',(-0.0576612537801266,0.0269881654530763,0.002));
#2961=CARTESIAN_POINT('',(-0.0576612537801266,0.0269881654530763,0.));
#2962=CARTESIAN_POINT('',(-0.0591612537801266,0.0269881654530763,0.));
#2963=CARTESIAN_POINT('',(-0.0561612537801266,0.0269881654530763,0.));
#2964=CARTESIAN_POINT('',(-0.0561612537801266,0.0269881654530763,0.002));
#2965=CARTESIAN_POINT('',(-0.0591612537801266,0.0269881654530763,0.002));
#2966=CARTESIAN_POINT('',(-0.0576612537801266,0.0269881654530763,0.005));
#2967=CARTESIAN_POINT('',(-0.0561612537801266,0.0269881654530763,0.005));
#2968=CARTESIAN_POINT('',(-0.0543056027951376,0.0302022472401925,0.002));
#2969=CARTESIAN_POINT('',(-0.0543056027951376,0.0302022472401925,0.));
#2970=CARTESIAN_POINT('',(-0.0526612537801266,0.0330503432795674,0.));
#2971=CARTESIAN_POINT('',(-0.0526612537801266,0.0330503432795674,0.002));
#2972=CARTESIAN_POINT('',(-0.0240112537801265,0.0330503432795674,0.002));
#2973=CARTESIAN_POINT('',(-0.0240112537801265,0.0330503432795674,0.));
#2974=CARTESIAN_POINT('',(0.00463874621987343,0.0330503432795674,0.));
#2975=CARTESIAN_POINT('',(0.00463874621987343,0.0330503432795674,0.002));
#2976=CARTESIAN_POINT('',(0.00628309523488447,0.0302022472401925,0.002));
#2977=CARTESIAN_POINT('',(0.00628309523488447,0.0302022472401925,0.));
#2978=CARTESIAN_POINT('',(0.00813874621987343,0.0269881654530763,0.));
#2979=CARTESIAN_POINT('',(0.00813874621987343,0.0269881654530763,0.002));
#2980=CARTESIAN_POINT('',(0.00963874621987343,0.0269881654530763,0.002));
#2981=CARTESIAN_POINT('',(0.00963874621987343,0.0269881654530763,0.));
#2982=CARTESIAN_POINT('',(0.0111387462198734,0.0269881654530763,0.));
#2983=CARTESIAN_POINT('',(0.0111387462198734,0.0269881654530763,0.002));
#2984=CARTESIAN_POINT('',(0.00963874621987343,0.0269881654530763,0.005));
#2985=CARTESIAN_POINT('',(0.0111387462198734,0.0269881654530763,0.005));
#2986=CARTESIAN_POINT('',(0.0129943972048624,0.0302022472401925,0.002));
#2987=CARTESIAN_POINT('',(0.0129943972048624,0.0302022472401925,0.));
#2988=CARTESIAN_POINT('',(0.0146387462198734,0.0330503432795674,0.));
#2989=CARTESIAN_POINT('',(0.0146387462198734,0.0330503432795674,0.002));
#2990=CARTESIAN_POINT('',(0.0161387462198734,0.0330503432795674,0.002));
#2991=CARTESIAN_POINT('',(0.0161387462198734,0.0330503432795674,0.));
#2992=CARTESIAN_POINT('',(0.0176387462198734,0.0330503432795674,0.));
#2993=CARTESIAN_POINT('',(0.0176387462198734,0.0330503432795674,0.002));
#2994=CARTESIAN_POINT('',(0.0176387462198734,0.0300192543663219,0.002));
#2995=CARTESIAN_POINT('',(0.0176387462198734,0.0300192543663219,0.));
#2996=CARTESIAN_POINT('',(0.0176387462198734,-0.0155740123734147,0.));
#2997=CARTESIAN_POINT('',(0.0176387462198734,-0.0155740123734147,0.002));
#2998=CARTESIAN_POINT('',(0.0161387462198734,-0.0155740123734147,0.002));
#2999=CARTESIAN_POINT('',(0.0161387462198734,-0.0155740123734147,0.));
#3000=CARTESIAN_POINT('',(0.0146387462198734,-0.0155740123734147,0.));
#3001=CARTESIAN_POINT('',(0.0146387462198734,-0.0155740123734147,0.002));
#3002=CARTESIAN_POINT('',(0.0129943972048624,-0.0127259163340398,0.002));
#3003=CARTESIAN_POINT('',(0.0129943972048624,-0.0127259163340398,0.));
#3004=CARTESIAN_POINT('',(0.0111387462198734,-0.00951183454692364,0.));
#3005=CARTESIAN_POINT('',(0.0111387462198734,-0.00951183454692364,0.002));
#3006=CARTESIAN_POINT('',(0.00963874621987343,-0.00951183454692364,0.002));
#3007=CARTESIAN_POINT('',(0.00963874621987343,-0.00951183454692364,0.));
#3008=CARTESIAN_POINT('',(0.00813874621987343,-0.00951183454692364,0.));
#3009=CARTESIAN_POINT('',(0.00813874621987343,-0.00951183454692364,0.002));
#3010=CARTESIAN_POINT('',(0.00963874621987343,-0.00951183454692364,0.005));
#3011=CARTESIAN_POINT('',(0.0111387462198734,-0.00951183454692364,0.005));
#3012=CARTESIAN_POINT('',(0.00628309523488447,-0.0127259163340398,0.002));
#3013=CARTESIAN_POINT('',(0.00628309523488447,-0.0127259163340398,0.));
#3014=CARTESIAN_POINT('',(0.00463874621987343,-0.0155740123734147,0.));
#3015=CARTESIAN_POINT('',(0.00463874621987343,-0.0155740123734147,0.002));
#3016=CARTESIAN_POINT('',(-0.0240112537801265,-0.0155740123734147,0.002));
#3017=CARTESIAN_POINT('',(-0.0240112537801265,-0.0155740123734147,0.));
#3018=CARTESIAN_POINT('',(-0.0526612537801266,-0.0155740123734147,0.));
#3019=CARTESIAN_POINT('',(-0.0526612537801266,-0.0155740123734147,0.002));
#3020=CARTESIAN_POINT('',(-0.0543056027951376,-0.0127259163340398,0.002));
#3021=CARTESIAN_POINT('',(-0.0543056027951376,-0.0127259163340398,0.));
#3022=CARTESIAN_POINT('',(-0.0561612537801266,-0.00951183454692364,0.));
#3023=CARTESIAN_POINT('',(-0.0561612537801266,-0.00951183454692364,0.002));
#3024=CARTESIAN_POINT('',(-0.0576612537801266,-0.00951183454692364,0.002));
#3025=CARTESIAN_POINT('',(-0.0576612537801266,-0.00951183454692364,0.));
#3026=CARTESIAN_POINT('',(-0.0591612537801266,-0.00951183454692364,0.));
#3027=CARTESIAN_POINT('',(-0.0591612537801266,-0.00951183454692364,0.002));
#3028=CARTESIAN_POINT('',(-0.0576612537801266,-0.00951183454692364,0.005));
#3029=CARTESIAN_POINT('',(-0.0561612537801266,-0.00951183454692364,0.005));
#3030=CARTESIAN_POINT('',(-0.0610169047651155,-0.0127259163340398,0.002));
#3031=CARTESIAN_POINT('',(-0.0610169047651155,-0.0127259163340398,0.));
#3032=CARTESIAN_POINT('',(-0.0626612537801266,-0.0155740123734147,0.));
#3033=CARTESIAN_POINT('',(-0.0626612537801266,-0.0155740123734147,0.002));
#3034=CARTESIAN_POINT('',(-0.0641612537801266,-0.0155740123734147,0.002));
#3035=CARTESIAN_POINT('',(-0.0641612537801266,-0.0155740123734147,0.));
#3036=CARTESIAN_POINT('',(-0.0656612537801266,-0.0155740123734147,0.));
#3037=CARTESIAN_POINT('',(-0.0656612537801266,-0.0155740123734147,0.002));
#3038=CARTESIAN_POINT('',(-0.0656612537801266,0.0300192543663219,0.002));
#3039=CARTESIAN_POINT('',(-0.0656612537801266,0.0300192543663219,0.));
#3040=CARTESIAN_POINT('',(-0.0656612537801266,0.0330503432795674,0.));
#3041=CARTESIAN_POINT('',(-0.0656612537801266,0.0330503432795674,0.002));
#3042=CARTESIAN_POINT('',(-0.0641612537801266,0.0330503432795674,0.002));
#3043=CARTESIAN_POINT('',(-0.0641612537801266,0.0330503432795674,0.));
#3044=CARTESIAN_POINT('',(-0.0626612537801266,0.0330503432795674,0.));
#3045=CARTESIAN_POINT('',(-0.0626612537801266,0.0330503432795674,0.002));
#3046=CARTESIAN_POINT('',(-0.0610169047651155,0.0302022472401925,0.002));
#3047=CARTESIAN_POINT('',(-0.0610169047651155,0.0302022472401925,0.));
#3048=CARTESIAN_POINT('',(-0.0272558004294341,0.00873816545307634,0.));
#3049=CARTESIAN_POINT('',(-0.0906612537801266,0.00873816545307635,0.));
#3050=CARTESIAN_POINT('',(-0.0906612537801266,-0.118278466060758,0.));
#3051=CARTESIAN_POINT('',(0.0426387462198735,0.00873816545307635,0.));
#3052=CARTESIAN_POINT('',(0.0426387462198735,-0.118278466060758,0.));
#3053=CARTESIAN_POINT('',(-0.0181862537801266,-0.118278466060758,0.));
#3054=CARTESIAN_POINT('',(-0.0806849695086477,0.0169428214430809,0.));
#3055=CARTESIAN_POINT('',(-0.0865349695086477,0.0169428214430809,0.));
#3056=CARTESIAN_POINT('',(-0.0748349695086477,0.0169428214430809,0.));
#3057=CARTESIAN_POINT('',(-0.0865349695086477,0.0100428214430809,0.));
#3058=CARTESIAN_POINT('',(-0.0865349695086477,0.0031428214430809,0.));
#3059=CARTESIAN_POINT('',(-0.0806849695086477,0.0031428214430809,0.));
#3060=CARTESIAN_POINT('',(-0.0748349695086477,0.0031428214430809,0.));
#3061=CARTESIAN_POINT('',(-0.0748349695086477,0.0100428214430809,0.));
#3062=CARTESIAN_POINT('',(0.0385124619483946,0.0100428214430809,0.));
#3063=CARTESIAN_POINT('',(0.0385124619483946,0.0169428214430809,0.));
#3064=CARTESIAN_POINT('',(0.0385124619483946,0.0031428214430809,0.));
#3065=CARTESIAN_POINT('',(0.0326624619483946,0.0169428214430809,0.));
#3066=CARTESIAN_POINT('',(0.0268124619483946,0.0169428214430809,0.));
#3067=CARTESIAN_POINT('',(0.0268124619483946,0.0100428214430809,0.));
#3068=CARTESIAN_POINT('',(0.0268124619483946,0.0031428214430809,0.));
#3069=CARTESIAN_POINT('',(0.0326624619483946,0.0031428214430809,0.));
#3070=CARTESIAN_POINT('',(-0.0480112537801266,-0.0336156163662672,0.));
#3071=CARTESIAN_POINT('',(-0.0550112537801266,-0.0336156163662672,0.));
#3072=CARTESIAN_POINT('',(-0.0410112537801266,-0.0336156163662672,0.));
#3073=CARTESIAN_POINT('',(-0.0550112537801266,-0.0406156163662672,0.));
#3074=CARTESIAN_POINT('',(-0.0550112537801266,-0.0476156163662672,0.));
#3075=CARTESIAN_POINT('',(-0.0480112537801266,-0.0476156163662672,0.));
#3076=CARTESIAN_POINT('',(-0.0410112537801266,-0.0476156163662672,0.));
#3077=CARTESIAN_POINT('',(-0.0410112537801266,-0.0406156163662672,0.));
#3078=CARTESIAN_POINT('',(-0.0720112537801266,-0.0336156163662672,0.));
#3079=CARTESIAN_POINT('',(-0.0790112537801266,-0.0336156163662672,0.));
#3080=CARTESIAN_POINT('',(-0.0650112537801266,-0.0336156163662672,0.));
#3081=CARTESIAN_POINT('',(-0.0790112537801266,-0.0406156163662672,0.));
#3082=CARTESIAN_POINT('',(-0.0790112537801266,-0.0476156163662672,0.));
#3083=CARTESIAN_POINT('',(-0.0720112537801266,-0.0476156163662672,0.));
#3084=CARTESIAN_POINT('',(-0.0650112537801266,-0.0476156163662672,0.));
#3085=CARTESIAN_POINT('',(-0.0650112537801266,-0.0406156163662672,0.));
#3086=CARTESIAN_POINT('',(-1.12537801265859E-5,-0.113278466060758,0.));
#3087=CARTESIAN_POINT('',(0.00698874621987341,-0.113278466060758,0.));
#3088=CARTESIAN_POINT('',(-0.00701125378012659,-0.113278466060758,0.));
#3089=CARTESIAN_POINT('',(0.00698874621987341,-0.106278466060758,0.));
#3090=CARTESIAN_POINT('',(0.00698874621987341,-0.0992784660607576,0.));
#3091=CARTESIAN_POINT('',(-1.12537801265859E-5,-0.0992784660607576,0.));
#3092=CARTESIAN_POINT('',(-0.00701125378012659,-0.0992784660607576,0.));
#3093=CARTESIAN_POINT('',(-0.00701125378012659,-0.106278466060758,0.));
#3094=CARTESIAN_POINT('',(0.0239887462198734,-0.113278466060758,0.));
#3095=CARTESIAN_POINT('',(0.0309887462198734,-0.113278466060758,0.));
#3096=CARTESIAN_POINT('',(0.0169887462198734,-0.113278466060758,0.));
#3097=CARTESIAN_POINT('',(0.0309887462198734,-0.106278466060758,0.));
#3098=CARTESIAN_POINT('',(0.0309887462198734,-0.0992784660607576,0.));
#3099=CARTESIAN_POINT('',(0.0239887462198734,-0.0992784660607576,0.));
#3100=CARTESIAN_POINT('',(0.0169887462198734,-0.0992784660607576,0.));
#3101=CARTESIAN_POINT('',(0.0169887462198734,-0.106278466060758,0.));
#3102=CARTESIAN_POINT('',(-0.0240112537801266,-0.113278466060758,0.));
#3103=CARTESIAN_POINT('',(-0.0170112537801266,-0.113278466060758,0.));
#3104=CARTESIAN_POINT('',(-0.0310112537801266,-0.113278466060758,0.));
#3105=CARTESIAN_POINT('',(-0.0170112537801266,-0.106278466060758,0.));
#3106=CARTESIAN_POINT('',(-0.0170112537801266,-0.0992784660607576,0.));
#3107=CARTESIAN_POINT('',(-0.0240112537801266,-0.0992784660607576,0.));
#3108=CARTESIAN_POINT('',(-0.0310112537801266,-0.0992784660607576,0.));
#3109=CARTESIAN_POINT('',(-0.0310112537801266,-0.106278466060758,0.));
#3110=CARTESIAN_POINT('',(0.0266887462198734,-0.027094814369841,0.));
#3111=CARTESIAN_POINT('',(0.0266887462198734,-0.026094814369841,0.));
#3112=CARTESIAN_POINT('',(0.0266887462198734,-0.028094814369841,0.));
#3113=CARTESIAN_POINT('',(0.0239887462198734,-0.026094814369841,0.));
#3114=CARTESIAN_POINT('',(0.0212887462198734,-0.026094814369841,0.));
#3115=CARTESIAN_POINT('',(0.0212887462198734,-0.027094814369841,0.));
#3116=CARTESIAN_POINT('',(0.0212887462198734,-0.028094814369841,0.));
#3117=CARTESIAN_POINT('',(0.0239887462198734,-0.028094814369841,0.));
#3118=CARTESIAN_POINT('',(-0.0693921294531007,-0.0837718007399316,0.));
#3119=CARTESIAN_POINT('',(-0.0677612537801266,-0.0809470412135124,0.));
#3120=CARTESIAN_POINT('',(-0.0706480051260747,-0.0859470412135124,0.));
#3121=CARTESIAN_POINT('',(-0.0665112537801266,-0.0809470412135124,0.));
#3122=CARTESIAN_POINT('',(-0.0652612537801266,-0.0809470412135124,0.));
#3123=CARTESIAN_POINT('',(-0.0652612537801266,-0.0865594136492082,0.));
#3124=CARTESIAN_POINT('',(-0.0652612537801266,-0.0909470412135124,0.));
#3125=CARTESIAN_POINT('',(-0.0240112537801266,-0.0909470412135124,0.));
#3126=CARTESIAN_POINT('',(0.0172387462198734,-0.0909470412135124,0.));
#3127=CARTESIAN_POINT('',(0.0172387462198734,-0.0865594136492082,0.));
#3128=CARTESIAN_POINT('',(0.0172387462198734,-0.0809470412135124,0.));
#3129=CARTESIAN_POINT('',(0.0184887462198734,-0.0809470412135124,0.));
#3130=CARTESIAN_POINT('',(0.0197387462198735,-0.0809470412135124,0.));
#3131=CARTESIAN_POINT('',(0.0213696218928475,-0.0837718007399316,0.));
#3132=CARTESIAN_POINT('',(0.0226254975658216,-0.0859470412135124,0.));
#3133=CARTESIAN_POINT('',(0.0226254975658216,-0.0734470412135124,0.));
#3134=CARTESIAN_POINT('',(0.0226254975658216,-0.0609470412135124,0.));
#3135=CARTESIAN_POINT('',(0.0213696218928475,-0.0631222816870933,0.));
#3136=CARTESIAN_POINT('',(0.0197387462198735,-0.0659470412135124,0.));
#3137=CARTESIAN_POINT('',(0.0184887462198734,-0.0659470412135124,0.));
#3138=CARTESIAN_POINT('',(0.0172387462198734,-0.0659470412135124,0.));
#3139=CARTESIAN_POINT('',(0.0172387462198734,-0.0603346687778166,0.));
#3140=CARTESIAN_POINT('',(0.0172387462198734,-0.0559470412135124,0.));
#3141=CARTESIAN_POINT('',(-0.0240112537801266,-0.0559470412135124,0.));
#3142=CARTESIAN_POINT('',(-0.0652612537801266,-0.0559470412135124,0.));
#3143=CARTESIAN_POINT('',(-0.0652612537801266,-0.0603346687778166,0.));
#3144=CARTESIAN_POINT('',(-0.0652612537801266,-0.0659470412135124,0.));
#3145=CARTESIAN_POINT('',(-0.0665112537801266,-0.0659470412135124,0.));
#3146=CARTESIAN_POINT('',(-0.0677612537801266,-0.0659470412135124,0.));
#3147=CARTESIAN_POINT('',(-0.0693921294531007,-0.0631222816870933,0.));
#3148=CARTESIAN_POINT('',(-0.0706480051260747,-0.0609470412135124,0.));
#3149=CARTESIAN_POINT('',(-0.0706480051260747,-0.0734470412135124,0.));
#3150=CARTESIAN_POINT('',(0.0324547328054905,-0.0884815379977226,0.));
#3151=CARTESIAN_POINT('',(0.0278047328054905,-0.0884815379977226,0.));
#3152=CARTESIAN_POINT('',(-0.0480112537801266,-0.0992784660607576,0.));
#3153=CARTESIAN_POINT('',(-0.0550112537801266,-0.0992784660607576,0.));
#3154=CARTESIAN_POINT('',(-0.0410112537801266,-0.0992784660607576,0.));
#3155=CARTESIAN_POINT('',(-0.0550112537801266,-0.106278466060758,0.));
#3156=CARTESIAN_POINT('',(-0.0550112537801266,-0.113278466060758,0.));
#3157=CARTESIAN_POINT('',(-0.0480112537801266,-0.113278466060758,0.));
#3158=CARTESIAN_POINT('',(-0.0410112537801266,-0.113278466060758,0.));
#3159=CARTESIAN_POINT('',(-0.0410112537801266,-0.106278466060758,0.));
#3160=CARTESIAN_POINT('',(-0.0790112537801266,-0.106278466060758,0.));
#3161=CARTESIAN_POINT('',(-0.0790112537801266,-0.0992784660607576,0.));
#3162=CARTESIAN_POINT('',(-0.0790112537801266,-0.113278466060758,0.));
#3163=CARTESIAN_POINT('',(-0.0720112537801266,-0.113278466060758,0.));
#3164=CARTESIAN_POINT('',(-0.0650112537801266,-0.113278466060758,0.));
#3165=CARTESIAN_POINT('',(-0.0650112537801266,-0.106278466060758,0.));
#3166=CARTESIAN_POINT('',(-0.0650112537801266,-0.0992784660607576,0.));
#3167=CARTESIAN_POINT('',(-0.0720112537801266,-0.0992784660607576,0.));
#3168=CARTESIAN_POINT('',(0.0239887462198734,-0.0476156163662672,0.));
#3169=CARTESIAN_POINT('',(0.0309887462198734,-0.0476156163662672,0.));
#3170=CARTESIAN_POINT('',(0.0169887462198734,-0.0476156163662672,0.));
#3171=CARTESIAN_POINT('',(0.0309887462198734,-0.0406156163662672,0.));
#3172=CARTESIAN_POINT('',(0.0309887462198734,-0.0336156163662672,0.));
#3173=CARTESIAN_POINT('',(0.0239887462198734,-0.0336156163662672,0.));
#3174=CARTESIAN_POINT('',(0.0169887462198734,-0.0336156163662672,0.));
#3175=CARTESIAN_POINT('',(0.0169887462198734,-0.0406156163662672,0.));
#3176=CARTESIAN_POINT('',(-1.12537801265859E-5,-0.0476156163662672,0.));
#3177=CARTESIAN_POINT('',(0.00698874621987341,-0.0476156163662672,0.));
#3178=CARTESIAN_POINT('',(-0.00701125378012658,-0.0476156163662672,0.));
#3179=CARTESIAN_POINT('',(0.00698874621987341,-0.0406156163662672,0.));
#3180=CARTESIAN_POINT('',(0.00698874621987341,-0.0336156163662672,0.));
#3181=CARTESIAN_POINT('',(-1.12537801265859E-5,-0.0336156163662672,0.));
#3182=CARTESIAN_POINT('',(-0.00701125378012659,-0.0336156163662672,0.));
#3183=CARTESIAN_POINT('',(-0.00701125378012659,-0.0406156163662672,0.));
#3184=CARTESIAN_POINT('',(-0.0240112537801266,-0.0476156163662672,0.));
#3185=CARTESIAN_POINT('',(-0.0170112537801266,-0.0476156163662672,0.));
#3186=CARTESIAN_POINT('',(-0.0310112537801266,-0.0476156163662672,0.));
#3187=CARTESIAN_POINT('',(-0.0170112537801266,-0.0406156163662672,0.));
#3188=CARTESIAN_POINT('',(-0.0170112537801266,-0.0336156163662672,0.));
#3189=CARTESIAN_POINT('',(-0.0240112537801266,-0.0336156163662672,0.));
#3190=CARTESIAN_POINT('',(-0.0310112537801266,-0.0336156163662672,0.));
#3191=CARTESIAN_POINT('',(-0.0310112537801266,-0.0406156163662672,0.));
#3192=CARTESIAN_POINT('',(-0.0240112537801266,0.00873816545307634,0.005));
#3193=CARTESIAN_POINT('',(-0.0240112537801266,0.00873816545307634,0.005));
#3194=CARTESIAN_POINT('',(-0.0240112537801266,0.00873816545307634,0.005));
#3195=CARTESIAN_POINT('',(-0.0240112537801266,0.00873816545307634,0.005));
#3196=CARTESIAN_POINT('',(-0.0240112537801266,-0.0476156163662672,0.002002));
#3197=CARTESIAN_POINT('',(-0.0170112537801266,-0.0476156163662672,0.002002));
#3198=CARTESIAN_POINT('',(-0.0310112537801266,-0.0476156163662672,0.002002));
#3199=CARTESIAN_POINT('',(-0.0170112537801266,-0.0406156163662672,0.002002));
#3200=CARTESIAN_POINT('',(-0.0170112537801266,-0.0336156163662672,0.002002));
#3201=CARTESIAN_POINT('',(-0.0240112537801266,-0.0336156163662672,0.002002));
#3202=CARTESIAN_POINT('',(-0.0310112537801266,-0.0336156163662672,0.002002));
#3203=CARTESIAN_POINT('',(-1.12537801265859E-5,-0.0476156163662672,0.002002));
#3204=CARTESIAN_POINT('',(0.00698874621987341,-0.0476156163662672,0.002002));
#3205=CARTESIAN_POINT('',(-0.00701125378012658,-0.0476156163662672,0.002002));
#3206=CARTESIAN_POINT('',(0.00698874621987341,-0.0406156163662672,0.002002));
#3207=CARTESIAN_POINT('',(0.00698874621987341,-0.0336156163662672,0.002002));
#3208=CARTESIAN_POINT('',(-1.12537801265859E-5,-0.0336156163662672,0.002002));
#3209=CARTESIAN_POINT('',(-0.00701125378012659,-0.0336156163662672,0.002002));
#3210=CARTESIAN_POINT('',(0.0239887462198734,-0.0476156163662672,0.002002));
#3211=CARTESIAN_POINT('',(0.0309887462198734,-0.0476156163662672,0.002002));
#3212=CARTESIAN_POINT('',(0.0169887462198734,-0.0476156163662672,0.002002));
#3213=CARTESIAN_POINT('',(0.0309887462198734,-0.0406156163662672,0.002002));
#3214=CARTESIAN_POINT('',(0.0309887462198734,-0.0336156163662672,0.002002));
#3215=CARTESIAN_POINT('',(0.0239887462198734,-0.0336156163662672,0.002002));
#3216=CARTESIAN_POINT('',(0.0169887462198734,-0.0336156163662672,0.002002));
#3217=CARTESIAN_POINT('',(-0.0790112537801266,-0.106278466060758,0.002002));
#3218=CARTESIAN_POINT('',(-0.0790112537801266,-0.0992784660607576,0.002002));
#3219=CARTESIAN_POINT('',(-0.0790112537801266,-0.113278466060758,0.002002));
#3220=CARTESIAN_POINT('',(-0.0720112537801266,-0.113278466060758,0.002002));
#3221=CARTESIAN_POINT('',(-0.0650112537801266,-0.113278466060758,0.002002));
#3222=CARTESIAN_POINT('',(-0.0650112537801266,-0.106278466060758,0.002002));
#3223=CARTESIAN_POINT('',(-0.0650112537801266,-0.0992784660607576,0.002002));
#3224=CARTESIAN_POINT('',(-0.0480112537801266,-0.0992784660607576,0.002002));
#3225=CARTESIAN_POINT('',(-0.0550112537801266,-0.0992784660607576,0.002002));
#3226=CARTESIAN_POINT('',(-0.0410112537801266,-0.0992784660607576,0.002002));
#3227=CARTESIAN_POINT('',(-0.0550112537801266,-0.106278466060758,0.002002));
#3228=CARTESIAN_POINT('',(-0.0550112537801266,-0.113278466060758,0.002002));
#3229=CARTESIAN_POINT('',(-0.0480112537801266,-0.113278466060758,0.002002));
#3230=CARTESIAN_POINT('',(-0.0410112537801266,-0.113278466060758,0.002002));
#3231=CARTESIAN_POINT('',(-0.0693921294531007,-0.0837718007399316,0.002002));
#3232=CARTESIAN_POINT('',(-0.0677612537801266,-0.0809470412135124,0.002002));
#3233=CARTESIAN_POINT('',(-0.0706480051260747,-0.0859470412135124,0.002002));
#3234=CARTESIAN_POINT('',(-0.0665112537801266,-0.0809470412135124,0.002002));
#3235=CARTESIAN_POINT('',(-0.0652612537801266,-0.0809470412135124,0.002002));
#3236=CARTESIAN_POINT('',(-0.0665112537801266,-0.0809470412135124,0.005));
#3237=CARTESIAN_POINT('',(-0.0652612537801266,-0.0809470412135124,0.005));
#3238=CARTESIAN_POINT('',(-0.0652612537801266,-0.0865594136492082,0.002002));
#3239=CARTESIAN_POINT('',(-0.0652612537801266,-0.0909470412135124,0.002002));
#3240=CARTESIAN_POINT('',(-0.0240112537801266,-0.0909470412135124,0.002002));
#3241=CARTESIAN_POINT('',(0.0172387462198734,-0.0909470412135124,0.002002));
#3242=CARTESIAN_POINT('',(0.0172387462198734,-0.0865594136492082,0.002002));
#3243=CARTESIAN_POINT('',(0.0172387462198734,-0.0809470412135124,0.002002));
#3244=CARTESIAN_POINT('',(0.0184887462198734,-0.0809470412135124,0.002002));
#3245=CARTESIAN_POINT('',(0.0197387462198735,-0.0809470412135124,0.002002));
#3246=CARTESIAN_POINT('',(0.0184887462198734,-0.0809470412135124,0.005));
#3247=CARTESIAN_POINT('',(0.0197387462198735,-0.0809470412135124,0.005));
#3248=CARTESIAN_POINT('',(0.0213696218928475,-0.0837718007399316,0.002002));
#3249=CARTESIAN_POINT('',(0.0226254975658216,-0.0859470412135124,0.002002));
#3250=CARTESIAN_POINT('',(0.0226254975658216,-0.0734470412135124,0.002002));
#3251=CARTESIAN_POINT('',(0.0226254975658216,-0.0609470412135124,0.002002));
#3252=CARTESIAN_POINT('',(0.0213696218928475,-0.0631222816870933,0.002002));
#3253=CARTESIAN_POINT('',(0.0197387462198735,-0.0659470412135124,0.002002));
#3254=CARTESIAN_POINT('',(0.0184887462198734,-0.0659470412135124,0.002002));
#3255=CARTESIAN_POINT('',(0.0172387462198734,-0.0659470412135124,0.002002));
#3256=CARTESIAN_POINT('',(0.0184887462198734,-0.0659470412135124,0.005));
#3257=CARTESIAN_POINT('',(0.0197387462198735,-0.0659470412135124,0.005));
#3258=CARTESIAN_POINT('',(0.0172387462198734,-0.0603346687778166,0.002002));
#3259=CARTESIAN_POINT('',(0.0172387462198734,-0.0559470412135124,0.002002));
#3260=CARTESIAN_POINT('',(-0.0240112537801266,-0.0559470412135124,0.002002));
#3261=CARTESIAN_POINT('',(-0.0652612537801266,-0.0559470412135124,0.002002));
#3262=CARTESIAN_POINT('',(-0.0652612537801266,-0.0603346687778166,0.002002));
#3263=CARTESIAN_POINT('',(-0.0652612537801266,-0.0659470412135124,0.002002));
#3264=CARTESIAN_POINT('',(-0.0665112537801266,-0.0659470412135124,0.002002));
#3265=CARTESIAN_POINT('',(-0.0677612537801266,-0.0659470412135124,0.002002));
#3266=CARTESIAN_POINT('',(-0.0665112537801266,-0.0659470412135124,0.005));
#3267=CARTESIAN_POINT('',(-0.0652612537801266,-0.0659470412135124,0.005));
#3268=CARTESIAN_POINT('',(-0.0693921294531007,-0.0631222816870933,0.002002));
#3269=CARTESIAN_POINT('',(-0.0706480051260747,-0.0609470412135124,0.002002));
#3270=CARTESIAN_POINT('',(0.0266887462198734,-0.027094814369841,0.002002));
#3271=CARTESIAN_POINT('',(0.0266887462198734,-0.026094814369841,0.002002));
#3272=CARTESIAN_POINT('',(0.0266887462198734,-0.028094814369841,0.002002));
#3273=CARTESIAN_POINT('',(0.0239887462198734,-0.026094814369841,0.002002));
#3274=CARTESIAN_POINT('',(0.0212887462198734,-0.026094814369841,0.002002));
#3275=CARTESIAN_POINT('',(0.0212887462198734,-0.027094814369841,0.002002));
#3276=CARTESIAN_POINT('',(0.0212887462198734,-0.028094814369841,0.002002));
#3277=CARTESIAN_POINT('',(-0.0240112537801266,-0.113278466060758,0.002002));
#3278=CARTESIAN_POINT('',(-0.0170112537801266,-0.113278466060758,0.002002));
#3279=CARTESIAN_POINT('',(-0.0310112537801266,-0.113278466060758,0.002002));
#3280=CARTESIAN_POINT('',(-0.0170112537801266,-0.106278466060758,0.002002));
#3281=CARTESIAN_POINT('',(-0.0170112537801266,-0.0992784660607576,0.002002));
#3282=CARTESIAN_POINT('',(-0.0240112537801266,-0.0992784660607576,0.002002));
#3283=CARTESIAN_POINT('',(-0.0310112537801266,-0.0992784660607576,0.002002));
#3284=CARTESIAN_POINT('',(0.0239887462198734,-0.113278466060758,0.002002));
#3285=CARTESIAN_POINT('',(0.0309887462198734,-0.113278466060758,0.002002));
#3286=CARTESIAN_POINT('',(0.0169887462198734,-0.113278466060758,0.002002));
#3287=CARTESIAN_POINT('',(0.0309887462198734,-0.106278466060758,0.002002));
#3288=CARTESIAN_POINT('',(0.0309887462198734,-0.0992784660607576,0.002002));
#3289=CARTESIAN_POINT('',(0.0239887462198734,-0.0992784660607576,0.002002));
#3290=CARTESIAN_POINT('',(0.0169887462198734,-0.0992784660607576,0.002002));
#3291=CARTESIAN_POINT('',(-1.12537801265859E-5,-0.113278466060758,0.002002));
#3292=CARTESIAN_POINT('',(0.00698874621987341,-0.113278466060758,0.002002));
#3293=CARTESIAN_POINT('',(-0.00701125378012659,-0.113278466060758,0.002002));
#3294=CARTESIAN_POINT('',(0.00698874621987341,-0.106278466060758,0.002002));
#3295=CARTESIAN_POINT('',(0.00698874621987341,-0.0992784660607576,0.002002));
#3296=CARTESIAN_POINT('',(-1.12537801265859E-5,-0.0992784660607576,0.002002));
#3297=CARTESIAN_POINT('',(-0.00701125378012659,-0.0992784660607576,0.002002));
#3298=CARTESIAN_POINT('',(-0.0720112537801266,-0.0336156163662672,0.002002));
#3299=CARTESIAN_POINT('',(-0.0790112537801266,-0.0336156163662672,0.002002));
#3300=CARTESIAN_POINT('',(-0.0650112537801266,-0.0336156163662672,0.002002));
#3301=CARTESIAN_POINT('',(-0.0790112537801266,-0.0406156163662672,0.002002));
#3302=CARTESIAN_POINT('',(-0.0790112537801266,-0.0476156163662672,0.002002));
#3303=CARTESIAN_POINT('',(-0.0720112537801266,-0.0476156163662672,0.002002));
#3304=CARTESIAN_POINT('',(-0.0650112537801266,-0.0476156163662672,0.002002));
#3305=CARTESIAN_POINT('',(-0.0480112537801266,-0.0336156163662672,0.002002));
#3306=CARTESIAN_POINT('',(-0.0550112537801266,-0.0336156163662672,0.002002));
#3307=CARTESIAN_POINT('',(-0.0410112537801266,-0.0336156163662672,0.002002));
#3308=CARTESIAN_POINT('',(-0.0550112537801266,-0.0406156163662672,0.002002));
#3309=CARTESIAN_POINT('',(-0.0550112537801266,-0.0476156163662672,0.002002));
#3310=CARTESIAN_POINT('',(-0.0480112537801266,-0.0476156163662672,0.002002));
#3311=CARTESIAN_POINT('',(-0.0410112537801266,-0.0476156163662672,0.002002));
#3312=CARTESIAN_POINT('',(0.0385124619483946,0.0100428214430809,0.002002));
#3313=CARTESIAN_POINT('',(0.0385124619483946,0.0169428214430809,0.002002));
#3314=CARTESIAN_POINT('',(0.0385124619483946,0.0031428214430809,0.002002));
#3315=CARTESIAN_POINT('',(0.0326624619483946,0.0169428214430809,0.002002));
#3316=CARTESIAN_POINT('',(0.0268124619483946,0.0169428214430809,0.002002));
#3317=CARTESIAN_POINT('',(0.0268124619483946,0.0100428214430809,0.002002));
#3318=CARTESIAN_POINT('',(0.0268124619483946,0.0031428214430809,0.002002));
#3319=CARTESIAN_POINT('',(0.0426387462198735,0.00873816545307635,0.002002));
#3320=CARTESIAN_POINT('',(0.0426387462198735,-0.118278466060758,0.002002));
#3321=CARTESIAN_POINT('',(-0.0181862537801266,-0.118278466060758,0.002002));
#3322=CARTESIAN_POINT('',(-0.0906612537801266,-0.118278466060758,0.002002));
#3323=CARTESIAN_POINT('',(-0.0906612537801266,0.00873816545307635,0.002002));
#3324=CARTESIAN_POINT('',(-0.0806849695086477,0.0169428214430809,0.002002));
#3325=CARTESIAN_POINT('',(-0.0865349695086477,0.0169428214430809,0.002002));
#3326=CARTESIAN_POINT('',(-0.0748349695086477,0.0169428214430809,0.002002));
#3327=CARTESIAN_POINT('',(-0.0865349695086477,0.0100428214430809,0.002002));
#3328=CARTESIAN_POINT('',(-0.0865349695086477,0.0031428214430809,0.002002));
#3329=CARTESIAN_POINT('',(-0.0806849695086477,0.0031428214430809,0.002002));
#3330=CARTESIAN_POINT('',(-0.0748349695086477,0.0031428214430809,0.002002));
#3331=CARTESIAN_POINT('',(-0.00701125378012659,-0.0406156163662672,0.002002));
#3332=CARTESIAN_POINT('',(0.0169887462198734,-0.0406156163662672,0.002002));
#3333=CARTESIAN_POINT('',(-0.0720112537801266,-0.0992784660607576,0.002002));
#3334=CARTESIAN_POINT('',(-0.0410112537801266,-0.106278466060758,0.002002));
#3335=CARTESIAN_POINT('',(0.0324547328054905,-0.0884815379977226,0.002002));
#3336=CARTESIAN_POINT('',(-0.0706480051260747,-0.0734470412135124,0.002002));
#3337=CARTESIAN_POINT('',(0.0239887462198734,-0.028094814369841,0.002002));
#3338=CARTESIAN_POINT('',(-0.0310112537801266,-0.106278466060758,0.002002));
#3339=CARTESIAN_POINT('',(0.0169887462198734,-0.106278466060758,0.002002));
#3340=CARTESIAN_POINT('',(-0.00701125378012659,-0.106278466060758,0.002002));
#3341=CARTESIAN_POINT('',(-0.0650112537801266,-0.0406156163662672,0.002002));
#3342=CARTESIAN_POINT('',(-0.0410112537801266,-0.0406156163662672,0.002002));
#3343=CARTESIAN_POINT('',(0.0326624619483946,0.0031428214430809,0.002002));
#3344=CARTESIAN_POINT('',(-0.0748349695086477,0.0100428214430809,0.002002));
#3345=CARTESIAN_POINT('',(-0.0310112537801266,-0.0406156163662672,0.002002));
#3346=CARTESIAN_POINT('',(-0.0240112537801265,-0.0401140613905951,0.005));
#3347=CARTESIAN_POINT('',(-0.0240112537801265,-0.0401140613905951,0.005));
#3348=CARTESIAN_POINT('',(-0.0240112537801265,-0.0401140613905951,0.005));
#3349=CARTESIAN_POINT('',(-0.0240112537801265,-0.0401140613905951,0.005));
#3350=MECHANICAL_DESIGN_GEOMETRIC_PRESENTATION_REPRESENTATION('',(#2105),
#3351);
#3351=(
GEOMETRIC_REPRESENTATION_CONTEXT(3)
GLOBAL_UNCERTAINTY_ASSIGNED_CONTEXT((#3352))
GLOBAL_UNIT_ASSIGNED_CONTEXT((#3355,#3354,#3353))
REPRESENTATION_CONTEXT('Part 1','TOP_LEVEL_ASSEMBLY_PART')
);
#3352=UNCERTAINTY_MEASURE_WITH_UNIT(LENGTH_MEASURE(1.E-8),#3355,
'DISTANCE_ACCURACY_VALUE','Maximum Tolerance applied to model');
#3353=(
NAMED_UNIT(*)
SI_UNIT($,.STERADIAN.)
SOLID_ANGLE_UNIT()
);
#3354=(
NAMED_UNIT(*)
PLANE_ANGLE_UNIT()
SI_UNIT($,.RADIAN.)
);
#3355=(
LENGTH_UNIT()
NAMED_UNIT(*)
SI_UNIT($,.METRE.)
);
#3356=PRODUCT_DEFINITION_SHAPE('','',#3357);
#3357=PRODUCT_DEFINITION('','',#3359,#3358);
#3358=PRODUCT_DEFINITION_CONTEXT('',#3365,'design');
#3359=PRODUCT_DEFINITION_FORMATION_WITH_SPECIFIED_SOURCE('','',#3361,
 .NOT_KNOWN.);
#3360=PRODUCT_RELATED_PRODUCT_CATEGORY('','',(#3361));
#3361=PRODUCT('Part 1','Part 1','Part 1',(#3363));
#3362=PRODUCT_CATEGORY('','');
#3363=PRODUCT_CONTEXT('',#3365,'mechanical');
#3364=APPLICATION_PROTOCOL_DEFINITION('international standard',
'ap242_managed_model_based_3d_engineering',2020,#3365);
#3365=APPLICATION_CONTEXT('managed model based 3d engineering');
ENDSEC;
END-ISO-10303-21;
