ISO-10303-21;
HEADER;
/* Generated by software containing ST-Developer
 * from STEP Tools, Inc. (www.steptools.com) 
 */
/* OPTION: using custom renumber hook */

FILE_DESCRIPTION(
/* description */ ('STEP AP242 Edition 2',
'CAx-IF Rec.Pracs.---Representation and Presentation of Product Manufa
cturing Information (PMI)---4.0---2014-10-13',
'CAx-IF Rec.Pracs.---3D Tessellated Geometry---0.4---2014-09-14','2;1',
'CAx-IF Rec.Pracs.---User Defined Attributes---1.5---2016-08-15'),
/* implementation_level */ '2;1');

FILE_NAME(
/* name */ 'Part Studio 1 - Part 1',
/* time_stamp */ '2026-05-13T02:15:59Z',
/* author */ (''),
/* organization */ (''),
/* preprocessor_version */ 'ST-DEVELOPER v20',
/* originating_system */ 'ONSHAPE BY PTC INC, 1.214',
/* authorisation */ '  ');

FILE_SCHEMA (('AP242_MANAGED_MODEL_BASED_3D_ENGINEERING_MIM_LF { 1 0 10303 442 3 1 4 }'));
ENDSEC;

DATA;
#10=SHAPE_REPRESENTATION_RELATIONSHIP('','',#2467,#11);
#11=ADVANCED_BREP_SHAPE_REPRESENTATION('',(#2465),#3895);
#12=CYLINDRICAL_SURFACE('',#2490,0.0015);
#13=CYLINDRICAL_SURFACE('',#2495,0.0015);
#14=CYLINDRICAL_SURFACE('',#2502,0.0015);
#15=CYLINDRICAL_SURFACE('',#2507,0.0015);
#16=CYLINDRICAL_SURFACE('',#2534,0.00125);
#17=CYLINDRICAL_SURFACE('',#2539,0.00125);
#18=CYLINDRICAL_SURFACE('',#2544,0.00125);
#19=CYLINDRICAL_SURFACE('',#2549,0.00125);
#20=CYLINDRICAL_SURFACE('',#2575,0.00465);
#21=CIRCLE('',#2470,0.0015);
#22=CIRCLE('',#2471,0.0015);
#23=CIRCLE('',#2472,0.0015);
#24=CIRCLE('',#2473,0.0015);
#25=CIRCLE('',#2474,0.00465);
#26=CIRCLE('',#2475,0.00125);
#27=CIRCLE('',#2476,0.00125);
#28=CIRCLE('',#2477,0.00125);
#29=CIRCLE('',#2478,0.00125);
#30=CIRCLE('',#2480,0.0015);
#31=CIRCLE('',#2481,0.0015);
#32=CIRCLE('',#2482,0.0015);
#33=CIRCLE('',#2483,0.0015);
#34=CIRCLE('',#2484,0.00125);
#35=CIRCLE('',#2485,0.00125);
#36=CIRCLE('',#2486,0.00125);
#37=CIRCLE('',#2487,0.00125);
#38=CIRCLE('',#2488,0.00465);
#39=CIRCLE('',#2491,0.0015);
#40=CIRCLE('',#2496,0.0015);
#41=CIRCLE('',#2503,0.0015);
#42=CIRCLE('',#2508,0.0015);
#43=CIRCLE('',#2535,0.00125);
#44=CIRCLE('',#2540,0.00125);
#45=CIRCLE('',#2545,0.00125);
#46=CIRCLE('',#2550,0.00125);
#47=ORIENTED_EDGE('',*,*,#715,.F.);
#48=ORIENTED_EDGE('',*,*,#716,.T.);
#49=ORIENTED_EDGE('',*,*,#717,.T.);
#50=ORIENTED_EDGE('',*,*,#718,.F.);
#51=ORIENTED_EDGE('',*,*,#719,.F.);
#52=ORIENTED_EDGE('',*,*,#720,.T.);
#53=ORIENTED_EDGE('',*,*,#721,.F.);
#54=ORIENTED_EDGE('',*,*,#722,.F.);
#55=ORIENTED_EDGE('',*,*,#723,.F.);
#56=ORIENTED_EDGE('',*,*,#724,.F.);
#57=ORIENTED_EDGE('',*,*,#725,.F.);
#58=ORIENTED_EDGE('',*,*,#726,.T.);
#59=ORIENTED_EDGE('',*,*,#727,.T.);
#60=ORIENTED_EDGE('',*,*,#728,.F.);
#61=ORIENTED_EDGE('',*,*,#729,.F.);
#62=ORIENTED_EDGE('',*,*,#730,.T.);
#63=ORIENTED_EDGE('',*,*,#731,.T.);
#64=ORIENTED_EDGE('',*,*,#732,.T.);
#65=ORIENTED_EDGE('',*,*,#733,.T.);
#66=ORIENTED_EDGE('',*,*,#734,.F.);
#67=ORIENTED_EDGE('',*,*,#735,.F.);
#68=ORIENTED_EDGE('',*,*,#736,.T.);
#69=ORIENTED_EDGE('',*,*,#737,.F.);
#70=ORIENTED_EDGE('',*,*,#738,.F.);
#71=ORIENTED_EDGE('',*,*,#739,.F.);
#72=ORIENTED_EDGE('',*,*,#740,.T.);
#73=ORIENTED_EDGE('',*,*,#741,.T.);
#74=ORIENTED_EDGE('',*,*,#742,.F.);
#75=ORIENTED_EDGE('',*,*,#743,.F.);
#76=ORIENTED_EDGE('',*,*,#744,.T.);
#77=ORIENTED_EDGE('',*,*,#745,.T.);
#78=ORIENTED_EDGE('',*,*,#746,.F.);
#79=ORIENTED_EDGE('',*,*,#747,.F.);
#80=ORIENTED_EDGE('',*,*,#748,.T.);
#81=ORIENTED_EDGE('',*,*,#749,.T.);
#82=ORIENTED_EDGE('',*,*,#750,.F.);
#83=ORIENTED_EDGE('',*,*,#751,.T.);
#84=ORIENTED_EDGE('',*,*,#752,.F.);
#85=ORIENTED_EDGE('',*,*,#753,.T.);
#86=ORIENTED_EDGE('',*,*,#754,.T.);
#87=ORIENTED_EDGE('',*,*,#755,.F.);
#88=ORIENTED_EDGE('',*,*,#756,.T.);
#89=ORIENTED_EDGE('',*,*,#757,.T.);
#90=ORIENTED_EDGE('',*,*,#758,.F.);
#91=ORIENTED_EDGE('',*,*,#759,.F.);
#92=ORIENTED_EDGE('',*,*,#760,.T.);
#93=ORIENTED_EDGE('',*,*,#761,.T.);
#94=ORIENTED_EDGE('',*,*,#762,.F.);
#95=ORIENTED_EDGE('',*,*,#763,.F.);
#96=ORIENTED_EDGE('',*,*,#764,.T.);
#97=ORIENTED_EDGE('',*,*,#765,.T.);
#98=ORIENTED_EDGE('',*,*,#766,.F.);
#99=ORIENTED_EDGE('',*,*,#767,.F.);
#100=ORIENTED_EDGE('',*,*,#768,.T.);
#101=ORIENTED_EDGE('',*,*,#769,.T.);
#102=ORIENTED_EDGE('',*,*,#770,.F.);
#103=ORIENTED_EDGE('',*,*,#771,.F.);
#104=ORIENTED_EDGE('',*,*,#772,.T.);
#105=ORIENTED_EDGE('',*,*,#773,.T.);
#106=ORIENTED_EDGE('',*,*,#774,.F.);
#107=ORIENTED_EDGE('',*,*,#775,.T.);
#108=ORIENTED_EDGE('',*,*,#776,.F.);
#109=ORIENTED_EDGE('',*,*,#777,.T.);
#110=ORIENTED_EDGE('',*,*,#778,.T.);
#111=ORIENTED_EDGE('',*,*,#779,.F.);
#112=ORIENTED_EDGE('',*,*,#780,.F.);
#113=ORIENTED_EDGE('',*,*,#781,.T.);
#114=ORIENTED_EDGE('',*,*,#782,.T.);
#115=ORIENTED_EDGE('',*,*,#783,.F.);
#116=ORIENTED_EDGE('',*,*,#784,.T.);
#117=ORIENTED_EDGE('',*,*,#785,.T.);
#118=ORIENTED_EDGE('',*,*,#786,.T.);
#119=ORIENTED_EDGE('',*,*,#787,.F.);
#120=ORIENTED_EDGE('',*,*,#788,.F.);
#121=ORIENTED_EDGE('',*,*,#789,.F.);
#122=ORIENTED_EDGE('',*,*,#790,.T.);
#123=ORIENTED_EDGE('',*,*,#791,.F.);
#124=ORIENTED_EDGE('',*,*,#792,.F.);
#125=ORIENTED_EDGE('',*,*,#793,.T.);
#126=ORIENTED_EDGE('',*,*,#794,.T.);
#127=ORIENTED_EDGE('',*,*,#795,.T.);
#128=ORIENTED_EDGE('',*,*,#796,.F.);
#129=ORIENTED_EDGE('',*,*,#797,.F.);
#130=ORIENTED_EDGE('',*,*,#798,.F.);
#131=ORIENTED_EDGE('',*,*,#799,.T.);
#132=ORIENTED_EDGE('',*,*,#800,.F.);
#133=ORIENTED_EDGE('',*,*,#801,.T.);
#134=ORIENTED_EDGE('',*,*,#802,.T.);
#135=ORIENTED_EDGE('',*,*,#803,.F.);
#136=ORIENTED_EDGE('',*,*,#804,.F.);
#137=ORIENTED_EDGE('',*,*,#805,.T.);
#138=ORIENTED_EDGE('',*,*,#806,.T.);
#139=ORIENTED_EDGE('',*,*,#807,.F.);
#140=ORIENTED_EDGE('',*,*,#808,.F.);
#141=ORIENTED_EDGE('',*,*,#809,.T.);
#142=ORIENTED_EDGE('',*,*,#810,.T.);
#143=ORIENTED_EDGE('',*,*,#811,.F.);
#144=ORIENTED_EDGE('',*,*,#812,.F.);
#145=ORIENTED_EDGE('',*,*,#813,.T.);
#146=ORIENTED_EDGE('',*,*,#814,.T.);
#147=ORIENTED_EDGE('',*,*,#815,.F.);
#148=ORIENTED_EDGE('',*,*,#816,.F.);
#149=ORIENTED_EDGE('',*,*,#817,.T.);
#150=ORIENTED_EDGE('',*,*,#818,.T.);
#151=ORIENTED_EDGE('',*,*,#819,.F.);
#152=ORIENTED_EDGE('',*,*,#820,.T.);
#153=ORIENTED_EDGE('',*,*,#821,.T.);
#154=ORIENTED_EDGE('',*,*,#822,.F.);
#155=ORIENTED_EDGE('',*,*,#823,.F.);
#156=ORIENTED_EDGE('',*,*,#824,.F.);
#157=ORIENTED_EDGE('',*,*,#825,.T.);
#158=ORIENTED_EDGE('',*,*,#826,.T.);
#159=ORIENTED_EDGE('',*,*,#827,.F.);
#160=ORIENTED_EDGE('',*,*,#828,.T.);
#161=ORIENTED_EDGE('',*,*,#829,.T.);
#162=ORIENTED_EDGE('',*,*,#830,.F.);
#163=ORIENTED_EDGE('',*,*,#831,.F.);
#164=ORIENTED_EDGE('',*,*,#832,.F.);
#165=ORIENTED_EDGE('',*,*,#833,.T.);
#166=ORIENTED_EDGE('',*,*,#834,.T.);
#167=ORIENTED_EDGE('',*,*,#835,.F.);
#168=ORIENTED_EDGE('',*,*,#836,.F.);
#169=ORIENTED_EDGE('',*,*,#837,.T.);
#170=ORIENTED_EDGE('',*,*,#838,.T.);
#171=ORIENTED_EDGE('',*,*,#839,.F.);
#172=ORIENTED_EDGE('',*,*,#840,.F.);
#173=ORIENTED_EDGE('',*,*,#841,.F.);
#174=ORIENTED_EDGE('',*,*,#842,.T.);
#175=ORIENTED_EDGE('',*,*,#843,.T.);
#176=ORIENTED_EDGE('',*,*,#844,.F.);
#177=ORIENTED_EDGE('',*,*,#845,.T.);
#178=ORIENTED_EDGE('',*,*,#846,.T.);
#179=ORIENTED_EDGE('',*,*,#847,.T.);
#180=ORIENTED_EDGE('',*,*,#848,.T.);
#181=ORIENTED_EDGE('',*,*,#849,.F.);
#182=ORIENTED_EDGE('',*,*,#850,.F.);
#183=ORIENTED_EDGE('',*,*,#851,.T.);
#184=ORIENTED_EDGE('',*,*,#852,.T.);
#185=ORIENTED_EDGE('',*,*,#853,.F.);
#186=ORIENTED_EDGE('',*,*,#854,.F.);
#187=ORIENTED_EDGE('',*,*,#855,.T.);
#188=ORIENTED_EDGE('',*,*,#856,.F.);
#189=ORIENTED_EDGE('',*,*,#857,.F.);
#190=ORIENTED_EDGE('',*,*,#858,.F.);
#191=ORIENTED_EDGE('',*,*,#859,.F.);
#192=ORIENTED_EDGE('',*,*,#860,.F.);
#193=ORIENTED_EDGE('',*,*,#861,.T.);
#194=ORIENTED_EDGE('',*,*,#862,.F.);
#195=ORIENTED_EDGE('',*,*,#863,.F.);
#196=ORIENTED_EDGE('',*,*,#864,.F.);
#197=ORIENTED_EDGE('',*,*,#865,.F.);
#198=ORIENTED_EDGE('',*,*,#866,.T.);
#199=ORIENTED_EDGE('',*,*,#867,.T.);
#200=ORIENTED_EDGE('',*,*,#868,.F.);
#201=ORIENTED_EDGE('',*,*,#869,.F.);
#202=ORIENTED_EDGE('',*,*,#870,.T.);
#203=ORIENTED_EDGE('',*,*,#871,.T.);
#204=ORIENTED_EDGE('',*,*,#872,.F.);
#205=ORIENTED_EDGE('',*,*,#873,.F.);
#206=ORIENTED_EDGE('',*,*,#874,.T.);
#207=ORIENTED_EDGE('',*,*,#875,.T.);
#208=ORIENTED_EDGE('',*,*,#876,.F.);
#209=ORIENTED_EDGE('',*,*,#877,.F.);
#210=ORIENTED_EDGE('',*,*,#878,.T.);
#211=ORIENTED_EDGE('',*,*,#879,.T.);
#212=ORIENTED_EDGE('',*,*,#880,.F.);
#213=ORIENTED_EDGE('',*,*,#881,.F.);
#214=ORIENTED_EDGE('',*,*,#882,.F.);
#215=ORIENTED_EDGE('',*,*,#883,.T.);
#216=ORIENTED_EDGE('',*,*,#884,.F.);
#217=ORIENTED_EDGE('',*,*,#885,.T.);
#218=ORIENTED_EDGE('',*,*,#886,.T.);
#219=ORIENTED_EDGE('',*,*,#887,.F.);
#220=ORIENTED_EDGE('',*,*,#888,.F.);
#221=ORIENTED_EDGE('',*,*,#889,.F.);
#222=ORIENTED_EDGE('',*,*,#890,.T.);
#223=ORIENTED_EDGE('',*,*,#891,.T.);
#224=ORIENTED_EDGE('',*,*,#892,.F.);
#225=ORIENTED_EDGE('',*,*,#893,.T.);
#226=ORIENTED_EDGE('',*,*,#894,.F.);
#227=ORIENTED_EDGE('',*,*,#895,.F.);
#228=ORIENTED_EDGE('',*,*,#896,.T.);
#229=ORIENTED_EDGE('',*,*,#897,.F.);
#230=ORIENTED_EDGE('',*,*,#898,.T.);
#231=ORIENTED_EDGE('',*,*,#899,.F.);
#232=ORIENTED_EDGE('',*,*,#900,.F.);
#233=ORIENTED_EDGE('',*,*,#901,.T.);
#234=ORIENTED_EDGE('',*,*,#902,.T.);
#235=ORIENTED_EDGE('',*,*,#903,.T.);
#236=ORIENTED_EDGE('',*,*,#904,.F.);
#237=ORIENTED_EDGE('',*,*,#905,.F.);
#238=ORIENTED_EDGE('',*,*,#906,.T.);
#239=ORIENTED_EDGE('',*,*,#907,.T.);
#240=ORIENTED_EDGE('',*,*,#908,.F.);
#241=ORIENTED_EDGE('',*,*,#909,.T.);
#242=ORIENTED_EDGE('',*,*,#910,.T.);
#243=ORIENTED_EDGE('',*,*,#911,.F.);
#244=ORIENTED_EDGE('',*,*,#912,.F.);
#245=ORIENTED_EDGE('',*,*,#913,.F.);
#246=ORIENTED_EDGE('',*,*,#914,.T.);
#247=ORIENTED_EDGE('',*,*,#915,.T.);
#248=ORIENTED_EDGE('',*,*,#916,.F.);
#249=ORIENTED_EDGE('',*,*,#917,.F.);
#250=ORIENTED_EDGE('',*,*,#918,.T.);
#251=ORIENTED_EDGE('',*,*,#919,.T.);
#252=ORIENTED_EDGE('',*,*,#920,.F.);
#253=ORIENTED_EDGE('',*,*,#921,.F.);
#254=ORIENTED_EDGE('',*,*,#922,.T.);
#255=ORIENTED_EDGE('',*,*,#923,.T.);
#256=ORIENTED_EDGE('',*,*,#924,.F.);
#257=ORIENTED_EDGE('',*,*,#925,.F.);
#258=ORIENTED_EDGE('',*,*,#926,.T.);
#259=ORIENTED_EDGE('',*,*,#927,.T.);
#260=ORIENTED_EDGE('',*,*,#928,.F.);
#261=ORIENTED_EDGE('',*,*,#929,.F.);
#262=ORIENTED_EDGE('',*,*,#930,.T.);
#263=ORIENTED_EDGE('',*,*,#931,.T.);
#264=ORIENTED_EDGE('',*,*,#932,.F.);
#265=ORIENTED_EDGE('',*,*,#842,.F.);
#266=ORIENTED_EDGE('',*,*,#933,.F.);
#267=ORIENTED_EDGE('',*,*,#715,.T.);
#268=ORIENTED_EDGE('',*,*,#934,.T.);
#269=ORIENTED_EDGE('',*,*,#844,.T.);
#270=ORIENTED_EDGE('',*,*,#935,.F.);
#271=ORIENTED_EDGE('',*,*,#725,.T.);
#272=ORIENTED_EDGE('',*,*,#936,.T.);
#273=ORIENTED_EDGE('',*,*,#937,.F.);
#274=ORIENTED_EDGE('',*,*,#863,.T.);
#275=ORIENTED_EDGE('',*,*,#938,.F.);
#276=ORIENTED_EDGE('',*,*,#726,.F.);
#277=ORIENTED_EDGE('',*,*,#935,.T.);
#278=ORIENTED_EDGE('',*,*,#862,.T.);
#279=ORIENTED_EDGE('',*,*,#939,.F.);
#280=ORIENTED_EDGE('',*,*,#727,.F.);
#281=ORIENTED_EDGE('',*,*,#938,.T.);
#282=ORIENTED_EDGE('',*,*,#861,.F.);
#283=ORIENTED_EDGE('',*,*,#940,.F.);
#284=ORIENTED_EDGE('',*,*,#728,.T.);
#285=ORIENTED_EDGE('',*,*,#939,.T.);
#286=ORIENTED_EDGE('',*,*,#860,.T.);
#287=ORIENTED_EDGE('',*,*,#941,.F.);
#288=ORIENTED_EDGE('',*,*,#729,.T.);
#289=ORIENTED_EDGE('',*,*,#940,.T.);
#290=ORIENTED_EDGE('',*,*,#942,.F.);
#291=ORIENTED_EDGE('',*,*,#859,.T.);
#292=ORIENTED_EDGE('',*,*,#943,.F.);
#293=ORIENTED_EDGE('',*,*,#730,.F.);
#294=ORIENTED_EDGE('',*,*,#941,.T.);
#295=ORIENTED_EDGE('',*,*,#858,.T.);
#296=ORIENTED_EDGE('',*,*,#944,.F.);
#297=ORIENTED_EDGE('',*,*,#731,.F.);
#298=ORIENTED_EDGE('',*,*,#943,.T.);
#299=ORIENTED_EDGE('',*,*,#857,.T.);
#300=ORIENTED_EDGE('',*,*,#945,.F.);
#301=ORIENTED_EDGE('',*,*,#732,.F.);
#302=ORIENTED_EDGE('',*,*,#944,.T.);
#303=ORIENTED_EDGE('',*,*,#856,.T.);
#304=ORIENTED_EDGE('',*,*,#946,.F.);
#305=ORIENTED_EDGE('',*,*,#733,.F.);
#306=ORIENTED_EDGE('',*,*,#945,.T.);
#307=ORIENTED_EDGE('',*,*,#855,.F.);
#308=ORIENTED_EDGE('',*,*,#947,.F.);
#309=ORIENTED_EDGE('',*,*,#734,.T.);
#310=ORIENTED_EDGE('',*,*,#946,.T.);
#311=ORIENTED_EDGE('',*,*,#854,.T.);
#312=ORIENTED_EDGE('',*,*,#948,.F.);
#313=ORIENTED_EDGE('',*,*,#735,.T.);
#314=ORIENTED_EDGE('',*,*,#947,.T.);
#315=ORIENTED_EDGE('',*,*,#949,.F.);
#316=ORIENTED_EDGE('',*,*,#853,.T.);
#317=ORIENTED_EDGE('',*,*,#950,.F.);
#318=ORIENTED_EDGE('',*,*,#736,.F.);
#319=ORIENTED_EDGE('',*,*,#948,.T.);
#320=ORIENTED_EDGE('',*,*,#852,.F.);
#321=ORIENTED_EDGE('',*,*,#951,.F.);
#322=ORIENTED_EDGE('',*,*,#737,.T.);
#323=ORIENTED_EDGE('',*,*,#950,.T.);
#324=ORIENTED_EDGE('',*,*,#851,.F.);
#325=ORIENTED_EDGE('',*,*,#952,.F.);
#326=ORIENTED_EDGE('',*,*,#738,.T.);
#327=ORIENTED_EDGE('',*,*,#951,.T.);
#328=ORIENTED_EDGE('',*,*,#850,.T.);
#329=ORIENTED_EDGE('',*,*,#953,.F.);
#330=ORIENTED_EDGE('',*,*,#719,.T.);
#331=ORIENTED_EDGE('',*,*,#952,.T.);
#332=ORIENTED_EDGE('',*,*,#954,.F.);
#333=ORIENTED_EDGE('',*,*,#849,.T.);
#334=ORIENTED_EDGE('',*,*,#955,.F.);
#335=ORIENTED_EDGE('',*,*,#720,.F.);
#336=ORIENTED_EDGE('',*,*,#953,.T.);
#337=ORIENTED_EDGE('',*,*,#848,.F.);
#338=ORIENTED_EDGE('',*,*,#956,.F.);
#339=ORIENTED_EDGE('',*,*,#721,.T.);
#340=ORIENTED_EDGE('',*,*,#955,.T.);
#341=ORIENTED_EDGE('',*,*,#847,.F.);
#342=ORIENTED_EDGE('',*,*,#957,.F.);
#343=ORIENTED_EDGE('',*,*,#722,.T.);
#344=ORIENTED_EDGE('',*,*,#956,.T.);
#345=ORIENTED_EDGE('',*,*,#846,.F.);
#346=ORIENTED_EDGE('',*,*,#958,.F.);
#347=ORIENTED_EDGE('',*,*,#723,.T.);
#348=ORIENTED_EDGE('',*,*,#957,.T.);
#349=ORIENTED_EDGE('',*,*,#845,.F.);
#350=ORIENTED_EDGE('',*,*,#936,.F.);
#351=ORIENTED_EDGE('',*,*,#724,.T.);
#352=ORIENTED_EDGE('',*,*,#958,.T.);
#353=ORIENTED_EDGE('',*,*,#937,.T.);
#354=ORIENTED_EDGE('',*,*,#942,.T.);
#355=ORIENTED_EDGE('',*,*,#949,.T.);
#356=ORIENTED_EDGE('',*,*,#954,.T.);
#357=ORIENTED_EDGE('',*,*,#753,.F.);
#358=ORIENTED_EDGE('',*,*,#959,.T.);
#359=ORIENTED_EDGE('',*,*,#921,.T.);
#360=ORIENTED_EDGE('',*,*,#960,.F.);
#361=ORIENTED_EDGE('',*,*,#959,.F.);
#362=ORIENTED_EDGE('',*,*,#752,.T.);
#363=ORIENTED_EDGE('',*,*,#961,.T.);
#364=ORIENTED_EDGE('',*,*,#922,.F.);
#365=ORIENTED_EDGE('',*,*,#961,.F.);
#366=ORIENTED_EDGE('',*,*,#755,.T.);
#367=ORIENTED_EDGE('',*,*,#962,.T.);
#368=ORIENTED_EDGE('',*,*,#923,.F.);
#369=ORIENTED_EDGE('',*,*,#740,.F.);
#370=ORIENTED_EDGE('',*,*,#963,.T.);
#371=ORIENTED_EDGE('',*,*,#917,.T.);
#372=ORIENTED_EDGE('',*,*,#964,.F.);
#373=ORIENTED_EDGE('',*,*,#963,.F.);
#374=ORIENTED_EDGE('',*,*,#739,.T.);
#375=ORIENTED_EDGE('',*,*,#965,.T.);
#376=ORIENTED_EDGE('',*,*,#918,.F.);
#377=ORIENTED_EDGE('',*,*,#965,.F.);
#378=ORIENTED_EDGE('',*,*,#742,.T.);
#379=ORIENTED_EDGE('',*,*,#966,.T.);
#380=ORIENTED_EDGE('',*,*,#919,.F.);
#381=ORIENTED_EDGE('',*,*,#744,.F.);
#382=ORIENTED_EDGE('',*,*,#967,.T.);
#383=ORIENTED_EDGE('',*,*,#913,.T.);
#384=ORIENTED_EDGE('',*,*,#968,.F.);
#385=ORIENTED_EDGE('',*,*,#967,.F.);
#386=ORIENTED_EDGE('',*,*,#743,.T.);
#387=ORIENTED_EDGE('',*,*,#969,.T.);
#388=ORIENTED_EDGE('',*,*,#914,.F.);
#389=ORIENTED_EDGE('',*,*,#969,.F.);
#390=ORIENTED_EDGE('',*,*,#746,.T.);
#391=ORIENTED_EDGE('',*,*,#970,.T.);
#392=ORIENTED_EDGE('',*,*,#915,.F.);
#393=ORIENTED_EDGE('',*,*,#971,.F.);
#394=ORIENTED_EDGE('',*,*,#780,.T.);
#395=ORIENTED_EDGE('',*,*,#972,.T.);
#396=ORIENTED_EDGE('',*,*,#909,.F.);
#397=ORIENTED_EDGE('',*,*,#972,.F.);
#398=ORIENTED_EDGE('',*,*,#783,.T.);
#399=ORIENTED_EDGE('',*,*,#973,.T.);
#400=ORIENTED_EDGE('',*,*,#910,.F.);
#401=ORIENTED_EDGE('',*,*,#782,.F.);
#402=ORIENTED_EDGE('',*,*,#974,.T.);
#403=ORIENTED_EDGE('',*,*,#911,.T.);
#404=ORIENTED_EDGE('',*,*,#973,.F.);
#405=ORIENTED_EDGE('',*,*,#748,.F.);
#406=ORIENTED_EDGE('',*,*,#975,.T.);
#407=ORIENTED_EDGE('',*,*,#905,.T.);
#408=ORIENTED_EDGE('',*,*,#976,.F.);
#409=ORIENTED_EDGE('',*,*,#975,.F.);
#410=ORIENTED_EDGE('',*,*,#747,.T.);
#411=ORIENTED_EDGE('',*,*,#977,.T.);
#412=ORIENTED_EDGE('',*,*,#906,.F.);
#413=ORIENTED_EDGE('',*,*,#977,.F.);
#414=ORIENTED_EDGE('',*,*,#750,.T.);
#415=ORIENTED_EDGE('',*,*,#978,.T.);
#416=ORIENTED_EDGE('',*,*,#907,.F.);
#417=ORIENTED_EDGE('',*,*,#790,.F.);
#418=ORIENTED_EDGE('',*,*,#979,.T.);
#419=ORIENTED_EDGE('',*,*,#888,.T.);
#420=ORIENTED_EDGE('',*,*,#980,.F.);
#421=ORIENTED_EDGE('',*,*,#979,.F.);
#422=ORIENTED_EDGE('',*,*,#789,.T.);
#423=ORIENTED_EDGE('',*,*,#981,.T.);
#424=ORIENTED_EDGE('',*,*,#889,.T.);
#425=ORIENTED_EDGE('',*,*,#982,.F.);
#426=ORIENTED_EDGE('',*,*,#981,.F.);
#427=ORIENTED_EDGE('',*,*,#788,.T.);
#428=ORIENTED_EDGE('',*,*,#983,.T.);
#429=ORIENTED_EDGE('',*,*,#890,.F.);
#430=ORIENTED_EDGE('',*,*,#983,.F.);
#431=ORIENTED_EDGE('',*,*,#787,.T.);
#432=ORIENTED_EDGE('',*,*,#984,.T.);
#433=ORIENTED_EDGE('',*,*,#891,.F.);
#434=ORIENTED_EDGE('',*,*,#786,.F.);
#435=ORIENTED_EDGE('',*,*,#985,.T.);
#436=ORIENTED_EDGE('',*,*,#892,.T.);
#437=ORIENTED_EDGE('',*,*,#984,.F.);
#438=ORIENTED_EDGE('',*,*,#985,.F.);
#439=ORIENTED_EDGE('',*,*,#785,.F.);
#440=ORIENTED_EDGE('',*,*,#986,.T.);
#441=ORIENTED_EDGE('',*,*,#893,.F.);
#442=ORIENTED_EDGE('',*,*,#987,.T.);
#443=ORIENTED_EDGE('',*,*,#784,.F.);
#444=ORIENTED_EDGE('',*,*,#988,.T.);
#445=ORIENTED_EDGE('',*,*,#894,.T.);
#446=ORIENTED_EDGE('',*,*,#986,.F.);
#447=ORIENTED_EDGE('',*,*,#799,.F.);
#448=ORIENTED_EDGE('',*,*,#989,.T.);
#449=ORIENTED_EDGE('',*,*,#895,.T.);
#450=ORIENTED_EDGE('',*,*,#988,.F.);
#451=ORIENTED_EDGE('',*,*,#989,.F.);
#452=ORIENTED_EDGE('',*,*,#798,.T.);
#453=ORIENTED_EDGE('',*,*,#990,.T.);
#454=ORIENTED_EDGE('',*,*,#896,.F.);
#455=ORIENTED_EDGE('',*,*,#990,.F.);
#456=ORIENTED_EDGE('',*,*,#797,.T.);
#457=ORIENTED_EDGE('',*,*,#991,.T.);
#458=ORIENTED_EDGE('',*,*,#897,.T.);
#459=ORIENTED_EDGE('',*,*,#992,.F.);
#460=ORIENTED_EDGE('',*,*,#991,.F.);
#461=ORIENTED_EDGE('',*,*,#796,.T.);
#462=ORIENTED_EDGE('',*,*,#993,.T.);
#463=ORIENTED_EDGE('',*,*,#898,.F.);
#464=ORIENTED_EDGE('',*,*,#795,.F.);
#465=ORIENTED_EDGE('',*,*,#994,.T.);
#466=ORIENTED_EDGE('',*,*,#899,.T.);
#467=ORIENTED_EDGE('',*,*,#993,.F.);
#468=ORIENTED_EDGE('',*,*,#794,.F.);
#469=ORIENTED_EDGE('',*,*,#995,.T.);
#470=ORIENTED_EDGE('',*,*,#900,.T.);
#471=ORIENTED_EDGE('',*,*,#994,.F.);
#472=ORIENTED_EDGE('',*,*,#995,.F.);
#473=ORIENTED_EDGE('',*,*,#793,.F.);
#474=ORIENTED_EDGE('',*,*,#996,.T.);
#475=ORIENTED_EDGE('',*,*,#901,.F.);
#476=ORIENTED_EDGE('',*,*,#997,.T.);
#477=ORIENTED_EDGE('',*,*,#996,.F.);
#478=ORIENTED_EDGE('',*,*,#792,.T.);
#479=ORIENTED_EDGE('',*,*,#998,.T.);
#480=ORIENTED_EDGE('',*,*,#902,.F.);
#481=ORIENTED_EDGE('',*,*,#777,.F.);
#482=ORIENTED_EDGE('',*,*,#999,.T.);
#483=ORIENTED_EDGE('',*,*,#884,.T.);
#484=ORIENTED_EDGE('',*,*,#1000,.F.);
#485=ORIENTED_EDGE('',*,*,#999,.F.);
#486=ORIENTED_EDGE('',*,*,#776,.T.);
#487=ORIENTED_EDGE('',*,*,#1001,.T.);
#488=ORIENTED_EDGE('',*,*,#885,.F.);
#489=ORIENTED_EDGE('',*,*,#1001,.F.);
#490=ORIENTED_EDGE('',*,*,#779,.T.);
#491=ORIENTED_EDGE('',*,*,#1002,.T.);
#492=ORIENTED_EDGE('',*,*,#886,.F.);
#493=ORIENTED_EDGE('',*,*,#773,.F.);
#494=ORIENTED_EDGE('',*,*,#1003,.T.);
#495=ORIENTED_EDGE('',*,*,#880,.T.);
#496=ORIENTED_EDGE('',*,*,#1004,.F.);
#497=ORIENTED_EDGE('',*,*,#772,.F.);
#498=ORIENTED_EDGE('',*,*,#1005,.T.);
#499=ORIENTED_EDGE('',*,*,#881,.T.);
#500=ORIENTED_EDGE('',*,*,#1003,.F.);
#501=ORIENTED_EDGE('',*,*,#775,.F.);
#502=ORIENTED_EDGE('',*,*,#1006,.T.);
#503=ORIENTED_EDGE('',*,*,#882,.T.);
#504=ORIENTED_EDGE('',*,*,#1005,.F.);
#505=ORIENTED_EDGE('',*,*,#769,.F.);
#506=ORIENTED_EDGE('',*,*,#1007,.T.);
#507=ORIENTED_EDGE('',*,*,#876,.T.);
#508=ORIENTED_EDGE('',*,*,#1008,.F.);
#509=ORIENTED_EDGE('',*,*,#768,.F.);
#510=ORIENTED_EDGE('',*,*,#1009,.T.);
#511=ORIENTED_EDGE('',*,*,#877,.T.);
#512=ORIENTED_EDGE('',*,*,#1007,.F.);
#513=ORIENTED_EDGE('',*,*,#1009,.F.);
#514=ORIENTED_EDGE('',*,*,#771,.T.);
#515=ORIENTED_EDGE('',*,*,#1010,.T.);
#516=ORIENTED_EDGE('',*,*,#878,.F.);
#517=ORIENTED_EDGE('',*,*,#765,.F.);
#518=ORIENTED_EDGE('',*,*,#1011,.T.);
#519=ORIENTED_EDGE('',*,*,#872,.T.);
#520=ORIENTED_EDGE('',*,*,#1012,.F.);
#521=ORIENTED_EDGE('',*,*,#764,.F.);
#522=ORIENTED_EDGE('',*,*,#1013,.T.);
#523=ORIENTED_EDGE('',*,*,#873,.T.);
#524=ORIENTED_EDGE('',*,*,#1011,.F.);
#525=ORIENTED_EDGE('',*,*,#1013,.F.);
#526=ORIENTED_EDGE('',*,*,#767,.T.);
#527=ORIENTED_EDGE('',*,*,#1014,.T.);
#528=ORIENTED_EDGE('',*,*,#874,.F.);
#529=ORIENTED_EDGE('',*,*,#761,.F.);
#530=ORIENTED_EDGE('',*,*,#1015,.T.);
#531=ORIENTED_EDGE('',*,*,#868,.T.);
#532=ORIENTED_EDGE('',*,*,#1016,.F.);
#533=ORIENTED_EDGE('',*,*,#760,.F.);
#534=ORIENTED_EDGE('',*,*,#1017,.T.);
#535=ORIENTED_EDGE('',*,*,#869,.T.);
#536=ORIENTED_EDGE('',*,*,#1015,.F.);
#537=ORIENTED_EDGE('',*,*,#1017,.F.);
#538=ORIENTED_EDGE('',*,*,#763,.T.);
#539=ORIENTED_EDGE('',*,*,#1018,.T.);
#540=ORIENTED_EDGE('',*,*,#870,.F.);
#541=ORIENTED_EDGE('',*,*,#757,.F.);
#542=ORIENTED_EDGE('',*,*,#1019,.T.);
#543=ORIENTED_EDGE('',*,*,#864,.T.);
#544=ORIENTED_EDGE('',*,*,#1020,.F.);
#545=ORIENTED_EDGE('',*,*,#756,.F.);
#546=ORIENTED_EDGE('',*,*,#1021,.T.);
#547=ORIENTED_EDGE('',*,*,#865,.T.);
#548=ORIENTED_EDGE('',*,*,#1019,.F.);
#549=ORIENTED_EDGE('',*,*,#1021,.F.);
#550=ORIENTED_EDGE('',*,*,#759,.T.);
#551=ORIENTED_EDGE('',*,*,#1022,.T.);
#552=ORIENTED_EDGE('',*,*,#866,.F.);
#553=ORIENTED_EDGE('',*,*,#717,.F.);
#554=ORIENTED_EDGE('',*,*,#1023,.T.);
#555=ORIENTED_EDGE('',*,*,#840,.T.);
#556=ORIENTED_EDGE('',*,*,#1024,.F.);
#557=ORIENTED_EDGE('',*,*,#741,.F.);
#558=ORIENTED_EDGE('',*,*,#964,.T.);
#559=ORIENTED_EDGE('',*,*,#920,.T.);
#560=ORIENTED_EDGE('',*,*,#966,.F.);
#561=ORIENTED_EDGE('',*,*,#745,.F.);
#562=ORIENTED_EDGE('',*,*,#968,.T.);
#563=ORIENTED_EDGE('',*,*,#916,.T.);
#564=ORIENTED_EDGE('',*,*,#970,.F.);
#565=ORIENTED_EDGE('',*,*,#781,.F.);
#566=ORIENTED_EDGE('',*,*,#971,.T.);
#567=ORIENTED_EDGE('',*,*,#912,.T.);
#568=ORIENTED_EDGE('',*,*,#974,.F.);
#569=ORIENTED_EDGE('',*,*,#749,.F.);
#570=ORIENTED_EDGE('',*,*,#976,.T.);
#571=ORIENTED_EDGE('',*,*,#908,.T.);
#572=ORIENTED_EDGE('',*,*,#978,.F.);
#573=ORIENTED_EDGE('',*,*,#904,.T.);
#574=ORIENTED_EDGE('',*,*,#751,.F.);
#575=ORIENTED_EDGE('',*,*,#998,.F.);
#576=ORIENTED_EDGE('',*,*,#791,.T.);
#577=ORIENTED_EDGE('',*,*,#980,.T.);
#578=ORIENTED_EDGE('',*,*,#903,.F.);
#579=ORIENTED_EDGE('',*,*,#778,.F.);
#580=ORIENTED_EDGE('',*,*,#1000,.T.);
#581=ORIENTED_EDGE('',*,*,#887,.T.);
#582=ORIENTED_EDGE('',*,*,#1002,.F.);
#583=ORIENTED_EDGE('',*,*,#1006,.F.);
#584=ORIENTED_EDGE('',*,*,#774,.T.);
#585=ORIENTED_EDGE('',*,*,#1004,.T.);
#586=ORIENTED_EDGE('',*,*,#883,.F.);
#587=ORIENTED_EDGE('',*,*,#1010,.F.);
#588=ORIENTED_EDGE('',*,*,#770,.T.);
#589=ORIENTED_EDGE('',*,*,#1008,.T.);
#590=ORIENTED_EDGE('',*,*,#879,.F.);
#591=ORIENTED_EDGE('',*,*,#1014,.F.);
#592=ORIENTED_EDGE('',*,*,#766,.T.);
#593=ORIENTED_EDGE('',*,*,#1012,.T.);
#594=ORIENTED_EDGE('',*,*,#875,.F.);
#595=ORIENTED_EDGE('',*,*,#1018,.F.);
#596=ORIENTED_EDGE('',*,*,#762,.T.);
#597=ORIENTED_EDGE('',*,*,#1016,.T.);
#598=ORIENTED_EDGE('',*,*,#871,.F.);
#599=ORIENTED_EDGE('',*,*,#1022,.F.);
#600=ORIENTED_EDGE('',*,*,#758,.T.);
#601=ORIENTED_EDGE('',*,*,#1020,.T.);
#602=ORIENTED_EDGE('',*,*,#867,.F.);
#603=ORIENTED_EDGE('',*,*,#754,.F.);
#604=ORIENTED_EDGE('',*,*,#960,.T.);
#605=ORIENTED_EDGE('',*,*,#924,.T.);
#606=ORIENTED_EDGE('',*,*,#962,.F.);
#607=ORIENTED_EDGE('',*,*,#982,.T.);
#608=ORIENTED_EDGE('',*,*,#997,.F.);
#609=ORIENTED_EDGE('',*,*,#992,.T.);
#610=ORIENTED_EDGE('',*,*,#987,.F.);
#611=ORIENTED_EDGE('',*,*,#716,.F.);
#612=ORIENTED_EDGE('',*,*,#933,.T.);
#613=ORIENTED_EDGE('',*,*,#841,.T.);
#614=ORIENTED_EDGE('',*,*,#1023,.F.);
#615=ORIENTED_EDGE('',*,*,#934,.F.);
#616=ORIENTED_EDGE('',*,*,#718,.T.);
#617=ORIENTED_EDGE('',*,*,#1024,.T.);
#618=ORIENTED_EDGE('',*,*,#843,.F.);
#619=ORIENTED_EDGE('',*,*,#836,.T.);
#620=ORIENTED_EDGE('',*,*,#1025,.T.);
#621=ORIENTED_EDGE('',*,*,#801,.F.);
#622=ORIENTED_EDGE('',*,*,#1026,.F.);
#623=ORIENTED_EDGE('',*,*,#1026,.T.);
#624=ORIENTED_EDGE('',*,*,#800,.T.);
#625=ORIENTED_EDGE('',*,*,#1027,.F.);
#626=ORIENTED_EDGE('',*,*,#837,.F.);
#627=ORIENTED_EDGE('',*,*,#1027,.T.);
#628=ORIENTED_EDGE('',*,*,#803,.T.);
#629=ORIENTED_EDGE('',*,*,#1028,.F.);
#630=ORIENTED_EDGE('',*,*,#838,.F.);
#631=ORIENTED_EDGE('',*,*,#839,.T.);
#632=ORIENTED_EDGE('',*,*,#1028,.T.);
#633=ORIENTED_EDGE('',*,*,#802,.F.);
#634=ORIENTED_EDGE('',*,*,#1025,.F.);
#635=ORIENTED_EDGE('',*,*,#925,.T.);
#636=ORIENTED_EDGE('',*,*,#1029,.T.);
#637=ORIENTED_EDGE('',*,*,#805,.F.);
#638=ORIENTED_EDGE('',*,*,#1030,.F.);
#639=ORIENTED_EDGE('',*,*,#1030,.T.);
#640=ORIENTED_EDGE('',*,*,#804,.T.);
#641=ORIENTED_EDGE('',*,*,#1031,.F.);
#642=ORIENTED_EDGE('',*,*,#926,.F.);
#643=ORIENTED_EDGE('',*,*,#1031,.T.);
#644=ORIENTED_EDGE('',*,*,#807,.T.);
#645=ORIENTED_EDGE('',*,*,#1032,.F.);
#646=ORIENTED_EDGE('',*,*,#927,.F.);
#647=ORIENTED_EDGE('',*,*,#928,.T.);
#648=ORIENTED_EDGE('',*,*,#1032,.T.);
#649=ORIENTED_EDGE('',*,*,#806,.F.);
#650=ORIENTED_EDGE('',*,*,#1029,.F.);
#651=ORIENTED_EDGE('',*,*,#832,.T.);
#652=ORIENTED_EDGE('',*,*,#1033,.T.);
#653=ORIENTED_EDGE('',*,*,#809,.F.);
#654=ORIENTED_EDGE('',*,*,#1034,.F.);
#655=ORIENTED_EDGE('',*,*,#1034,.T.);
#656=ORIENTED_EDGE('',*,*,#808,.T.);
#657=ORIENTED_EDGE('',*,*,#1035,.F.);
#658=ORIENTED_EDGE('',*,*,#833,.F.);
#659=ORIENTED_EDGE('',*,*,#1035,.T.);
#660=ORIENTED_EDGE('',*,*,#811,.T.);
#661=ORIENTED_EDGE('',*,*,#1036,.F.);
#662=ORIENTED_EDGE('',*,*,#834,.F.);
#663=ORIENTED_EDGE('',*,*,#835,.T.);
#664=ORIENTED_EDGE('',*,*,#1036,.T.);
#665=ORIENTED_EDGE('',*,*,#810,.F.);
#666=ORIENTED_EDGE('',*,*,#1033,.F.);
#667=ORIENTED_EDGE('',*,*,#929,.T.);
#668=ORIENTED_EDGE('',*,*,#1037,.T.);
#669=ORIENTED_EDGE('',*,*,#813,.F.);
#670=ORIENTED_EDGE('',*,*,#1038,.F.);
#671=ORIENTED_EDGE('',*,*,#1038,.T.);
#672=ORIENTED_EDGE('',*,*,#812,.T.);
#673=ORIENTED_EDGE('',*,*,#1039,.F.);
#674=ORIENTED_EDGE('',*,*,#930,.F.);
#675=ORIENTED_EDGE('',*,*,#1039,.T.);
#676=ORIENTED_EDGE('',*,*,#815,.T.);
#677=ORIENTED_EDGE('',*,*,#1040,.F.);
#678=ORIENTED_EDGE('',*,*,#931,.F.);
#679=ORIENTED_EDGE('',*,*,#932,.T.);
#680=ORIENTED_EDGE('',*,*,#1040,.T.);
#681=ORIENTED_EDGE('',*,*,#814,.F.);
#682=ORIENTED_EDGE('',*,*,#1037,.F.);
#683=ORIENTED_EDGE('',*,*,#821,.F.);
#684=ORIENTED_EDGE('',*,*,#1041,.T.);
#685=ORIENTED_EDGE('',*,*,#827,.T.);
#686=ORIENTED_EDGE('',*,*,#1042,.F.);
#687=ORIENTED_EDGE('',*,*,#817,.F.);
#688=ORIENTED_EDGE('',*,*,#1043,.T.);
#689=ORIENTED_EDGE('',*,*,#831,.T.);
#690=ORIENTED_EDGE('',*,*,#1044,.F.);
#691=ORIENTED_EDGE('',*,*,#829,.F.);
#692=ORIENTED_EDGE('',*,*,#1045,.F.);
#693=ORIENTED_EDGE('',*,*,#819,.T.);
#694=ORIENTED_EDGE('',*,*,#1046,.T.);
#695=ORIENTED_EDGE('',*,*,#825,.F.);
#696=ORIENTED_EDGE('',*,*,#1047,.F.);
#697=ORIENTED_EDGE('',*,*,#823,.T.);
#698=ORIENTED_EDGE('',*,*,#1048,.T.);
#699=ORIENTED_EDGE('',*,*,#826,.F.);
#700=ORIENTED_EDGE('',*,*,#1048,.F.);
#701=ORIENTED_EDGE('',*,*,#822,.T.);
#702=ORIENTED_EDGE('',*,*,#1042,.T.);
#703=ORIENTED_EDGE('',*,*,#818,.F.);
#704=ORIENTED_EDGE('',*,*,#1044,.T.);
#705=ORIENTED_EDGE('',*,*,#830,.T.);
#706=ORIENTED_EDGE('',*,*,#1046,.F.);
#707=ORIENTED_EDGE('',*,*,#828,.F.);
#708=ORIENTED_EDGE('',*,*,#1043,.F.);
#709=ORIENTED_EDGE('',*,*,#816,.T.);
#710=ORIENTED_EDGE('',*,*,#1045,.T.);
#711=ORIENTED_EDGE('',*,*,#820,.F.);
#712=ORIENTED_EDGE('',*,*,#1047,.T.);
#713=ORIENTED_EDGE('',*,*,#824,.T.);
#714=ORIENTED_EDGE('',*,*,#1041,.F.);
#715=EDGE_CURVE('',#1049,#1050,#1275,.T.);
#716=EDGE_CURVE('',#1049,#1051,#1276,.F.);
#717=EDGE_CURVE('',#1051,#1052,#1277,.T.);
#718=EDGE_CURVE('',#1050,#1052,#1278,.F.);
#719=EDGE_CURVE('',#1053,#1054,#21,.T.);
#720=EDGE_CURVE('',#1053,#1055,#1279,.T.);
#721=EDGE_CURVE('',#1056,#1055,#1280,.T.);
#722=EDGE_CURVE('',#1057,#1056,#1281,.T.);
#723=EDGE_CURVE('',#1058,#1057,#1282,.T.);
#724=EDGE_CURVE('',#1059,#1058,#1283,.T.);
#725=EDGE_CURVE('',#1060,#1059,#22,.T.);
#726=EDGE_CURVE('',#1060,#1061,#1284,.T.);
#727=EDGE_CURVE('',#1061,#1062,#1285,.T.);
#728=EDGE_CURVE('',#1063,#1062,#1286,.T.);
#729=EDGE_CURVE('',#1064,#1063,#23,.T.);
#730=EDGE_CURVE('',#1064,#1065,#1287,.T.);
#731=EDGE_CURVE('',#1065,#1066,#1288,.T.);
#732=EDGE_CURVE('',#1066,#1067,#1289,.T.);
#733=EDGE_CURVE('',#1067,#1068,#1290,.T.);
#734=EDGE_CURVE('',#1069,#1068,#1291,.T.);
#735=EDGE_CURVE('',#1070,#1069,#24,.T.);
#736=EDGE_CURVE('',#1070,#1071,#1292,.T.);
#737=EDGE_CURVE('',#1072,#1071,#1293,.T.);
#738=EDGE_CURVE('',#1054,#1072,#1294,.T.);
#739=EDGE_CURVE('',#1073,#1074,#1295,.T.);
#740=EDGE_CURVE('',#1073,#1075,#1296,.T.);
#741=EDGE_CURVE('',#1075,#1076,#1297,.T.);
#742=EDGE_CURVE('',#1074,#1076,#1298,.T.);
#743=EDGE_CURVE('',#1077,#1078,#1299,.T.);
#744=EDGE_CURVE('',#1077,#1079,#1300,.T.);
#745=EDGE_CURVE('',#1079,#1080,#1301,.T.);
#746=EDGE_CURVE('',#1078,#1080,#1302,.T.);
#747=EDGE_CURVE('',#1081,#1082,#1303,.T.);
#748=EDGE_CURVE('',#1081,#1083,#1304,.T.);
#749=EDGE_CURVE('',#1083,#1084,#1305,.T.);
#750=EDGE_CURVE('',#1082,#1084,#1306,.T.);
#751=EDGE_CURVE('',#1085,#1085,#25,.F.);
#752=EDGE_CURVE('',#1086,#1087,#1307,.T.);
#753=EDGE_CURVE('',#1086,#1088,#1308,.T.);
#754=EDGE_CURVE('',#1088,#1089,#1309,.T.);
#755=EDGE_CURVE('',#1087,#1089,#1310,.T.);
#756=EDGE_CURVE('',#1090,#1091,#1311,.T.);
#757=EDGE_CURVE('',#1091,#1092,#1312,.T.);
#758=EDGE_CURVE('',#1093,#1092,#1313,.T.);
#759=EDGE_CURVE('',#1090,#1093,#1314,.T.);
#760=EDGE_CURVE('',#1094,#1095,#1315,.T.);
#761=EDGE_CURVE('',#1095,#1096,#1316,.T.);
#762=EDGE_CURVE('',#1097,#1096,#1317,.T.);
#763=EDGE_CURVE('',#1094,#1097,#1318,.T.);
#764=EDGE_CURVE('',#1098,#1099,#1319,.T.);
#765=EDGE_CURVE('',#1099,#1100,#1320,.T.);
#766=EDGE_CURVE('',#1101,#1100,#1321,.T.);
#767=EDGE_CURVE('',#1098,#1101,#1322,.T.);
#768=EDGE_CURVE('',#1102,#1103,#1323,.T.);
#769=EDGE_CURVE('',#1103,#1104,#1324,.T.);
#770=EDGE_CURVE('',#1105,#1104,#1325,.T.);
#771=EDGE_CURVE('',#1102,#1105,#1326,.T.);
#772=EDGE_CURVE('',#1106,#1107,#1327,.T.);
#773=EDGE_CURVE('',#1107,#1108,#1328,.T.);
#774=EDGE_CURVE('',#1109,#1108,#1329,.T.);
#775=EDGE_CURVE('',#1109,#1106,#1330,.T.);
#776=EDGE_CURVE('',#1110,#1111,#1331,.T.);
#777=EDGE_CURVE('',#1110,#1112,#1332,.T.);
#778=EDGE_CURVE('',#1112,#1113,#1333,.T.);
#779=EDGE_CURVE('',#1111,#1113,#1334,.T.);
#780=EDGE_CURVE('',#1114,#1115,#1335,.T.);
#781=EDGE_CURVE('',#1114,#1116,#1336,.T.);
#782=EDGE_CURVE('',#1116,#1117,#1337,.T.);
#783=EDGE_CURVE('',#1115,#1117,#1338,.T.);
#784=EDGE_CURVE('',#1118,#1119,#1339,.T.);
#785=EDGE_CURVE('',#1119,#1120,#26,.F.);
#786=EDGE_CURVE('',#1120,#1121,#1340,.T.);
#787=EDGE_CURVE('',#1122,#1121,#1341,.T.);
#788=EDGE_CURVE('',#1123,#1122,#1342,.T.);
#789=EDGE_CURVE('',#1124,#1123,#27,.T.);
#790=EDGE_CURVE('',#1124,#1125,#1343,.T.);
#791=EDGE_CURVE('',#1126,#1125,#1344,.T.);
#792=EDGE_CURVE('',#1127,#1126,#1345,.T.);
#793=EDGE_CURVE('',#1127,#1128,#28,.F.);
#794=EDGE_CURVE('',#1128,#1129,#1346,.T.);
#795=EDGE_CURVE('',#1129,#1130,#1347,.T.);
#796=EDGE_CURVE('',#1131,#1130,#1348,.T.);
#797=EDGE_CURVE('',#1132,#1131,#29,.T.);
#798=EDGE_CURVE('',#1133,#1132,#1349,.T.);
#799=EDGE_CURVE('',#1133,#1118,#1350,.T.);
#800=EDGE_CURVE('',#1134,#1135,#1351,.T.);
#801=EDGE_CURVE('',#1134,#1136,#1352,.T.);
#802=EDGE_CURVE('',#1136,#1137,#1353,.T.);
#803=EDGE_CURVE('',#1135,#1137,#1354,.T.);
#804=EDGE_CURVE('',#1138,#1139,#1355,.T.);
#805=EDGE_CURVE('',#1138,#1140,#1356,.T.);
#806=EDGE_CURVE('',#1140,#1141,#1357,.T.);
#807=EDGE_CURVE('',#1139,#1141,#1358,.T.);
#808=EDGE_CURVE('',#1142,#1143,#1359,.T.);
#809=EDGE_CURVE('',#1142,#1144,#1360,.T.);
#810=EDGE_CURVE('',#1144,#1145,#1361,.T.);
#811=EDGE_CURVE('',#1143,#1145,#1362,.T.);
#812=EDGE_CURVE('',#1146,#1147,#1363,.T.);
#813=EDGE_CURVE('',#1146,#1148,#1364,.T.);
#814=EDGE_CURVE('',#1148,#1149,#1365,.T.);
#815=EDGE_CURVE('',#1147,#1149,#1366,.T.);
#816=EDGE_CURVE('',#1150,#1151,#1367,.F.);
#817=EDGE_CURVE('',#1150,#1152,#1368,.F.);
#818=EDGE_CURVE('',#1152,#1153,#1369,.F.);
#819=EDGE_CURVE('',#1151,#1153,#1370,.F.);
#820=EDGE_CURVE('',#1154,#1155,#1371,.T.);
#821=EDGE_CURVE('',#1155,#1156,#1372,.F.);
#822=EDGE_CURVE('',#1157,#1156,#1373,.T.);
#823=EDGE_CURVE('',#1154,#1157,#1374,.F.);
#824=EDGE_CURVE('',#1158,#1159,#1375,.T.);
#825=EDGE_CURVE('',#1158,#1160,#1376,.F.);
#826=EDGE_CURVE('',#1160,#1161,#1377,.T.);
#827=EDGE_CURVE('',#1159,#1161,#1378,.F.);
#828=EDGE_CURVE('',#1162,#1163,#1379,.F.);
#829=EDGE_CURVE('',#1163,#1164,#1380,.F.);
#830=EDGE_CURVE('',#1165,#1164,#1381,.F.);
#831=EDGE_CURVE('',#1162,#1165,#1382,.F.);
#832=EDGE_CURVE('',#1166,#1167,#1383,.T.);
#833=EDGE_CURVE('',#1166,#1168,#1384,.T.);
#834=EDGE_CURVE('',#1168,#1169,#1385,.T.);
#835=EDGE_CURVE('',#1167,#1169,#1386,.T.);
#836=EDGE_CURVE('',#1170,#1171,#1387,.T.);
#837=EDGE_CURVE('',#1170,#1172,#1388,.T.);
#838=EDGE_CURVE('',#1172,#1173,#1389,.T.);
#839=EDGE_CURVE('',#1171,#1173,#1390,.T.);
#840=EDGE_CURVE('',#1174,#1175,#1391,.T.);
#841=EDGE_CURVE('',#1176,#1174,#1392,.F.);
#842=EDGE_CURVE('',#1176,#1177,#1393,.T.);
#843=EDGE_CURVE('',#1177,#1175,#1394,.F.);
#844=EDGE_CURVE('',#1178,#1179,#30,.T.);
#845=EDGE_CURVE('',#1178,#1180,#1395,.T.);
#846=EDGE_CURVE('',#1180,#1181,#1396,.T.);
#847=EDGE_CURVE('',#1181,#1182,#1397,.T.);
#848=EDGE_CURVE('',#1182,#1183,#1398,.T.);
#849=EDGE_CURVE('',#1184,#1183,#1399,.T.);
#850=EDGE_CURVE('',#1185,#1184,#31,.T.);
#851=EDGE_CURVE('',#1185,#1186,#1400,.T.);
#852=EDGE_CURVE('',#1186,#1187,#1401,.T.);
#853=EDGE_CURVE('',#1188,#1187,#1402,.T.);
#854=EDGE_CURVE('',#1189,#1188,#32,.T.);
#855=EDGE_CURVE('',#1189,#1190,#1403,.T.);
#856=EDGE_CURVE('',#1191,#1190,#1404,.T.);
#857=EDGE_CURVE('',#1192,#1191,#1405,.T.);
#858=EDGE_CURVE('',#1193,#1192,#1406,.T.);
#859=EDGE_CURVE('',#1194,#1193,#1407,.T.);
#860=EDGE_CURVE('',#1195,#1194,#33,.T.);
#861=EDGE_CURVE('',#1195,#1196,#1408,.T.);
#862=EDGE_CURVE('',#1197,#1196,#1409,.T.);
#863=EDGE_CURVE('',#1179,#1197,#1410,.T.);
#864=EDGE_CURVE('',#1198,#1199,#1411,.T.);
#865=EDGE_CURVE('',#1200,#1198,#1412,.T.);
#866=EDGE_CURVE('',#1200,#1201,#1413,.T.);
#867=EDGE_CURVE('',#1201,#1199,#1414,.T.);
#868=EDGE_CURVE('',#1202,#1203,#1415,.T.);
#869=EDGE_CURVE('',#1204,#1202,#1416,.T.);
#870=EDGE_CURVE('',#1204,#1205,#1417,.T.);
#871=EDGE_CURVE('',#1205,#1203,#1418,.T.);
#872=EDGE_CURVE('',#1206,#1207,#1419,.T.);
#873=EDGE_CURVE('',#1208,#1206,#1420,.T.);
#874=EDGE_CURVE('',#1208,#1209,#1421,.T.);
#875=EDGE_CURVE('',#1209,#1207,#1422,.T.);
#876=EDGE_CURVE('',#1210,#1211,#1423,.T.);
#877=EDGE_CURVE('',#1212,#1210,#1424,.T.);
#878=EDGE_CURVE('',#1212,#1213,#1425,.T.);
#879=EDGE_CURVE('',#1213,#1211,#1426,.T.);
#880=EDGE_CURVE('',#1214,#1215,#1427,.T.);
#881=EDGE_CURVE('',#1216,#1214,#1428,.T.);
#882=EDGE_CURVE('',#1217,#1216,#1429,.T.);
#883=EDGE_CURVE('',#1217,#1215,#1430,.T.);
#884=EDGE_CURVE('',#1218,#1219,#1431,.T.);
#885=EDGE_CURVE('',#1218,#1220,#1432,.T.);
#886=EDGE_CURVE('',#1220,#1221,#1433,.T.);
#887=EDGE_CURVE('',#1219,#1221,#1434,.T.);
#888=EDGE_CURVE('',#1222,#1223,#1435,.T.);
#889=EDGE_CURVE('',#1224,#1222,#34,.T.);
#890=EDGE_CURVE('',#1224,#1225,#1436,.T.);
#891=EDGE_CURVE('',#1225,#1226,#1437,.T.);
#892=EDGE_CURVE('',#1227,#1226,#1438,.T.);
#893=EDGE_CURVE('',#1227,#1228,#35,.T.);
#894=EDGE_CURVE('',#1229,#1228,#1439,.T.);
#895=EDGE_CURVE('',#1230,#1229,#1440,.T.);
#896=EDGE_CURVE('',#1230,#1231,#1441,.T.);
#897=EDGE_CURVE('',#1232,#1231,#36,.T.);
#898=EDGE_CURVE('',#1232,#1233,#1442,.T.);
#899=EDGE_CURVE('',#1234,#1233,#1443,.T.);
#900=EDGE_CURVE('',#1235,#1234,#1444,.T.);
#901=EDGE_CURVE('',#1235,#1236,#37,.T.);
#902=EDGE_CURVE('',#1236,#1237,#1445,.T.);
#903=EDGE_CURVE('',#1237,#1223,#1446,.T.);
#904=EDGE_CURVE('',#1238,#1238,#38,.T.);
#905=EDGE_CURVE('',#1239,#1240,#1447,.T.);
#906=EDGE_CURVE('',#1239,#1241,#1448,.T.);
#907=EDGE_CURVE('',#1241,#1242,#1449,.T.);
#908=EDGE_CURVE('',#1240,#1242,#1450,.T.);
#909=EDGE_CURVE('',#1243,#1244,#1451,.T.);
#910=EDGE_CURVE('',#1244,#1245,#1452,.T.);
#911=EDGE_CURVE('',#1246,#1245,#1453,.T.);
#912=EDGE_CURVE('',#1243,#1246,#1454,.T.);
#913=EDGE_CURVE('',#1247,#1248,#1455,.T.);
#914=EDGE_CURVE('',#1247,#1249,#1456,.T.);
#915=EDGE_CURVE('',#1249,#1250,#1457,.T.);
#916=EDGE_CURVE('',#1248,#1250,#1458,.T.);
#917=EDGE_CURVE('',#1251,#1252,#1459,.T.);
#918=EDGE_CURVE('',#1251,#1253,#1460,.T.);
#919=EDGE_CURVE('',#1253,#1254,#1461,.T.);
#920=EDGE_CURVE('',#1252,#1254,#1462,.T.);
#921=EDGE_CURVE('',#1255,#1256,#1463,.T.);
#922=EDGE_CURVE('',#1255,#1257,#1464,.T.);
#923=EDGE_CURVE('',#1257,#1258,#1465,.T.);
#924=EDGE_CURVE('',#1256,#1258,#1466,.T.);
#925=EDGE_CURVE('',#1259,#1260,#1467,.T.);
#926=EDGE_CURVE('',#1259,#1261,#1468,.T.);
#927=EDGE_CURVE('',#1261,#1262,#1469,.T.);
#928=EDGE_CURVE('',#1260,#1262,#1470,.T.);
#929=EDGE_CURVE('',#1263,#1264,#1471,.T.);
#930=EDGE_CURVE('',#1263,#1265,#1472,.T.);
#931=EDGE_CURVE('',#1265,#1266,#1473,.T.);
#932=EDGE_CURVE('',#1264,#1266,#1474,.T.);
#933=EDGE_CURVE('',#1049,#1176,#1475,.T.);
#934=EDGE_CURVE('',#1050,#1177,#1476,.F.);
#935=EDGE_CURVE('',#1060,#1179,#1477,.T.);
#936=EDGE_CURVE('',#1059,#1178,#1478,.T.);
#937=EDGE_CURVE('',#1267,#1267,#39,.T.);
#938=EDGE_CURVE('',#1061,#1197,#1479,.T.);
#939=EDGE_CURVE('',#1062,#1196,#1480,.T.);
#940=EDGE_CURVE('',#1063,#1195,#1481,.T.);
#941=EDGE_CURVE('',#1064,#1194,#1482,.T.);
#942=EDGE_CURVE('',#1268,#1268,#40,.T.);
#943=EDGE_CURVE('',#1065,#1193,#1483,.T.);
#944=EDGE_CURVE('',#1066,#1192,#1484,.T.);
#945=EDGE_CURVE('',#1067,#1191,#1485,.T.);
#946=EDGE_CURVE('',#1068,#1190,#1486,.T.);
#947=EDGE_CURVE('',#1069,#1189,#1487,.T.);
#948=EDGE_CURVE('',#1070,#1188,#1488,.T.);
#949=EDGE_CURVE('',#1269,#1269,#41,.T.);
#950=EDGE_CURVE('',#1071,#1187,#1489,.T.);
#951=EDGE_CURVE('',#1072,#1186,#1490,.T.);
#952=EDGE_CURVE('',#1054,#1185,#1491,.T.);
#953=EDGE_CURVE('',#1053,#1184,#1492,.T.);
#954=EDGE_CURVE('',#1270,#1270,#42,.T.);
#955=EDGE_CURVE('',#1055,#1183,#1493,.T.);
#956=EDGE_CURVE('',#1056,#1182,#1494,.T.);
#957=EDGE_CURVE('',#1057,#1181,#1495,.T.);
#958=EDGE_CURVE('',#1058,#1180,#1496,.T.);
#959=EDGE_CURVE('',#1086,#1255,#1497,.T.);
#960=EDGE_CURVE('',#1088,#1256,#1498,.T.);
#961=EDGE_CURVE('',#1087,#1257,#1499,.T.);
#962=EDGE_CURVE('',#1089,#1258,#1500,.T.);
#963=EDGE_CURVE('',#1073,#1251,#1501,.T.);
#964=EDGE_CURVE('',#1075,#1252,#1502,.T.);
#965=EDGE_CURVE('',#1074,#1253,#1503,.T.);
#966=EDGE_CURVE('',#1076,#1254,#1504,.T.);
#967=EDGE_CURVE('',#1077,#1247,#1505,.T.);
#968=EDGE_CURVE('',#1079,#1248,#1506,.T.);
#969=EDGE_CURVE('',#1078,#1249,#1507,.T.);
#970=EDGE_CURVE('',#1080,#1250,#1508,.T.);
#971=EDGE_CURVE('',#1114,#1243,#1509,.T.);
#972=EDGE_CURVE('',#1115,#1244,#1510,.T.);
#973=EDGE_CURVE('',#1117,#1245,#1511,.T.);
#974=EDGE_CURVE('',#1116,#1246,#1512,.T.);
#975=EDGE_CURVE('',#1081,#1239,#1513,.T.);
#976=EDGE_CURVE('',#1083,#1240,#1514,.T.);
#977=EDGE_CURVE('',#1082,#1241,#1515,.T.);
#978=EDGE_CURVE('',#1084,#1242,#1516,.T.);
#979=EDGE_CURVE('',#1124,#1222,#1517,.T.);
#980=EDGE_CURVE('',#1125,#1223,#1518,.T.);
#981=EDGE_CURVE('',#1123,#1224,#1519,.T.);
#982=EDGE_CURVE('',#1271,#1271,#43,.T.);
#983=EDGE_CURVE('',#1122,#1225,#1520,.T.);
#984=EDGE_CURVE('',#1121,#1226,#1521,.T.);
#985=EDGE_CURVE('',#1120,#1227,#1522,.T.);
#986=EDGE_CURVE('',#1119,#1228,#1523,.T.);
#987=EDGE_CURVE('',#1272,#1272,#44,.F.);
#988=EDGE_CURVE('',#1118,#1229,#1524,.T.);
#989=EDGE_CURVE('',#1133,#1230,#1525,.T.);
#990=EDGE_CURVE('',#1132,#1231,#1526,.T.);
#991=EDGE_CURVE('',#1131,#1232,#1527,.T.);
#992=EDGE_CURVE('',#1273,#1273,#45,.T.);
#993=EDGE_CURVE('',#1130,#1233,#1528,.T.);
#994=EDGE_CURVE('',#1129,#1234,#1529,.T.);
#995=EDGE_CURVE('',#1128,#1235,#1530,.T.);
#996=EDGE_CURVE('',#1127,#1236,#1531,.T.);
#997=EDGE_CURVE('',#1274,#1274,#46,.F.);
#998=EDGE_CURVE('',#1126,#1237,#1532,.T.);
#999=EDGE_CURVE('',#1110,#1218,#1533,.T.);
#1000=EDGE_CURVE('',#1112,#1219,#1534,.T.);
#1001=EDGE_CURVE('',#1111,#1220,#1535,.T.);
#1002=EDGE_CURVE('',#1113,#1221,#1536,.T.);
#1003=EDGE_CURVE('',#1107,#1214,#1537,.T.);
#1004=EDGE_CURVE('',#1108,#1215,#1538,.T.);
#1005=EDGE_CURVE('',#1106,#1216,#1539,.T.);
#1006=EDGE_CURVE('',#1109,#1217,#1540,.T.);
#1007=EDGE_CURVE('',#1103,#1210,#1541,.T.);
#1008=EDGE_CURVE('',#1104,#1211,#1542,.T.);
#1009=EDGE_CURVE('',#1102,#1212,#1543,.T.);
#1010=EDGE_CURVE('',#1105,#1213,#1544,.T.);
#1011=EDGE_CURVE('',#1099,#1206,#1545,.T.);
#1012=EDGE_CURVE('',#1100,#1207,#1546,.T.);
#1013=EDGE_CURVE('',#1098,#1208,#1547,.T.);
#1014=EDGE_CURVE('',#1101,#1209,#1548,.T.);
#1015=EDGE_CURVE('',#1095,#1202,#1549,.T.);
#1016=EDGE_CURVE('',#1096,#1203,#1550,.T.);
#1017=EDGE_CURVE('',#1094,#1204,#1551,.T.);
#1018=EDGE_CURVE('',#1097,#1205,#1552,.T.);
#1019=EDGE_CURVE('',#1091,#1198,#1553,.T.);
#1020=EDGE_CURVE('',#1092,#1199,#1554,.T.);
#1021=EDGE_CURVE('',#1090,#1200,#1555,.T.);
#1022=EDGE_CURVE('',#1093,#1201,#1556,.T.);
#1023=EDGE_CURVE('',#1051,#1174,#1557,.T.);
#1024=EDGE_CURVE('',#1052,#1175,#1558,.F.);
#1025=EDGE_CURVE('',#1171,#1136,#1559,.T.);
#1026=EDGE_CURVE('',#1170,#1134,#1560,.T.);
#1027=EDGE_CURVE('',#1172,#1135,#1561,.T.);
#1028=EDGE_CURVE('',#1173,#1137,#1562,.T.);
#1029=EDGE_CURVE('',#1260,#1140,#1563,.T.);
#1030=EDGE_CURVE('',#1259,#1138,#1564,.T.);
#1031=EDGE_CURVE('',#1261,#1139,#1565,.T.);
#1032=EDGE_CURVE('',#1262,#1141,#1566,.T.);
#1033=EDGE_CURVE('',#1167,#1144,#1567,.T.);
#1034=EDGE_CURVE('',#1166,#1142,#1568,.T.);
#1035=EDGE_CURVE('',#1168,#1143,#1569,.T.);
#1036=EDGE_CURVE('',#1169,#1145,#1570,.T.);
#1037=EDGE_CURVE('',#1264,#1148,#1571,.T.);
#1038=EDGE_CURVE('',#1263,#1146,#1572,.T.);
#1039=EDGE_CURVE('',#1265,#1147,#1573,.T.);
#1040=EDGE_CURVE('',#1266,#1149,#1574,.T.);
#1041=EDGE_CURVE('',#1155,#1159,#1575,.F.);
#1042=EDGE_CURVE('',#1156,#1161,#1576,.F.);
#1043=EDGE_CURVE('',#1150,#1162,#1577,.T.);
#1044=EDGE_CURVE('',#1152,#1165,#1578,.T.);
#1045=EDGE_CURVE('',#1151,#1163,#1579,.T.);
#1046=EDGE_CURVE('',#1153,#1164,#1580,.T.);
#1047=EDGE_CURVE('',#1154,#1158,#1581,.F.);
#1048=EDGE_CURVE('',#1157,#1160,#1582,.F.);
#1049=VERTEX_POINT('',#3217);
#1050=VERTEX_POINT('',#3218);
#1051=VERTEX_POINT('',#3220);
#1052=VERTEX_POINT('',#3222);
#1053=VERTEX_POINT('',#3225);
#1054=VERTEX_POINT('',#3226);
#1055=VERTEX_POINT('',#3228);
#1056=VERTEX_POINT('',#3230);
#1057=VERTEX_POINT('',#3232);
#1058=VERTEX_POINT('',#3234);
#1059=VERTEX_POINT('',#3236);
#1060=VERTEX_POINT('',#3238);
#1061=VERTEX_POINT('',#3240);
#1062=VERTEX_POINT('',#3242);
#1063=VERTEX_POINT('',#3244);
#1064=VERTEX_POINT('',#3246);
#1065=VERTEX_POINT('',#3248);
#1066=VERTEX_POINT('',#3250);
#1067=VERTEX_POINT('',#3252);
#1068=VERTEX_POINT('',#3254);
#1069=VERTEX_POINT('',#3256);
#1070=VERTEX_POINT('',#3258);
#1071=VERTEX_POINT('',#3260);
#1072=VERTEX_POINT('',#3262);
#1073=VERTEX_POINT('',#3265);
#1074=VERTEX_POINT('',#3266);
#1075=VERTEX_POINT('',#3268);
#1076=VERTEX_POINT('',#3270);
#1077=VERTEX_POINT('',#3273);
#1078=VERTEX_POINT('',#3274);
#1079=VERTEX_POINT('',#3276);
#1080=VERTEX_POINT('',#3278);
#1081=VERTEX_POINT('',#3281);
#1082=VERTEX_POINT('',#3282);
#1083=VERTEX_POINT('',#3284);
#1084=VERTEX_POINT('',#3286);
#1085=VERTEX_POINT('',#3289);
#1086=VERTEX_POINT('',#3291);
#1087=VERTEX_POINT('',#3292);
#1088=VERTEX_POINT('',#3294);
#1089=VERTEX_POINT('',#3296);
#1090=VERTEX_POINT('',#3299);
#1091=VERTEX_POINT('',#3300);
#1092=VERTEX_POINT('',#3302);
#1093=VERTEX_POINT('',#3304);
#1094=VERTEX_POINT('',#3307);
#1095=VERTEX_POINT('',#3308);
#1096=VERTEX_POINT('',#3310);
#1097=VERTEX_POINT('',#3312);
#1098=VERTEX_POINT('',#3315);
#1099=VERTEX_POINT('',#3316);
#1100=VERTEX_POINT('',#3318);
#1101=VERTEX_POINT('',#3320);
#1102=VERTEX_POINT('',#3323);
#1103=VERTEX_POINT('',#3324);
#1104=VERTEX_POINT('',#3326);
#1105=VERTEX_POINT('',#3328);
#1106=VERTEX_POINT('',#3331);
#1107=VERTEX_POINT('',#3332);
#1108=VERTEX_POINT('',#3334);
#1109=VERTEX_POINT('',#3336);
#1110=VERTEX_POINT('',#3339);
#1111=VERTEX_POINT('',#3340);
#1112=VERTEX_POINT('',#3342);
#1113=VERTEX_POINT('',#3344);
#1114=VERTEX_POINT('',#3347);
#1115=VERTEX_POINT('',#3348);
#1116=VERTEX_POINT('',#3350);
#1117=VERTEX_POINT('',#3352);
#1118=VERTEX_POINT('',#3355);
#1119=VERTEX_POINT('',#3356);
#1120=VERTEX_POINT('',#3358);
#1121=VERTEX_POINT('',#3360);
#1122=VERTEX_POINT('',#3362);
#1123=VERTEX_POINT('',#3364);
#1124=VERTEX_POINT('',#3366);
#1125=VERTEX_POINT('',#3368);
#1126=VERTEX_POINT('',#3370);
#1127=VERTEX_POINT('',#3372);
#1128=VERTEX_POINT('',#3374);
#1129=VERTEX_POINT('',#3376);
#1130=VERTEX_POINT('',#3378);
#1131=VERTEX_POINT('',#3380);
#1132=VERTEX_POINT('',#3382);
#1133=VERTEX_POINT('',#3384);
#1134=VERTEX_POINT('',#3387);
#1135=VERTEX_POINT('',#3388);
#1136=VERTEX_POINT('',#3390);
#1137=VERTEX_POINT('',#3392);
#1138=VERTEX_POINT('',#3395);
#1139=VERTEX_POINT('',#3396);
#1140=VERTEX_POINT('',#3398);
#1141=VERTEX_POINT('',#3400);
#1142=VERTEX_POINT('',#3403);
#1143=VERTEX_POINT('',#3404);
#1144=VERTEX_POINT('',#3406);
#1145=VERTEX_POINT('',#3408);
#1146=VERTEX_POINT('',#3411);
#1147=VERTEX_POINT('',#3412);
#1148=VERTEX_POINT('',#3414);
#1149=VERTEX_POINT('',#3416);
#1150=VERTEX_POINT('',#3419);
#1151=VERTEX_POINT('',#3420);
#1152=VERTEX_POINT('',#3422);
#1153=VERTEX_POINT('',#3424);
#1154=VERTEX_POINT('',#3427);
#1155=VERTEX_POINT('',#3428);
#1156=VERTEX_POINT('',#3430);
#1157=VERTEX_POINT('',#3432);
#1158=VERTEX_POINT('',#3436);
#1159=VERTEX_POINT('',#3437);
#1160=VERTEX_POINT('',#3439);
#1161=VERTEX_POINT('',#3441);
#1162=VERTEX_POINT('',#3444);
#1163=VERTEX_POINT('',#3445);
#1164=VERTEX_POINT('',#3447);
#1165=VERTEX_POINT('',#3449);
#1166=VERTEX_POINT('',#3452);
#1167=VERTEX_POINT('',#3453);
#1168=VERTEX_POINT('',#3455);
#1169=VERTEX_POINT('',#3457);
#1170=VERTEX_POINT('',#3460);
#1171=VERTEX_POINT('',#3461);
#1172=VERTEX_POINT('',#3463);
#1173=VERTEX_POINT('',#3465);
#1174=VERTEX_POINT('',#3468);
#1175=VERTEX_POINT('',#3469);
#1176=VERTEX_POINT('',#3471);
#1177=VERTEX_POINT('',#3473);
#1178=VERTEX_POINT('',#3476);
#1179=VERTEX_POINT('',#3477);
#1180=VERTEX_POINT('',#3479);
#1181=VERTEX_POINT('',#3481);
#1182=VERTEX_POINT('',#3483);
#1183=VERTEX_POINT('',#3485);
#1184=VERTEX_POINT('',#3487);
#1185=VERTEX_POINT('',#3489);
#1186=VERTEX_POINT('',#3491);
#1187=VERTEX_POINT('',#3493);
#1188=VERTEX_POINT('',#3495);
#1189=VERTEX_POINT('',#3497);
#1190=VERTEX_POINT('',#3499);
#1191=VERTEX_POINT('',#3501);
#1192=VERTEX_POINT('',#3503);
#1193=VERTEX_POINT('',#3505);
#1194=VERTEX_POINT('',#3507);
#1195=VERTEX_POINT('',#3509);
#1196=VERTEX_POINT('',#3511);
#1197=VERTEX_POINT('',#3513);
#1198=VERTEX_POINT('',#3516);
#1199=VERTEX_POINT('',#3517);
#1200=VERTEX_POINT('',#3519);
#1201=VERTEX_POINT('',#3521);
#1202=VERTEX_POINT('',#3524);
#1203=VERTEX_POINT('',#3525);
#1204=VERTEX_POINT('',#3527);
#1205=VERTEX_POINT('',#3529);
#1206=VERTEX_POINT('',#3532);
#1207=VERTEX_POINT('',#3533);
#1208=VERTEX_POINT('',#3535);
#1209=VERTEX_POINT('',#3537);
#1210=VERTEX_POINT('',#3540);
#1211=VERTEX_POINT('',#3541);
#1212=VERTEX_POINT('',#3543);
#1213=VERTEX_POINT('',#3545);
#1214=VERTEX_POINT('',#3548);
#1215=VERTEX_POINT('',#3549);
#1216=VERTEX_POINT('',#3551);
#1217=VERTEX_POINT('',#3553);
#1218=VERTEX_POINT('',#3556);
#1219=VERTEX_POINT('',#3557);
#1220=VERTEX_POINT('',#3559);
#1221=VERTEX_POINT('',#3561);
#1222=VERTEX_POINT('',#3564);
#1223=VERTEX_POINT('',#3565);
#1224=VERTEX_POINT('',#3567);
#1225=VERTEX_POINT('',#3569);
#1226=VERTEX_POINT('',#3571);
#1227=VERTEX_POINT('',#3573);
#1228=VERTEX_POINT('',#3575);
#1229=VERTEX_POINT('',#3577);
#1230=VERTEX_POINT('',#3579);
#1231=VERTEX_POINT('',#3581);
#1232=VERTEX_POINT('',#3583);
#1233=VERTEX_POINT('',#3585);
#1234=VERTEX_POINT('',#3587);
#1235=VERTEX_POINT('',#3589);
#1236=VERTEX_POINT('',#3591);
#1237=VERTEX_POINT('',#3593);
#1238=VERTEX_POINT('',#3596);
#1239=VERTEX_POINT('',#3598);
#1240=VERTEX_POINT('',#3599);
#1241=VERTEX_POINT('',#3601);
#1242=VERTEX_POINT('',#3603);
#1243=VERTEX_POINT('',#3606);
#1244=VERTEX_POINT('',#3607);
#1245=VERTEX_POINT('',#3609);
#1246=VERTEX_POINT('',#3611);
#1247=VERTEX_POINT('',#3614);
#1248=VERTEX_POINT('',#3615);
#1249=VERTEX_POINT('',#3617);
#1250=VERTEX_POINT('',#3619);
#1251=VERTEX_POINT('',#3622);
#1252=VERTEX_POINT('',#3623);
#1253=VERTEX_POINT('',#3625);
#1254=VERTEX_POINT('',#3627);
#1255=VERTEX_POINT('',#3630);
#1256=VERTEX_POINT('',#3631);
#1257=VERTEX_POINT('',#3633);
#1258=VERTEX_POINT('',#3635);
#1259=VERTEX_POINT('',#3638);
#1260=VERTEX_POINT('',#3639);
#1261=VERTEX_POINT('',#3641);
#1262=VERTEX_POINT('',#3643);
#1263=VERTEX_POINT('',#3646);
#1264=VERTEX_POINT('',#3647);
#1265=VERTEX_POINT('',#3649);
#1266=VERTEX_POINT('',#3651);
#1267=VERTEX_POINT('',#3660);
#1268=VERTEX_POINT('',#3670);
#1269=VERTEX_POINT('',#3684);
#1270=VERTEX_POINT('',#3694);
#1271=VERTEX_POINT('',#3749);
#1272=VERTEX_POINT('',#3759);
#1273=VERTEX_POINT('',#3769);
#1274=VERTEX_POINT('',#3779);
#1275=LINE('',#3216,#1583);
#1276=LINE('',#3219,#1584);
#1277=LINE('',#3221,#1585);
#1278=LINE('',#3223,#1586);
#1279=LINE('',#3227,#1587);
#1280=LINE('',#3229,#1588);
#1281=LINE('',#3231,#1589);
#1282=LINE('',#3233,#1590);
#1283=LINE('',#3235,#1591);
#1284=LINE('',#3239,#1592);
#1285=LINE('',#3241,#1593);
#1286=LINE('',#3243,#1594);
#1287=LINE('',#3247,#1595);
#1288=LINE('',#3249,#1596);
#1289=LINE('',#3251,#1597);
#1290=LINE('',#3253,#1598);
#1291=LINE('',#3255,#1599);
#1292=LINE('',#3259,#1600);
#1293=LINE('',#3261,#1601);
#1294=LINE('',#3263,#1602);
#1295=LINE('',#3264,#1603);
#1296=LINE('',#3267,#1604);
#1297=LINE('',#3269,#1605);
#1298=LINE('',#3271,#1606);
#1299=LINE('',#3272,#1607);
#1300=LINE('',#3275,#1608);
#1301=LINE('',#3277,#1609);
#1302=LINE('',#3279,#1610);
#1303=LINE('',#3280,#1611);
#1304=LINE('',#3283,#1612);
#1305=LINE('',#3285,#1613);
#1306=LINE('',#3287,#1614);
#1307=LINE('',#3290,#1615);
#1308=LINE('',#3293,#1616);
#1309=LINE('',#3295,#1617);
#1310=LINE('',#3297,#1618);
#1311=LINE('',#3298,#1619);
#1312=LINE('',#3301,#1620);
#1313=LINE('',#3303,#1621);
#1314=LINE('',#3305,#1622);
#1315=LINE('',#3306,#1623);
#1316=LINE('',#3309,#1624);
#1317=LINE('',#3311,#1625);
#1318=LINE('',#3313,#1626);
#1319=LINE('',#3314,#1627);
#1320=LINE('',#3317,#1628);
#1321=LINE('',#3319,#1629);
#1322=LINE('',#3321,#1630);
#1323=LINE('',#3322,#1631);
#1324=LINE('',#3325,#1632);
#1325=LINE('',#3327,#1633);
#1326=LINE('',#3329,#1634);
#1327=LINE('',#3330,#1635);
#1328=LINE('',#3333,#1636);
#1329=LINE('',#3335,#1637);
#1330=LINE('',#3337,#1638);
#1331=LINE('',#3338,#1639);
#1332=LINE('',#3341,#1640);
#1333=LINE('',#3343,#1641);
#1334=LINE('',#3345,#1642);
#1335=LINE('',#3346,#1643);
#1336=LINE('',#3349,#1644);
#1337=LINE('',#3351,#1645);
#1338=LINE('',#3353,#1646);
#1339=LINE('',#3354,#1647);
#1340=LINE('',#3359,#1648);
#1341=LINE('',#3361,#1649);
#1342=LINE('',#3363,#1650);
#1343=LINE('',#3367,#1651);
#1344=LINE('',#3369,#1652);
#1345=LINE('',#3371,#1653);
#1346=LINE('',#3375,#1654);
#1347=LINE('',#3377,#1655);
#1348=LINE('',#3379,#1656);
#1349=LINE('',#3383,#1657);
#1350=LINE('',#3385,#1658);
#1351=LINE('',#3386,#1659);
#1352=LINE('',#3389,#1660);
#1353=LINE('',#3391,#1661);
#1354=LINE('',#3393,#1662);
#1355=LINE('',#3394,#1663);
#1356=LINE('',#3397,#1664);
#1357=LINE('',#3399,#1665);
#1358=LINE('',#3401,#1666);
#1359=LINE('',#3402,#1667);
#1360=LINE('',#3405,#1668);
#1361=LINE('',#3407,#1669);
#1362=LINE('',#3409,#1670);
#1363=LINE('',#3410,#1671);
#1364=LINE('',#3413,#1672);
#1365=LINE('',#3415,#1673);
#1366=LINE('',#3417,#1674);
#1367=LINE('',#3418,#1675);
#1368=LINE('',#3421,#1676);
#1369=LINE('',#3423,#1677);
#1370=LINE('',#3425,#1678);
#1371=LINE('',#3426,#1679);
#1372=LINE('',#3429,#1680);
#1373=LINE('',#3431,#1681);
#1374=LINE('',#3433,#1682);
#1375=LINE('',#3435,#1683);
#1376=LINE('',#3438,#1684);
#1377=LINE('',#3440,#1685);
#1378=LINE('',#3442,#1686);
#1379=LINE('',#3443,#1687);
#1380=LINE('',#3446,#1688);
#1381=LINE('',#3448,#1689);
#1382=LINE('',#3450,#1690);
#1383=LINE('',#3451,#1691);
#1384=LINE('',#3454,#1692);
#1385=LINE('',#3456,#1693);
#1386=LINE('',#3458,#1694);
#1387=LINE('',#3459,#1695);
#1388=LINE('',#3462,#1696);
#1389=LINE('',#3464,#1697);
#1390=LINE('',#3466,#1698);
#1391=LINE('',#3467,#1699);
#1392=LINE('',#3470,#1700);
#1393=LINE('',#3472,#1701);
#1394=LINE('',#3474,#1702);
#1395=LINE('',#3478,#1703);
#1396=LINE('',#3480,#1704);
#1397=LINE('',#3482,#1705);
#1398=LINE('',#3484,#1706);
#1399=LINE('',#3486,#1707);
#1400=LINE('',#3490,#1708);
#1401=LINE('',#3492,#1709);
#1402=LINE('',#3494,#1710);
#1403=LINE('',#3498,#1711);
#1404=LINE('',#3500,#1712);
#1405=LINE('',#3502,#1713);
#1406=LINE('',#3504,#1714);
#1407=LINE('',#3506,#1715);
#1408=LINE('',#3510,#1716);
#1409=LINE('',#3512,#1717);
#1410=LINE('',#3514,#1718);
#1411=LINE('',#3515,#1719);
#1412=LINE('',#3518,#1720);
#1413=LINE('',#3520,#1721);
#1414=LINE('',#3522,#1722);
#1415=LINE('',#3523,#1723);
#1416=LINE('',#3526,#1724);
#1417=LINE('',#3528,#1725);
#1418=LINE('',#3530,#1726);
#1419=LINE('',#3531,#1727);
#1420=LINE('',#3534,#1728);
#1421=LINE('',#3536,#1729);
#1422=LINE('',#3538,#1730);
#1423=LINE('',#3539,#1731);
#1424=LINE('',#3542,#1732);
#1425=LINE('',#3544,#1733);
#1426=LINE('',#3546,#1734);
#1427=LINE('',#3547,#1735);
#1428=LINE('',#3550,#1736);
#1429=LINE('',#3552,#1737);
#1430=LINE('',#3554,#1738);
#1431=LINE('',#3555,#1739);
#1432=LINE('',#3558,#1740);
#1433=LINE('',#3560,#1741);
#1434=LINE('',#3562,#1742);
#1435=LINE('',#3563,#1743);
#1436=LINE('',#3568,#1744);
#1437=LINE('',#3570,#1745);
#1438=LINE('',#3572,#1746);
#1439=LINE('',#3576,#1747);
#1440=LINE('',#3578,#1748);
#1441=LINE('',#3580,#1749);
#1442=LINE('',#3584,#1750);
#1443=LINE('',#3586,#1751);
#1444=LINE('',#3588,#1752);
#1445=LINE('',#3592,#1753);
#1446=LINE('',#3594,#1754);
#1447=LINE('',#3597,#1755);
#1448=LINE('',#3600,#1756);
#1449=LINE('',#3602,#1757);
#1450=LINE('',#3604,#1758);
#1451=LINE('',#3605,#1759);
#1452=LINE('',#3608,#1760);
#1453=LINE('',#3610,#1761);
#1454=LINE('',#3612,#1762);
#1455=LINE('',#3613,#1763);
#1456=LINE('',#3616,#1764);
#1457=LINE('',#3618,#1765);
#1458=LINE('',#3620,#1766);
#1459=LINE('',#3621,#1767);
#1460=LINE('',#3624,#1768);
#1461=LINE('',#3626,#1769);
#1462=LINE('',#3628,#1770);
#1463=LINE('',#3629,#1771);
#1464=LINE('',#3632,#1772);
#1465=LINE('',#3634,#1773);
#1466=LINE('',#3636,#1774);
#1467=LINE('',#3637,#1775);
#1468=LINE('',#3640,#1776);
#1469=LINE('',#3642,#1777);
#1470=LINE('',#3644,#1778);
#1471=LINE('',#3645,#1779);
#1472=LINE('',#3648,#1780);
#1473=LINE('',#3650,#1781);
#1474=LINE('',#3652,#1782);
#1475=LINE('',#3654,#1783);
#1476=LINE('',#3655,#1784);
#1477=LINE('',#3657,#1785);
#1478=LINE('',#3658,#1786);
#1479=LINE('',#3662,#1787);
#1480=LINE('',#3664,#1788);
#1481=LINE('',#3666,#1789);
#1482=LINE('',#3668,#1790);
#1483=LINE('',#3672,#1791);
#1484=LINE('',#3674,#1792);
#1485=LINE('',#3676,#1793);
#1486=LINE('',#3678,#1794);
#1487=LINE('',#3680,#1795);
#1488=LINE('',#3682,#1796);
#1489=LINE('',#3686,#1797);
#1490=LINE('',#3688,#1798);
#1491=LINE('',#3690,#1799);
#1492=LINE('',#3692,#1800);
#1493=LINE('',#3696,#1801);
#1494=LINE('',#3698,#1802);
#1495=LINE('',#3700,#1803);
#1496=LINE('',#3702,#1804);
#1497=LINE('',#3709,#1805);
#1498=LINE('',#3710,#1806);
#1499=LINE('',#3712,#1807);
#1500=LINE('',#3714,#1808);
#1501=LINE('',#3716,#1809);
#1502=LINE('',#3717,#1810);
#1503=LINE('',#3719,#1811);
#1504=LINE('',#3721,#1812);
#1505=LINE('',#3723,#1813);
#1506=LINE('',#3724,#1814);
#1507=LINE('',#3726,#1815);
#1508=LINE('',#3728,#1816);
#1509=LINE('',#3730,#1817);
#1510=LINE('',#3731,#1818);
#1511=LINE('',#3733,#1819);
#1512=LINE('',#3735,#1820);
#1513=LINE('',#3737,#1821);
#1514=LINE('',#3738,#1822);
#1515=LINE('',#3740,#1823);
#1516=LINE('',#3742,#1824);
#1517=LINE('',#3744,#1825);
#1518=LINE('',#3745,#1826);
#1519=LINE('',#3747,#1827);
#1520=LINE('',#3751,#1828);
#1521=LINE('',#3753,#1829);
#1522=LINE('',#3755,#1830);
#1523=LINE('',#3757,#1831);
#1524=LINE('',#3761,#1832);
#1525=LINE('',#3763,#1833);
#1526=LINE('',#3765,#1834);
#1527=LINE('',#3767,#1835);
#1528=LINE('',#3771,#1836);
#1529=LINE('',#3773,#1837);
#1530=LINE('',#3775,#1838);
#1531=LINE('',#3777,#1839);
#1532=LINE('',#3781,#1840);
#1533=LINE('',#3783,#1841);
#1534=LINE('',#3784,#1842);
#1535=LINE('',#3786,#1843);
#1536=LINE('',#3788,#1844);
#1537=LINE('',#3790,#1845);
#1538=LINE('',#3791,#1846);
#1539=LINE('',#3793,#1847);
#1540=LINE('',#3795,#1848);
#1541=LINE('',#3797,#1849);
#1542=LINE('',#3798,#1850);
#1543=LINE('',#3800,#1851);
#1544=LINE('',#3802,#1852);
#1545=LINE('',#3804,#1853);
#1546=LINE('',#3805,#1854);
#1547=LINE('',#3807,#1855);
#1548=LINE('',#3809,#1856);
#1549=LINE('',#3811,#1857);
#1550=LINE('',#3812,#1858);
#1551=LINE('',#3814,#1859);
#1552=LINE('',#3816,#1860);
#1553=LINE('',#3818,#1861);
#1554=LINE('',#3819,#1862);
#1555=LINE('',#3821,#1863);
#1556=LINE('',#3823,#1864);
#1557=LINE('',#3825,#1865);
#1558=LINE('',#3826,#1866);
#1559=LINE('',#3847,#1867);
#1560=LINE('',#3848,#1868);
#1561=LINE('',#3850,#1869);
#1562=LINE('',#3852,#1870);
#1563=LINE('',#3855,#1871);
#1564=LINE('',#3856,#1872);
#1565=LINE('',#3858,#1873);
#1566=LINE('',#3860,#1874);
#1567=LINE('',#3863,#1875);
#1568=LINE('',#3864,#1876);
#1569=LINE('',#3866,#1877);
#1570=LINE('',#3868,#1878);
#1571=LINE('',#3871,#1879);
#1572=LINE('',#3872,#1880);
#1573=LINE('',#3874,#1881);
#1574=LINE('',#3876,#1882);
#1575=LINE('',#3879,#1883);
#1576=LINE('',#3880,#1884);
#1577=LINE('',#3882,#1885);
#1578=LINE('',#3883,#1886);
#1579=LINE('',#3885,#1887);
#1580=LINE('',#3886,#1888);
#1581=LINE('',#3888,#1889);
#1582=LINE('',#3889,#1890);
#1583=VECTOR('',#2618,1.);
#1584=VECTOR('',#2619,1.);
#1585=VECTOR('',#2620,1.);
#1586=VECTOR('',#2621,1.);
#1587=VECTOR('',#2624,1.);
#1588=VECTOR('',#2625,1.);
#1589=VECTOR('',#2626,1.);
#1590=VECTOR('',#2627,1.);
#1591=VECTOR('',#2628,1.);
#1592=VECTOR('',#2631,1.);
#1593=VECTOR('',#2632,1.);
#1594=VECTOR('',#2633,1.);
#1595=VECTOR('',#2636,1.);
#1596=VECTOR('',#2637,1.);
#1597=VECTOR('',#2638,1.);
#1598=VECTOR('',#2639,1.);
#1599=VECTOR('',#2640,1.);
#1600=VECTOR('',#2643,1.);
#1601=VECTOR('',#2644,1.);
#1602=VECTOR('',#2645,1.);
#1603=VECTOR('',#2646,1.);
#1604=VECTOR('',#2647,1.);
#1605=VECTOR('',#2648,1.);
#1606=VECTOR('',#2649,1.);
#1607=VECTOR('',#2650,1.);
#1608=VECTOR('',#2651,1.);
#1609=VECTOR('',#2652,1.);
#1610=VECTOR('',#2653,1.);
#1611=VECTOR('',#2654,1.);
#1612=VECTOR('',#2655,1.);
#1613=VECTOR('',#2656,1.);
#1614=VECTOR('',#2657,1.);
#1615=VECTOR('',#2660,1.);
#1616=VECTOR('',#2661,1.);
#1617=VECTOR('',#2662,1.);
#1618=VECTOR('',#2663,1.);
#1619=VECTOR('',#2664,1.);
#1620=VECTOR('',#2665,1.);
#1621=VECTOR('',#2666,1.);
#1622=VECTOR('',#2667,1.);
#1623=VECTOR('',#2668,1.);
#1624=VECTOR('',#2669,1.);
#1625=VECTOR('',#2670,1.);
#1626=VECTOR('',#2671,1.);
#1627=VECTOR('',#2672,1.);
#1628=VECTOR('',#2673,1.);
#1629=VECTOR('',#2674,1.);
#1630=VECTOR('',#2675,1.);
#1631=VECTOR('',#2676,1.);
#1632=VECTOR('',#2677,1.);
#1633=VECTOR('',#2678,1.);
#1634=VECTOR('',#2679,1.);
#1635=VECTOR('',#2680,1.);
#1636=VECTOR('',#2681,1.);
#1637=VECTOR('',#2682,1.);
#1638=VECTOR('',#2683,1.);
#1639=VECTOR('',#2684,1.);
#1640=VECTOR('',#2685,1.);
#1641=VECTOR('',#2686,1.);
#1642=VECTOR('',#2687,1.);
#1643=VECTOR('',#2688,1.);
#1644=VECTOR('',#2689,1.);
#1645=VECTOR('',#2690,1.);
#1646=VECTOR('',#2691,1.);
#1647=VECTOR('',#2692,1.);
#1648=VECTOR('',#2695,1.);
#1649=VECTOR('',#2696,1.);
#1650=VECTOR('',#2697,1.);
#1651=VECTOR('',#2700,1.);
#1652=VECTOR('',#2701,1.);
#1653=VECTOR('',#2702,1.);
#1654=VECTOR('',#2705,1.);
#1655=VECTOR('',#2706,1.);
#1656=VECTOR('',#2707,1.);
#1657=VECTOR('',#2710,1.);
#1658=VECTOR('',#2711,1.);
#1659=VECTOR('',#2712,1.);
#1660=VECTOR('',#2713,1.);
#1661=VECTOR('',#2714,1.);
#1662=VECTOR('',#2715,1.);
#1663=VECTOR('',#2716,1.);
#1664=VECTOR('',#2717,1.);
#1665=VECTOR('',#2718,1.);
#1666=VECTOR('',#2719,1.);
#1667=VECTOR('',#2720,1.);
#1668=VECTOR('',#2721,1.);
#1669=VECTOR('',#2722,1.);
#1670=VECTOR('',#2723,1.);
#1671=VECTOR('',#2724,1.);
#1672=VECTOR('',#2725,1.);
#1673=VECTOR('',#2726,1.);
#1674=VECTOR('',#2727,1.);
#1675=VECTOR('',#2728,1.);
#1676=VECTOR('',#2729,1.);
#1677=VECTOR('',#2730,1.);
#1678=VECTOR('',#2731,1.);
#1679=VECTOR('',#2732,1.);
#1680=VECTOR('',#2733,1.);
#1681=VECTOR('',#2734,1.);
#1682=VECTOR('',#2735,1.);
#1683=VECTOR('',#2738,1.);
#1684=VECTOR('',#2739,1.);
#1685=VECTOR('',#2740,1.);
#1686=VECTOR('',#2741,1.);
#1687=VECTOR('',#2742,1.);
#1688=VECTOR('',#2743,1.);
#1689=VECTOR('',#2744,1.);
#1690=VECTOR('',#2745,1.);
#1691=VECTOR('',#2746,1.);
#1692=VECTOR('',#2747,1.);
#1693=VECTOR('',#2748,1.);
#1694=VECTOR('',#2749,1.);
#1695=VECTOR('',#2750,1.);
#1696=VECTOR('',#2751,1.);
#1697=VECTOR('',#2752,1.);
#1698=VECTOR('',#2753,1.);
#1699=VECTOR('',#2754,1.);
#1700=VECTOR('',#2755,1.);
#1701=VECTOR('',#2756,1.);
#1702=VECTOR('',#2757,1.);
#1703=VECTOR('',#2760,1.);
#1704=VECTOR('',#2761,1.);
#1705=VECTOR('',#2762,1.);
#1706=VECTOR('',#2763,1.);
#1707=VECTOR('',#2764,1.);
#1708=VECTOR('',#2767,1.);
#1709=VECTOR('',#2768,1.);
#1710=VECTOR('',#2769,1.);
#1711=VECTOR('',#2772,1.);
#1712=VECTOR('',#2773,1.);
#1713=VECTOR('',#2774,1.);
#1714=VECTOR('',#2775,1.);
#1715=VECTOR('',#2776,1.);
#1716=VECTOR('',#2779,1.);
#1717=VECTOR('',#2780,1.);
#1718=VECTOR('',#2781,1.);
#1719=VECTOR('',#2782,1.);
#1720=VECTOR('',#2783,1.);
#1721=VECTOR('',#2784,1.);
#1722=VECTOR('',#2785,1.);
#1723=VECTOR('',#2786,1.);
#1724=VECTOR('',#2787,1.);
#1725=VECTOR('',#2788,1.);
#1726=VECTOR('',#2789,1.);
#1727=VECTOR('',#2790,1.);
#1728=VECTOR('',#2791,1.);
#1729=VECTOR('',#2792,1.);
#1730=VECTOR('',#2793,1.);
#1731=VECTOR('',#2794,1.);
#1732=VECTOR('',#2795,1.);
#1733=VECTOR('',#2796,1.);
#1734=VECTOR('',#2797,1.);
#1735=VECTOR('',#2798,1.);
#1736=VECTOR('',#2799,1.);
#1737=VECTOR('',#2800,1.);
#1738=VECTOR('',#2801,1.);
#1739=VECTOR('',#2802,1.);
#1740=VECTOR('',#2803,1.);
#1741=VECTOR('',#2804,1.);
#1742=VECTOR('',#2805,1.);
#1743=VECTOR('',#2806,1.);
#1744=VECTOR('',#2809,1.);
#1745=VECTOR('',#2810,1.);
#1746=VECTOR('',#2811,1.);
#1747=VECTOR('',#2814,1.);
#1748=VECTOR('',#2815,1.);
#1749=VECTOR('',#2816,1.);
#1750=VECTOR('',#2819,1.);
#1751=VECTOR('',#2820,1.);
#1752=VECTOR('',#2821,1.);
#1753=VECTOR('',#2824,1.);
#1754=VECTOR('',#2825,1.);
#1755=VECTOR('',#2828,1.);
#1756=VECTOR('',#2829,1.);
#1757=VECTOR('',#2830,1.);
#1758=VECTOR('',#2831,1.);
#1759=VECTOR('',#2832,1.);
#1760=VECTOR('',#2833,1.);
#1761=VECTOR('',#2834,1.);
#1762=VECTOR('',#2835,1.);
#1763=VECTOR('',#2836,1.);
#1764=VECTOR('',#2837,1.);
#1765=VECTOR('',#2838,1.);
#1766=VECTOR('',#2839,1.);
#1767=VECTOR('',#2840,1.);
#1768=VECTOR('',#2841,1.);
#1769=VECTOR('',#2842,1.);
#1770=VECTOR('',#2843,1.);
#1771=VECTOR('',#2844,1.);
#1772=VECTOR('',#2845,1.);
#1773=VECTOR('',#2846,1.);
#1774=VECTOR('',#2847,1.);
#1775=VECTOR('',#2848,1.);
#1776=VECTOR('',#2849,1.);
#1777=VECTOR('',#2850,1.);
#1778=VECTOR('',#2851,1.);
#1779=VECTOR('',#2852,1.);
#1780=VECTOR('',#2853,1.);
#1781=VECTOR('',#2854,1.);
#1782=VECTOR('',#2855,1.);
#1783=VECTOR('',#2858,1.);
#1784=VECTOR('',#2859,1.);
#1785=VECTOR('',#2862,1.);
#1786=VECTOR('',#2863,1.);
#1787=VECTOR('',#2868,1.);
#1788=VECTOR('',#2871,1.);
#1789=VECTOR('',#2874,1.);
#1790=VECTOR('',#2877,1.);
#1791=VECTOR('',#2882,1.);
#1792=VECTOR('',#2885,1.);
#1793=VECTOR('',#2888,1.);
#1794=VECTOR('',#2891,1.);
#1795=VECTOR('',#2894,1.);
#1796=VECTOR('',#2897,1.);
#1797=VECTOR('',#2902,1.);
#1798=VECTOR('',#2905,1.);
#1799=VECTOR('',#2908,1.);
#1800=VECTOR('',#2911,1.);
#1801=VECTOR('',#2916,1.);
#1802=VECTOR('',#2919,1.);
#1803=VECTOR('',#2922,1.);
#1804=VECTOR('',#2925,1.);
#1805=VECTOR('',#2938,1.);
#1806=VECTOR('',#2939,1.);
#1807=VECTOR('',#2942,1.);
#1808=VECTOR('',#2945,1.);
#1809=VECTOR('',#2948,1.);
#1810=VECTOR('',#2949,1.);
#1811=VECTOR('',#2952,1.);
#1812=VECTOR('',#2955,1.);
#1813=VECTOR('',#2958,1.);
#1814=VECTOR('',#2959,1.);
#1815=VECTOR('',#2962,1.);
#1816=VECTOR('',#2965,1.);
#1817=VECTOR('',#2968,1.);
#1818=VECTOR('',#2969,1.);
#1819=VECTOR('',#2972,1.);
#1820=VECTOR('',#2975,1.);
#1821=VECTOR('',#2978,1.);
#1822=VECTOR('',#2979,1.);
#1823=VECTOR('',#2982,1.);
#1824=VECTOR('',#2985,1.);
#1825=VECTOR('',#2988,1.);
#1826=VECTOR('',#2989,1.);
#1827=VECTOR('',#2992,1.);
#1828=VECTOR('',#2997,1.);
#1829=VECTOR('',#3000,1.);
#1830=VECTOR('',#3003,1.);
#1831=VECTOR('',#3006,1.);
#1832=VECTOR('',#3011,1.);
#1833=VECTOR('',#3014,1.);
#1834=VECTOR('',#3017,1.);
#1835=VECTOR('',#3020,1.);
#1836=VECTOR('',#3025,1.);
#1837=VECTOR('',#3028,1.);
#1838=VECTOR('',#3031,1.);
#1839=VECTOR('',#3034,1.);
#1840=VECTOR('',#3039,1.);
#1841=VECTOR('',#3042,1.);
#1842=VECTOR('',#3043,1.);
#1843=VECTOR('',#3046,1.);
#1844=VECTOR('',#3049,1.);
#1845=VECTOR('',#3052,1.);
#1846=VECTOR('',#3053,1.);
#1847=VECTOR('',#3056,1.);
#1848=VECTOR('',#3059,1.);
#1849=VECTOR('',#3062,1.);
#1850=VECTOR('',#3063,1.);
#1851=VECTOR('',#3066,1.);
#1852=VECTOR('',#3069,1.);
#1853=VECTOR('',#3072,1.);
#1854=VECTOR('',#3073,1.);
#1855=VECTOR('',#3076,1.);
#1856=VECTOR('',#3079,1.);
#1857=VECTOR('',#3082,1.);
#1858=VECTOR('',#3083,1.);
#1859=VECTOR('',#3086,1.);
#1860=VECTOR('',#3089,1.);
#1861=VECTOR('',#3092,1.);
#1862=VECTOR('',#3093,1.);
#1863=VECTOR('',#3096,1.);
#1864=VECTOR('',#3099,1.);
#1865=VECTOR('',#3102,1.);
#1866=VECTOR('',#3103,1.);
#1867=VECTOR('',#3144,1.);
#1868=VECTOR('',#3145,1.);
#1869=VECTOR('',#3148,1.);
#1870=VECTOR('',#3151,1.);
#1871=VECTOR('',#3156,1.);
#1872=VECTOR('',#3157,1.);
#1873=VECTOR('',#3160,1.);
#1874=VECTOR('',#3163,1.);
#1875=VECTOR('',#3168,1.);
#1876=VECTOR('',#3169,1.);
#1877=VECTOR('',#3172,1.);
#1878=VECTOR('',#3175,1.);
#1879=VECTOR('',#3180,1.);
#1880=VECTOR('',#3181,1.);
#1881=VECTOR('',#3184,1.);
#1882=VECTOR('',#3187,1.);
#1883=VECTOR('',#3192,1.);
#1884=VECTOR('',#3193,1.);
#1885=VECTOR('',#3196,1.);
#1886=VECTOR('',#3197,1.);
#1887=VECTOR('',#3200,1.);
#1888=VECTOR('',#3201,1.);
#1889=VECTOR('',#3204,1.);
#1890=VECTOR('',#3205,1.);
#1891=EDGE_LOOP('',(#47,#48,#49,#50));
#1892=EDGE_LOOP('',(#51,#52,#53,#54,#55,#56,#57,#58,#59,#60,#61,#62,#63,
#64,#65,#66,#67,#68,#69,#70));
#1893=EDGE_LOOP('',(#71,#72,#73,#74));
#1894=EDGE_LOOP('',(#75,#76,#77,#78));
#1895=EDGE_LOOP('',(#79,#80,#81,#82));
#1896=EDGE_LOOP('',(#83));
#1897=EDGE_LOOP('',(#84,#85,#86,#87));
#1898=EDGE_LOOP('',(#88,#89,#90,#91));
#1899=EDGE_LOOP('',(#92,#93,#94,#95));
#1900=EDGE_LOOP('',(#96,#97,#98,#99));
#1901=EDGE_LOOP('',(#100,#101,#102,#103));
#1902=EDGE_LOOP('',(#104,#105,#106,#107));
#1903=EDGE_LOOP('',(#108,#109,#110,#111));
#1904=EDGE_LOOP('',(#112,#113,#114,#115));
#1905=EDGE_LOOP('',(#116,#117,#118,#119,#120,#121,#122,#123,#124,#125,#126,
#127,#128,#129,#130,#131));
#1906=EDGE_LOOP('',(#132,#133,#134,#135));
#1907=EDGE_LOOP('',(#136,#137,#138,#139));
#1908=EDGE_LOOP('',(#140,#141,#142,#143));
#1909=EDGE_LOOP('',(#144,#145,#146,#147));
#1910=EDGE_LOOP('',(#148,#149,#150,#151));
#1911=EDGE_LOOP('',(#152,#153,#154,#155));
#1912=EDGE_LOOP('',(#156,#157,#158,#159));
#1913=EDGE_LOOP('',(#160,#161,#162,#163));
#1914=EDGE_LOOP('',(#164,#165,#166,#167));
#1915=EDGE_LOOP('',(#168,#169,#170,#171));
#1916=EDGE_LOOP('',(#172,#173,#174,#175));
#1917=EDGE_LOOP('',(#176,#177,#178,#179,#180,#181,#182,#183,#184,#185,#186,
#187,#188,#189,#190,#191,#192,#193,#194,#195));
#1918=EDGE_LOOP('',(#196,#197,#198,#199));
#1919=EDGE_LOOP('',(#200,#201,#202,#203));
#1920=EDGE_LOOP('',(#204,#205,#206,#207));
#1921=EDGE_LOOP('',(#208,#209,#210,#211));
#1922=EDGE_LOOP('',(#212,#213,#214,#215));
#1923=EDGE_LOOP('',(#216,#217,#218,#219));
#1924=EDGE_LOOP('',(#220,#221,#222,#223,#224,#225,#226,#227,#228,#229,#230,
#231,#232,#233,#234,#235));
#1925=EDGE_LOOP('',(#236));
#1926=EDGE_LOOP('',(#237,#238,#239,#240));
#1927=EDGE_LOOP('',(#241,#242,#243,#244));
#1928=EDGE_LOOP('',(#245,#246,#247,#248));
#1929=EDGE_LOOP('',(#249,#250,#251,#252));
#1930=EDGE_LOOP('',(#253,#254,#255,#256));
#1931=EDGE_LOOP('',(#257,#258,#259,#260));
#1932=EDGE_LOOP('',(#261,#262,#263,#264));
#1933=EDGE_LOOP('',(#265,#266,#267,#268));
#1934=EDGE_LOOP('',(#269,#270,#271,#272));
#1935=EDGE_LOOP('',(#273));
#1936=EDGE_LOOP('',(#274,#275,#276,#277));
#1937=EDGE_LOOP('',(#278,#279,#280,#281));
#1938=EDGE_LOOP('',(#282,#283,#284,#285));
#1939=EDGE_LOOP('',(#286,#287,#288,#289));
#1940=EDGE_LOOP('',(#290));
#1941=EDGE_LOOP('',(#291,#292,#293,#294));
#1942=EDGE_LOOP('',(#295,#296,#297,#298));
#1943=EDGE_LOOP('',(#299,#300,#301,#302));
#1944=EDGE_LOOP('',(#303,#304,#305,#306));
#1945=EDGE_LOOP('',(#307,#308,#309,#310));
#1946=EDGE_LOOP('',(#311,#312,#313,#314));
#1947=EDGE_LOOP('',(#315));
#1948=EDGE_LOOP('',(#316,#317,#318,#319));
#1949=EDGE_LOOP('',(#320,#321,#322,#323));
#1950=EDGE_LOOP('',(#324,#325,#326,#327));
#1951=EDGE_LOOP('',(#328,#329,#330,#331));
#1952=EDGE_LOOP('',(#332));
#1953=EDGE_LOOP('',(#333,#334,#335,#336));
#1954=EDGE_LOOP('',(#337,#338,#339,#340));
#1955=EDGE_LOOP('',(#341,#342,#343,#344));
#1956=EDGE_LOOP('',(#345,#346,#347,#348));
#1957=EDGE_LOOP('',(#349,#350,#351,#352));
#1958=EDGE_LOOP('',(#353));
#1959=EDGE_LOOP('',(#354));
#1960=EDGE_LOOP('',(#355));
#1961=EDGE_LOOP('',(#356));
#1962=EDGE_LOOP('',(#357,#358,#359,#360));
#1963=EDGE_LOOP('',(#361,#362,#363,#364));
#1964=EDGE_LOOP('',(#365,#366,#367,#368));
#1965=EDGE_LOOP('',(#369,#370,#371,#372));
#1966=EDGE_LOOP('',(#373,#374,#375,#376));
#1967=EDGE_LOOP('',(#377,#378,#379,#380));
#1968=EDGE_LOOP('',(#381,#382,#383,#384));
#1969=EDGE_LOOP('',(#385,#386,#387,#388));
#1970=EDGE_LOOP('',(#389,#390,#391,#392));
#1971=EDGE_LOOP('',(#393,#394,#395,#396));
#1972=EDGE_LOOP('',(#397,#398,#399,#400));
#1973=EDGE_LOOP('',(#401,#402,#403,#404));
#1974=EDGE_LOOP('',(#405,#406,#407,#408));
#1975=EDGE_LOOP('',(#409,#410,#411,#412));
#1976=EDGE_LOOP('',(#413,#414,#415,#416));
#1977=EDGE_LOOP('',(#417,#418,#419,#420));
#1978=EDGE_LOOP('',(#421,#422,#423,#424));
#1979=EDGE_LOOP('',(#425));
#1980=EDGE_LOOP('',(#426,#427,#428,#429));
#1981=EDGE_LOOP('',(#430,#431,#432,#433));
#1982=EDGE_LOOP('',(#434,#435,#436,#437));
#1983=EDGE_LOOP('',(#438,#439,#440,#441));
#1984=EDGE_LOOP('',(#442));
#1985=EDGE_LOOP('',(#443,#444,#445,#446));
#1986=EDGE_LOOP('',(#447,#448,#449,#450));
#1987=EDGE_LOOP('',(#451,#452,#453,#454));
#1988=EDGE_LOOP('',(#455,#456,#457,#458));
#1989=EDGE_LOOP('',(#459));
#1990=EDGE_LOOP('',(#460,#461,#462,#463));
#1991=EDGE_LOOP('',(#464,#465,#466,#467));
#1992=EDGE_LOOP('',(#468,#469,#470,#471));
#1993=EDGE_LOOP('',(#472,#473,#474,#475));
#1994=EDGE_LOOP('',(#476));
#1995=EDGE_LOOP('',(#477,#478,#479,#480));
#1996=EDGE_LOOP('',(#481,#482,#483,#484));
#1997=EDGE_LOOP('',(#485,#486,#487,#488));
#1998=EDGE_LOOP('',(#489,#490,#491,#492));
#1999=EDGE_LOOP('',(#493,#494,#495,#496));
#2000=EDGE_LOOP('',(#497,#498,#499,#500));
#2001=EDGE_LOOP('',(#501,#502,#503,#504));
#2002=EDGE_LOOP('',(#505,#506,#507,#508));
#2003=EDGE_LOOP('',(#509,#510,#511,#512));
#2004=EDGE_LOOP('',(#513,#514,#515,#516));
#2005=EDGE_LOOP('',(#517,#518,#519,#520));
#2006=EDGE_LOOP('',(#521,#522,#523,#524));
#2007=EDGE_LOOP('',(#525,#526,#527,#528));
#2008=EDGE_LOOP('',(#529,#530,#531,#532));
#2009=EDGE_LOOP('',(#533,#534,#535,#536));
#2010=EDGE_LOOP('',(#537,#538,#539,#540));
#2011=EDGE_LOOP('',(#541,#542,#543,#544));
#2012=EDGE_LOOP('',(#545,#546,#547,#548));
#2013=EDGE_LOOP('',(#549,#550,#551,#552));
#2014=EDGE_LOOP('',(#553,#554,#555,#556));
#2015=EDGE_LOOP('',(#557,#558,#559,#560));
#2016=EDGE_LOOP('',(#561,#562,#563,#564));
#2017=EDGE_LOOP('',(#565,#566,#567,#568));
#2018=EDGE_LOOP('',(#569,#570,#571,#572));
#2019=EDGE_LOOP('',(#573));
#2020=EDGE_LOOP('',(#574));
#2021=EDGE_LOOP('',(#575,#576,#577,#578));
#2022=EDGE_LOOP('',(#579,#580,#581,#582));
#2023=EDGE_LOOP('',(#583,#584,#585,#586));
#2024=EDGE_LOOP('',(#587,#588,#589,#590));
#2025=EDGE_LOOP('',(#591,#592,#593,#594));
#2026=EDGE_LOOP('',(#595,#596,#597,#598));
#2027=EDGE_LOOP('',(#599,#600,#601,#602));
#2028=EDGE_LOOP('',(#603,#604,#605,#606));
#2029=EDGE_LOOP('',(#607));
#2030=EDGE_LOOP('',(#608));
#2031=EDGE_LOOP('',(#609));
#2032=EDGE_LOOP('',(#610));
#2033=EDGE_LOOP('',(#611,#612,#613,#614));
#2034=EDGE_LOOP('',(#615,#616,#617,#618));
#2035=EDGE_LOOP('',(#619,#620,#621,#622));
#2036=EDGE_LOOP('',(#623,#624,#625,#626));
#2037=EDGE_LOOP('',(#627,#628,#629,#630));
#2038=EDGE_LOOP('',(#631,#632,#633,#634));
#2039=EDGE_LOOP('',(#635,#636,#637,#638));
#2040=EDGE_LOOP('',(#639,#640,#641,#642));
#2041=EDGE_LOOP('',(#643,#644,#645,#646));
#2042=EDGE_LOOP('',(#647,#648,#649,#650));
#2043=EDGE_LOOP('',(#651,#652,#653,#654));
#2044=EDGE_LOOP('',(#655,#656,#657,#658));
#2045=EDGE_LOOP('',(#659,#660,#661,#662));
#2046=EDGE_LOOP('',(#663,#664,#665,#666));
#2047=EDGE_LOOP('',(#667,#668,#669,#670));
#2048=EDGE_LOOP('',(#671,#672,#673,#674));
#2049=EDGE_LOOP('',(#675,#676,#677,#678));
#2050=EDGE_LOOP('',(#679,#680,#681,#682));
#2051=EDGE_LOOP('',(#683,#684,#685,#686));
#2052=EDGE_LOOP('',(#687,#688,#689,#690));
#2053=EDGE_LOOP('',(#691,#692,#693,#694));
#2054=EDGE_LOOP('',(#695,#696,#697,#698));
#2055=EDGE_LOOP('',(#699,#700,#701,#702));
#2056=EDGE_LOOP('',(#703,#704,#705,#706));
#2057=EDGE_LOOP('',(#707,#708,#709,#710));
#2058=EDGE_LOOP('',(#711,#712,#713,#714));
#2059=FACE_BOUND('',#1891,.T.);
#2060=FACE_BOUND('',#1892,.T.);
#2061=FACE_BOUND('',#1893,.T.);
#2062=FACE_BOUND('',#1894,.T.);
#2063=FACE_BOUND('',#1895,.T.);
#2064=FACE_BOUND('',#1896,.T.);
#2065=FACE_BOUND('',#1897,.T.);
#2066=FACE_BOUND('',#1898,.T.);
#2067=FACE_BOUND('',#1899,.T.);
#2068=FACE_BOUND('',#1900,.T.);
#2069=FACE_BOUND('',#1901,.T.);
#2070=FACE_BOUND('',#1902,.T.);
#2071=FACE_BOUND('',#1903,.T.);
#2072=FACE_BOUND('',#1904,.T.);
#2073=FACE_BOUND('',#1905,.T.);
#2074=FACE_BOUND('',#1906,.T.);
#2075=FACE_BOUND('',#1907,.T.);
#2076=FACE_BOUND('',#1908,.T.);
#2077=FACE_BOUND('',#1909,.T.);
#2078=FACE_BOUND('',#1910,.T.);
#2079=FACE_BOUND('',#1911,.T.);
#2080=FACE_BOUND('',#1912,.T.);
#2081=FACE_BOUND('',#1913,.T.);
#2082=FACE_BOUND('',#1914,.T.);
#2083=FACE_BOUND('',#1915,.T.);
#2084=FACE_BOUND('',#1916,.T.);
#2085=FACE_BOUND('',#1917,.T.);
#2086=FACE_BOUND('',#1918,.T.);
#2087=FACE_BOUND('',#1919,.T.);
#2088=FACE_BOUND('',#1920,.T.);
#2089=FACE_BOUND('',#1921,.T.);
#2090=FACE_BOUND('',#1922,.T.);
#2091=FACE_BOUND('',#1923,.T.);
#2092=FACE_BOUND('',#1924,.T.);
#2093=FACE_BOUND('',#1925,.T.);
#2094=FACE_BOUND('',#1926,.T.);
#2095=FACE_BOUND('',#1927,.T.);
#2096=FACE_BOUND('',#1928,.T.);
#2097=FACE_BOUND('',#1929,.T.);
#2098=FACE_BOUND('',#1930,.T.);
#2099=FACE_BOUND('',#1931,.T.);
#2100=FACE_BOUND('',#1932,.T.);
#2101=FACE_BOUND('',#1933,.T.);
#2102=FACE_BOUND('',#1934,.T.);
#2103=FACE_BOUND('',#1935,.T.);
#2104=FACE_BOUND('',#1936,.T.);
#2105=FACE_BOUND('',#1937,.T.);
#2106=FACE_BOUND('',#1938,.T.);
#2107=FACE_BOUND('',#1939,.T.);
#2108=FACE_BOUND('',#1940,.T.);
#2109=FACE_BOUND('',#1941,.T.);
#2110=FACE_BOUND('',#1942,.T.);
#2111=FACE_BOUND('',#1943,.T.);
#2112=FACE_BOUND('',#1944,.T.);
#2113=FACE_BOUND('',#1945,.T.);
#2114=FACE_BOUND('',#1946,.T.);
#2115=FACE_BOUND('',#1947,.T.);
#2116=FACE_BOUND('',#1948,.T.);
#2117=FACE_BOUND('',#1949,.T.);
#2118=FACE_BOUND('',#1950,.T.);
#2119=FACE_BOUND('',#1951,.T.);
#2120=FACE_BOUND('',#1952,.T.);
#2121=FACE_BOUND('',#1953,.T.);
#2122=FACE_BOUND('',#1954,.T.);
#2123=FACE_BOUND('',#1955,.T.);
#2124=FACE_BOUND('',#1956,.T.);
#2125=FACE_BOUND('',#1957,.T.);
#2126=FACE_BOUND('',#1958,.T.);
#2127=FACE_BOUND('',#1959,.T.);
#2128=FACE_BOUND('',#1960,.T.);
#2129=FACE_BOUND('',#1961,.T.);
#2130=FACE_BOUND('',#1962,.T.);
#2131=FACE_BOUND('',#1963,.T.);
#2132=FACE_BOUND('',#1964,.T.);
#2133=FACE_BOUND('',#1965,.T.);
#2134=FACE_BOUND('',#1966,.T.);
#2135=FACE_BOUND('',#1967,.T.);
#2136=FACE_BOUND('',#1968,.T.);
#2137=FACE_BOUND('',#1969,.T.);
#2138=FACE_BOUND('',#1970,.T.);
#2139=FACE_BOUND('',#1971,.T.);
#2140=FACE_BOUND('',#1972,.T.);
#2141=FACE_BOUND('',#1973,.T.);
#2142=FACE_BOUND('',#1974,.T.);
#2143=FACE_BOUND('',#1975,.T.);
#2144=FACE_BOUND('',#1976,.T.);
#2145=FACE_BOUND('',#1977,.T.);
#2146=FACE_BOUND('',#1978,.T.);
#2147=FACE_BOUND('',#1979,.T.);
#2148=FACE_BOUND('',#1980,.T.);
#2149=FACE_BOUND('',#1981,.T.);
#2150=FACE_BOUND('',#1982,.T.);
#2151=FACE_BOUND('',#1983,.T.);
#2152=FACE_BOUND('',#1984,.T.);
#2153=FACE_BOUND('',#1985,.T.);
#2154=FACE_BOUND('',#1986,.T.);
#2155=FACE_BOUND('',#1987,.T.);
#2156=FACE_BOUND('',#1988,.T.);
#2157=FACE_BOUND('',#1989,.T.);
#2158=FACE_BOUND('',#1990,.T.);
#2159=FACE_BOUND('',#1991,.T.);
#2160=FACE_BOUND('',#1992,.T.);
#2161=FACE_BOUND('',#1993,.T.);
#2162=FACE_BOUND('',#1994,.T.);
#2163=FACE_BOUND('',#1995,.T.);
#2164=FACE_BOUND('',#1996,.T.);
#2165=FACE_BOUND('',#1997,.T.);
#2166=FACE_BOUND('',#1998,.T.);
#2167=FACE_BOUND('',#1999,.T.);
#2168=FACE_BOUND('',#2000,.T.);
#2169=FACE_BOUND('',#2001,.T.);
#2170=FACE_BOUND('',#2002,.T.);
#2171=FACE_BOUND('',#2003,.T.);
#2172=FACE_BOUND('',#2004,.T.);
#2173=FACE_BOUND('',#2005,.T.);
#2174=FACE_BOUND('',#2006,.T.);
#2175=FACE_BOUND('',#2007,.T.);
#2176=FACE_BOUND('',#2008,.T.);
#2177=FACE_BOUND('',#2009,.T.);
#2178=FACE_BOUND('',#2010,.T.);
#2179=FACE_BOUND('',#2011,.T.);
#2180=FACE_BOUND('',#2012,.T.);
#2181=FACE_BOUND('',#2013,.T.);
#2182=FACE_BOUND('',#2014,.T.);
#2183=FACE_BOUND('',#2015,.T.);
#2184=FACE_BOUND('',#2016,.T.);
#2185=FACE_BOUND('',#2017,.T.);
#2186=FACE_BOUND('',#2018,.T.);
#2187=FACE_BOUND('',#2019,.T.);
#2188=FACE_BOUND('',#2020,.T.);
#2189=FACE_BOUND('',#2021,.T.);
#2190=FACE_BOUND('',#2022,.T.);
#2191=FACE_BOUND('',#2023,.T.);
#2192=FACE_BOUND('',#2024,.T.);
#2193=FACE_BOUND('',#2025,.T.);
#2194=FACE_BOUND('',#2026,.T.);
#2195=FACE_BOUND('',#2027,.T.);
#2196=FACE_BOUND('',#2028,.T.);
#2197=FACE_BOUND('',#2029,.T.);
#2198=FACE_BOUND('',#2030,.T.);
#2199=FACE_BOUND('',#2031,.T.);
#2200=FACE_BOUND('',#2032,.T.);
#2201=FACE_BOUND('',#2033,.T.);
#2202=FACE_BOUND('',#2034,.T.);
#2203=FACE_BOUND('',#2035,.T.);
#2204=FACE_BOUND('',#2036,.T.);
#2205=FACE_BOUND('',#2037,.T.);
#2206=FACE_BOUND('',#2038,.T.);
#2207=FACE_BOUND('',#2039,.T.);
#2208=FACE_BOUND('',#2040,.T.);
#2209=FACE_BOUND('',#2041,.T.);
#2210=FACE_BOUND('',#2042,.T.);
#2211=FACE_BOUND('',#2043,.T.);
#2212=FACE_BOUND('',#2044,.T.);
#2213=FACE_BOUND('',#2045,.T.);
#2214=FACE_BOUND('',#2046,.T.);
#2215=FACE_BOUND('',#2047,.T.);
#2216=FACE_BOUND('',#2048,.T.);
#2217=FACE_BOUND('',#2049,.T.);
#2218=FACE_BOUND('',#2050,.T.);
#2219=FACE_BOUND('',#2051,.T.);
#2220=FACE_BOUND('',#2052,.T.);
#2221=FACE_BOUND('',#2053,.T.);
#2222=FACE_BOUND('',#2054,.T.);
#2223=FACE_BOUND('',#2055,.T.);
#2224=FACE_BOUND('',#2056,.T.);
#2225=FACE_BOUND('',#2057,.T.);
#2226=FACE_BOUND('',#2058,.T.);
#2227=PLANE('',#2469);
#2228=PLANE('',#2479);
#2229=PLANE('',#2489);
#2230=PLANE('',#2492);
#2231=PLANE('',#2493);
#2232=PLANE('',#2494);
#2233=PLANE('',#2497);
#2234=PLANE('',#2498);
#2235=PLANE('',#2499);
#2236=PLANE('',#2500);
#2237=PLANE('',#2501);
#2238=PLANE('',#2504);
#2239=PLANE('',#2505);
#2240=PLANE('',#2506);
#2241=PLANE('',#2509);
#2242=PLANE('',#2510);
#2243=PLANE('',#2511);
#2244=PLANE('',#2512);
#2245=PLANE('',#2513);
#2246=PLANE('',#2514);
#2247=PLANE('',#2515);
#2248=PLANE('',#2516);
#2249=PLANE('',#2517);
#2250=PLANE('',#2518);
#2251=PLANE('',#2519);
#2252=PLANE('',#2520);
#2253=PLANE('',#2521);
#2254=PLANE('',#2522);
#2255=PLANE('',#2523);
#2256=PLANE('',#2524);
#2257=PLANE('',#2525);
#2258=PLANE('',#2526);
#2259=PLANE('',#2527);
#2260=PLANE('',#2528);
#2261=PLANE('',#2529);
#2262=PLANE('',#2530);
#2263=PLANE('',#2531);
#2264=PLANE('',#2532);
#2265=PLANE('',#2533);
#2266=PLANE('',#2536);
#2267=PLANE('',#2537);
#2268=PLANE('',#2538);
#2269=PLANE('',#2541);
#2270=PLANE('',#2542);
#2271=PLANE('',#2543);
#2272=PLANE('',#2546);
#2273=PLANE('',#2547);
#2274=PLANE('',#2548);
#2275=PLANE('',#2551);
#2276=PLANE('',#2552);
#2277=PLANE('',#2553);
#2278=PLANE('',#2554);
#2279=PLANE('',#2555);
#2280=PLANE('',#2556);
#2281=PLANE('',#2557);
#2282=PLANE('',#2558);
#2283=PLANE('',#2559);
#2284=PLANE('',#2560);
#2285=PLANE('',#2561);
#2286=PLANE('',#2562);
#2287=PLANE('',#2563);
#2288=PLANE('',#2564);
#2289=PLANE('',#2565);
#2290=PLANE('',#2566);
#2291=PLANE('',#2567);
#2292=PLANE('',#2568);
#2293=PLANE('',#2569);
#2294=PLANE('',#2570);
#2295=PLANE('',#2571);
#2296=PLANE('',#2572);
#2297=PLANE('',#2573);
#2298=PLANE('',#2574);
#2299=PLANE('',#2576);
#2300=PLANE('',#2577);
#2301=PLANE('',#2578);
#2302=PLANE('',#2579);
#2303=PLANE('',#2580);
#2304=PLANE('',#2581);
#2305=PLANE('',#2582);
#2306=PLANE('',#2583);
#2307=PLANE('',#2584);
#2308=PLANE('',#2585);
#2309=PLANE('',#2586);
#2310=PLANE('',#2587);
#2311=PLANE('',#2588);
#2312=PLANE('',#2589);
#2313=PLANE('',#2590);
#2314=PLANE('',#2591);
#2315=PLANE('',#2592);
#2316=PLANE('',#2593);
#2317=PLANE('',#2594);
#2318=PLANE('',#2595);
#2319=PLANE('',#2596);
#2320=PLANE('',#2597);
#2321=PLANE('',#2598);
#2322=PLANE('',#2599);
#2323=PLANE('',#2600);
#2324=PLANE('',#2601);
#2325=PLANE('',#2602);
#2326=PLANE('',#2603);
#2327=PLANE('',#2604);
#2328=PLANE('',#2605);
#2329=PLANE('',#2606);
#2330=PLANE('',#2607);
#2331=PLANE('',#2608);
#2332=PLANE('',#2609);
#2333=PLANE('',#2610);
#2334=PLANE('',#2611);
#2335=PLANE('',#2612);
#2336=PLANE('',#2613);
#2337=ADVANCED_FACE('',(#2059,#2060,#2061,#2062,#2063,#2064,#2065,#2066,
#2067,#2068,#2069,#2070,#2071,#2072,#2073,#2074,#2075,#2076,#2077,#2078,
#2079),#2227,.T.);
#2338=ADVANCED_FACE('',(#2080,#2081,#2082,#2083,#2084,#2085,#2086,#2087,
#2088,#2089,#2090,#2091,#2092,#2093,#2094,#2095,#2096,#2097,#2098,#2099,
#2100),#2228,.F.);
#2339=ADVANCED_FACE('',(#2101),#2229,.T.);
#2340=ADVANCED_FACE('',(#2102,#2103),#12,.T.);
#2341=ADVANCED_FACE('',(#2104),#2230,.F.);
#2342=ADVANCED_FACE('',(#2105),#2231,.F.);
#2343=ADVANCED_FACE('',(#2106),#2232,.T.);
#2344=ADVANCED_FACE('',(#2107,#2108),#13,.T.);
#2345=ADVANCED_FACE('',(#2109),#2233,.F.);
#2346=ADVANCED_FACE('',(#2110),#2234,.F.);
#2347=ADVANCED_FACE('',(#2111),#2235,.F.);
#2348=ADVANCED_FACE('',(#2112),#2236,.F.);
#2349=ADVANCED_FACE('',(#2113),#2237,.T.);
#2350=ADVANCED_FACE('',(#2114,#2115),#14,.T.);
#2351=ADVANCED_FACE('',(#2116),#2238,.F.);
#2352=ADVANCED_FACE('',(#2117),#2239,.T.);
#2353=ADVANCED_FACE('',(#2118),#2240,.T.);
#2354=ADVANCED_FACE('',(#2119,#2120),#15,.T.);
#2355=ADVANCED_FACE('',(#2121),#2241,.F.);
#2356=ADVANCED_FACE('',(#2122),#2242,.T.);
#2357=ADVANCED_FACE('',(#2123),#2243,.T.);
#2358=ADVANCED_FACE('',(#2124),#2244,.T.);
#2359=ADVANCED_FACE('',(#2125),#2245,.T.);
#2360=ADVANCED_FACE('',(#2126),#2246,.T.);
#2361=ADVANCED_FACE('',(#2127),#2247,.T.);
#2362=ADVANCED_FACE('',(#2128),#2248,.T.);
#2363=ADVANCED_FACE('',(#2129),#2249,.T.);
#2364=ADVANCED_FACE('',(#2130),#2250,.F.);
#2365=ADVANCED_FACE('',(#2131),#2251,.T.);
#2366=ADVANCED_FACE('',(#2132),#2252,.T.);
#2367=ADVANCED_FACE('',(#2133),#2253,.F.);
#2368=ADVANCED_FACE('',(#2134),#2254,.T.);
#2369=ADVANCED_FACE('',(#2135),#2255,.T.);
#2370=ADVANCED_FACE('',(#2136),#2256,.F.);
#2371=ADVANCED_FACE('',(#2137),#2257,.T.);
#2372=ADVANCED_FACE('',(#2138),#2258,.T.);
#2373=ADVANCED_FACE('',(#2139),#2259,.T.);
#2374=ADVANCED_FACE('',(#2140),#2260,.T.);
#2375=ADVANCED_FACE('',(#2141),#2261,.F.);
#2376=ADVANCED_FACE('',(#2142),#2262,.F.);
#2377=ADVANCED_FACE('',(#2143),#2263,.T.);
#2378=ADVANCED_FACE('',(#2144),#2264,.T.);
#2379=ADVANCED_FACE('',(#2145),#2265,.F.);
#2380=ADVANCED_FACE('',(#2146,#2147),#16,.T.);
#2381=ADVANCED_FACE('',(#2148),#2266,.T.);
#2382=ADVANCED_FACE('',(#2149),#2267,.T.);
#2383=ADVANCED_FACE('',(#2150),#2268,.F.);
#2384=ADVANCED_FACE('',(#2151,#2152),#17,.T.);
#2385=ADVANCED_FACE('',(#2153),#2269,.F.);
#2386=ADVANCED_FACE('',(#2154),#2270,.F.);
#2387=ADVANCED_FACE('',(#2155),#2271,.T.);
#2388=ADVANCED_FACE('',(#2156,#2157),#18,.T.);
#2389=ADVANCED_FACE('',(#2158),#2272,.T.);
#2390=ADVANCED_FACE('',(#2159),#2273,.F.);
#2391=ADVANCED_FACE('',(#2160),#2274,.F.);
#2392=ADVANCED_FACE('',(#2161,#2162),#19,.T.);
#2393=ADVANCED_FACE('',(#2163),#2275,.T.);
#2394=ADVANCED_FACE('',(#2164),#2276,.F.);
#2395=ADVANCED_FACE('',(#2165),#2277,.T.);
#2396=ADVANCED_FACE('',(#2166),#2278,.T.);
#2397=ADVANCED_FACE('',(#2167),#2279,.F.);
#2398=ADVANCED_FACE('',(#2168),#2280,.F.);
#2399=ADVANCED_FACE('',(#2169),#2281,.F.);
#2400=ADVANCED_FACE('',(#2170),#2282,.F.);
#2401=ADVANCED_FACE('',(#2171),#2283,.F.);
#2402=ADVANCED_FACE('',(#2172),#2284,.T.);
#2403=ADVANCED_FACE('',(#2173),#2285,.F.);
#2404=ADVANCED_FACE('',(#2174),#2286,.F.);
#2405=ADVANCED_FACE('',(#2175),#2287,.T.);
#2406=ADVANCED_FACE('',(#2176),#2288,.F.);
#2407=ADVANCED_FACE('',(#2177),#2289,.F.);
#2408=ADVANCED_FACE('',(#2178),#2290,.T.);
#2409=ADVANCED_FACE('',(#2179),#2291,.F.);
#2410=ADVANCED_FACE('',(#2180),#2292,.F.);
#2411=ADVANCED_FACE('',(#2181),#2293,.T.);
#2412=ADVANCED_FACE('',(#2182),#2294,.F.);
#2413=ADVANCED_FACE('',(#2183),#2295,.F.);
#2414=ADVANCED_FACE('',(#2184),#2296,.F.);
#2415=ADVANCED_FACE('',(#2185),#2297,.F.);
#2416=ADVANCED_FACE('',(#2186),#2298,.F.);
#2417=ADVANCED_FACE('',(#2187,#2188),#20,.F.);
#2418=ADVANCED_FACE('',(#2189),#2299,.T.);
#2419=ADVANCED_FACE('',(#2190),#2300,.F.);
#2420=ADVANCED_FACE('',(#2191),#2301,.T.);
#2421=ADVANCED_FACE('',(#2192),#2302,.T.);
#2422=ADVANCED_FACE('',(#2193),#2303,.T.);
#2423=ADVANCED_FACE('',(#2194),#2304,.T.);
#2424=ADVANCED_FACE('',(#2195),#2305,.T.);
#2425=ADVANCED_FACE('',(#2196),#2306,.F.);
#2426=ADVANCED_FACE('',(#2197),#2307,.T.);
#2427=ADVANCED_FACE('',(#2198),#2308,.T.);
#2428=ADVANCED_FACE('',(#2199),#2309,.T.);
#2429=ADVANCED_FACE('',(#2200),#2310,.T.);
#2430=ADVANCED_FACE('',(#2201),#2311,.F.);
#2431=ADVANCED_FACE('',(#2202),#2312,.T.);
#2432=ADVANCED_FACE('',(#2203),#2313,.T.);
#2433=ADVANCED_FACE('',(#2204),#2314,.F.);
#2434=ADVANCED_FACE('',(#2205),#2315,.F.);
#2435=ADVANCED_FACE('',(#2206),#2316,.T.);
#2436=ADVANCED_FACE('',(#2207),#2317,.T.);
#2437=ADVANCED_FACE('',(#2208),#2318,.F.);
#2438=ADVANCED_FACE('',(#2209),#2319,.F.);
#2439=ADVANCED_FACE('',(#2210),#2320,.T.);
#2440=ADVANCED_FACE('',(#2211),#2321,.T.);
#2441=ADVANCED_FACE('',(#2212),#2322,.F.);
#2442=ADVANCED_FACE('',(#2213),#2323,.F.);
#2443=ADVANCED_FACE('',(#2214),#2324,.T.);
#2444=ADVANCED_FACE('',(#2215),#2325,.T.);
#2445=ADVANCED_FACE('',(#2216),#2326,.F.);
#2446=ADVANCED_FACE('',(#2217),#2327,.F.);
#2447=ADVANCED_FACE('',(#2218),#2328,.T.);
#2448=ADVANCED_FACE('',(#2219),#2329,.F.);
#2449=ADVANCED_FACE('',(#2220),#2330,.F.);
#2450=ADVANCED_FACE('',(#2221),#2331,.T.);
#2451=ADVANCED_FACE('',(#2222),#2332,.T.);
#2452=ADVANCED_FACE('',(#2223),#2333,.T.);
#2453=ADVANCED_FACE('',(#2224),#2334,.F.);
#2454=ADVANCED_FACE('',(#2225),#2335,.T.);
#2455=ADVANCED_FACE('',(#2226),#2336,.F.);
#2456=CLOSED_SHELL('',(#2337,#2338,#2339,#2340,#2341,#2342,#2343,#2344,
#2345,#2346,#2347,#2348,#2349,#2350,#2351,#2352,#2353,#2354,#2355,#2356,
#2357,#2358,#2359,#2360,#2361,#2362,#2363,#2364,#2365,#2366,#2367,#2368,
#2369,#2370,#2371,#2372,#2373,#2374,#2375,#2376,#2377,#2378,#2379,#2380,
#2381,#2382,#2383,#2384,#2385,#2386,#2387,#2388,#2389,#2390,#2391,#2392,
#2393,#2394,#2395,#2396,#2397,#2398,#2399,#2400,#2401,#2402,#2403,#2404,
#2405,#2406,#2407,#2408,#2409,#2410,#2411,#2412,#2413,#2414,#2415,#2416,
#2417,#2418,#2419,#2420,#2421,#2422,#2423,#2424,#2425,#2426,#2427,#2428,
#2429,#2430,#2431,#2432,#2433,#2434,#2435,#2436,#2437,#2438,#2439,#2440,
#2441,#2442,#2443,#2444,#2445,#2446,#2447,#2448,#2449,#2450,#2451,#2452,
#2453,#2454,#2455));
#2457=STYLED_ITEM('',(#2458),#2465);
#2458=PRESENTATION_STYLE_ASSIGNMENT((#2459));
#2459=SURFACE_STYLE_USAGE(.BOTH.,#2460);
#2460=SURFACE_SIDE_STYLE('',(#2461));
#2461=SURFACE_STYLE_FILL_AREA(#2462);
#2462=FILL_AREA_STYLE('',(#2463));
#2463=FILL_AREA_STYLE_COLOUR('',#2464);
#2464=COLOUR_RGB('',0.615686274509804,0.811764705882353,0.929411764705882);
#2465=MANIFOLD_SOLID_BREP('Part 1',#2456);
#2466=SHAPE_DEFINITION_REPRESENTATION(#3900,#2467);
#2467=SHAPE_REPRESENTATION('Part 1',(#2468),#3895);
#2468=AXIS2_PLACEMENT_3D('',#3214,#2614,#2615);
#2469=AXIS2_PLACEMENT_3D('',#3215,#2616,#2617);
#2470=AXIS2_PLACEMENT_3D('',#3224,#2622,#2623);
#2471=AXIS2_PLACEMENT_3D('',#3237,#2629,#2630);
#2472=AXIS2_PLACEMENT_3D('',#3245,#2634,#2635);
#2473=AXIS2_PLACEMENT_3D('',#3257,#2641,#2642);
#2474=AXIS2_PLACEMENT_3D('',#3288,#2658,#2659);
#2475=AXIS2_PLACEMENT_3D('',#3357,#2693,#2694);
#2476=AXIS2_PLACEMENT_3D('',#3365,#2698,#2699);
#2477=AXIS2_PLACEMENT_3D('',#3373,#2703,#2704);
#2478=AXIS2_PLACEMENT_3D('',#3381,#2708,#2709);
#2479=AXIS2_PLACEMENT_3D('',#3434,#2736,#2737);
#2480=AXIS2_PLACEMENT_3D('',#3475,#2758,#2759);
#2481=AXIS2_PLACEMENT_3D('',#3488,#2765,#2766);
#2482=AXIS2_PLACEMENT_3D('',#3496,#2770,#2771);
#2483=AXIS2_PLACEMENT_3D('',#3508,#2777,#2778);
#2484=AXIS2_PLACEMENT_3D('',#3566,#2807,#2808);
#2485=AXIS2_PLACEMENT_3D('',#3574,#2812,#2813);
#2486=AXIS2_PLACEMENT_3D('',#3582,#2817,#2818);
#2487=AXIS2_PLACEMENT_3D('',#3590,#2822,#2823);
#2488=AXIS2_PLACEMENT_3D('',#3595,#2826,#2827);
#2489=AXIS2_PLACEMENT_3D('',#3653,#2856,#2857);
#2490=AXIS2_PLACEMENT_3D('',#3656,#2860,#2861);
#2491=AXIS2_PLACEMENT_3D('',#3659,#2864,#2865);
#2492=AXIS2_PLACEMENT_3D('',#3661,#2866,#2867);
#2493=AXIS2_PLACEMENT_3D('',#3663,#2869,#2870);
#2494=AXIS2_PLACEMENT_3D('',#3665,#2872,#2873);
#2495=AXIS2_PLACEMENT_3D('',#3667,#2875,#2876);
#2496=AXIS2_PLACEMENT_3D('',#3669,#2878,#2879);
#2497=AXIS2_PLACEMENT_3D('',#3671,#2880,#2881);
#2498=AXIS2_PLACEMENT_3D('',#3673,#2883,#2884);
#2499=AXIS2_PLACEMENT_3D('',#3675,#2886,#2887);
#2500=AXIS2_PLACEMENT_3D('',#3677,#2889,#2890);
#2501=AXIS2_PLACEMENT_3D('',#3679,#2892,#2893);
#2502=AXIS2_PLACEMENT_3D('',#3681,#2895,#2896);
#2503=AXIS2_PLACEMENT_3D('',#3683,#2898,#2899);
#2504=AXIS2_PLACEMENT_3D('',#3685,#2900,#2901);
#2505=AXIS2_PLACEMENT_3D('',#3687,#2903,#2904);
#2506=AXIS2_PLACEMENT_3D('',#3689,#2906,#2907);
#2507=AXIS2_PLACEMENT_3D('',#3691,#2909,#2910);
#2508=AXIS2_PLACEMENT_3D('',#3693,#2912,#2913);
#2509=AXIS2_PLACEMENT_3D('',#3695,#2914,#2915);
#2510=AXIS2_PLACEMENT_3D('',#3697,#2917,#2918);
#2511=AXIS2_PLACEMENT_3D('',#3699,#2920,#2921);
#2512=AXIS2_PLACEMENT_3D('',#3701,#2923,#2924);
#2513=AXIS2_PLACEMENT_3D('',#3703,#2926,#2927);
#2514=AXIS2_PLACEMENT_3D('',#3704,#2928,#2929);
#2515=AXIS2_PLACEMENT_3D('',#3705,#2930,#2931);
#2516=AXIS2_PLACEMENT_3D('',#3706,#2932,#2933);
#2517=AXIS2_PLACEMENT_3D('',#3707,#2934,#2935);
#2518=AXIS2_PLACEMENT_3D('',#3708,#2936,#2937);
#2519=AXIS2_PLACEMENT_3D('',#3711,#2940,#2941);
#2520=AXIS2_PLACEMENT_3D('',#3713,#2943,#2944);
#2521=AXIS2_PLACEMENT_3D('',#3715,#2946,#2947);
#2522=AXIS2_PLACEMENT_3D('',#3718,#2950,#2951);
#2523=AXIS2_PLACEMENT_3D('',#3720,#2953,#2954);
#2524=AXIS2_PLACEMENT_3D('',#3722,#2956,#2957);
#2525=AXIS2_PLACEMENT_3D('',#3725,#2960,#2961);
#2526=AXIS2_PLACEMENT_3D('',#3727,#2963,#2964);
#2527=AXIS2_PLACEMENT_3D('',#3729,#2966,#2967);
#2528=AXIS2_PLACEMENT_3D('',#3732,#2970,#2971);
#2529=AXIS2_PLACEMENT_3D('',#3734,#2973,#2974);
#2530=AXIS2_PLACEMENT_3D('',#3736,#2976,#2977);
#2531=AXIS2_PLACEMENT_3D('',#3739,#2980,#2981);
#2532=AXIS2_PLACEMENT_3D('',#3741,#2983,#2984);
#2533=AXIS2_PLACEMENT_3D('',#3743,#2986,#2987);
#2534=AXIS2_PLACEMENT_3D('',#3746,#2990,#2991);
#2535=AXIS2_PLACEMENT_3D('',#3748,#2993,#2994);
#2536=AXIS2_PLACEMENT_3D('',#3750,#2995,#2996);
#2537=AXIS2_PLACEMENT_3D('',#3752,#2998,#2999);
#2538=AXIS2_PLACEMENT_3D('',#3754,#3001,#3002);
#2539=AXIS2_PLACEMENT_3D('',#3756,#3004,#3005);
#2540=AXIS2_PLACEMENT_3D('',#3758,#3007,#3008);
#2541=AXIS2_PLACEMENT_3D('',#3760,#3009,#3010);
#2542=AXIS2_PLACEMENT_3D('',#3762,#3012,#3013);
#2543=AXIS2_PLACEMENT_3D('',#3764,#3015,#3016);
#2544=AXIS2_PLACEMENT_3D('',#3766,#3018,#3019);
#2545=AXIS2_PLACEMENT_3D('',#3768,#3021,#3022);
#2546=AXIS2_PLACEMENT_3D('',#3770,#3023,#3024);
#2547=AXIS2_PLACEMENT_3D('',#3772,#3026,#3027);
#2548=AXIS2_PLACEMENT_3D('',#3774,#3029,#3030);
#2549=AXIS2_PLACEMENT_3D('',#3776,#3032,#3033);
#2550=AXIS2_PLACEMENT_3D('',#3778,#3035,#3036);
#2551=AXIS2_PLACEMENT_3D('',#3780,#3037,#3038);
#2552=AXIS2_PLACEMENT_3D('',#3782,#3040,#3041);
#2553=AXIS2_PLACEMENT_3D('',#3785,#3044,#3045);
#2554=AXIS2_PLACEMENT_3D('',#3787,#3047,#3048);
#2555=AXIS2_PLACEMENT_3D('',#3789,#3050,#3051);
#2556=AXIS2_PLACEMENT_3D('',#3792,#3054,#3055);
#2557=AXIS2_PLACEMENT_3D('',#3794,#3057,#3058);
#2558=AXIS2_PLACEMENT_3D('',#3796,#3060,#3061);
#2559=AXIS2_PLACEMENT_3D('',#3799,#3064,#3065);
#2560=AXIS2_PLACEMENT_3D('',#3801,#3067,#3068);
#2561=AXIS2_PLACEMENT_3D('',#3803,#3070,#3071);
#2562=AXIS2_PLACEMENT_3D('',#3806,#3074,#3075);
#2563=AXIS2_PLACEMENT_3D('',#3808,#3077,#3078);
#2564=AXIS2_PLACEMENT_3D('',#3810,#3080,#3081);
#2565=AXIS2_PLACEMENT_3D('',#3813,#3084,#3085);
#2566=AXIS2_PLACEMENT_3D('',#3815,#3087,#3088);
#2567=AXIS2_PLACEMENT_3D('',#3817,#3090,#3091);
#2568=AXIS2_PLACEMENT_3D('',#3820,#3094,#3095);
#2569=AXIS2_PLACEMENT_3D('',#3822,#3097,#3098);
#2570=AXIS2_PLACEMENT_3D('',#3824,#3100,#3101);
#2571=AXIS2_PLACEMENT_3D('',#3827,#3104,#3105);
#2572=AXIS2_PLACEMENT_3D('',#3828,#3106,#3107);
#2573=AXIS2_PLACEMENT_3D('',#3829,#3108,#3109);
#2574=AXIS2_PLACEMENT_3D('',#3830,#3110,#3111);
#2575=AXIS2_PLACEMENT_3D('',#3831,#3112,#3113);
#2576=AXIS2_PLACEMENT_3D('',#3832,#3114,#3115);
#2577=AXIS2_PLACEMENT_3D('',#3833,#3116,#3117);
#2578=AXIS2_PLACEMENT_3D('',#3834,#3118,#3119);
#2579=AXIS2_PLACEMENT_3D('',#3835,#3120,#3121);
#2580=AXIS2_PLACEMENT_3D('',#3836,#3122,#3123);
#2581=AXIS2_PLACEMENT_3D('',#3837,#3124,#3125);
#2582=AXIS2_PLACEMENT_3D('',#3838,#3126,#3127);
#2583=AXIS2_PLACEMENT_3D('',#3839,#3128,#3129);
#2584=AXIS2_PLACEMENT_3D('',#3840,#3130,#3131);
#2585=AXIS2_PLACEMENT_3D('',#3841,#3132,#3133);
#2586=AXIS2_PLACEMENT_3D('',#3842,#3134,#3135);
#2587=AXIS2_PLACEMENT_3D('',#3843,#3136,#3137);
#2588=AXIS2_PLACEMENT_3D('',#3844,#3138,#3139);
#2589=AXIS2_PLACEMENT_3D('',#3845,#3140,#3141);
#2590=AXIS2_PLACEMENT_3D('',#3846,#3142,#3143);
#2591=AXIS2_PLACEMENT_3D('',#3849,#3146,#3147);
#2592=AXIS2_PLACEMENT_3D('',#3851,#3149,#3150);
#2593=AXIS2_PLACEMENT_3D('',#3853,#3152,#3153);
#2594=AXIS2_PLACEMENT_3D('',#3854,#3154,#3155);
#2595=AXIS2_PLACEMENT_3D('',#3857,#3158,#3159);
#2596=AXIS2_PLACEMENT_3D('',#3859,#3161,#3162);
#2597=AXIS2_PLACEMENT_3D('',#3861,#3164,#3165);
#2598=AXIS2_PLACEMENT_3D('',#3862,#3166,#3167);
#2599=AXIS2_PLACEMENT_3D('',#3865,#3170,#3171);
#2600=AXIS2_PLACEMENT_3D('',#3867,#3173,#3174);
#2601=AXIS2_PLACEMENT_3D('',#3869,#3176,#3177);
#2602=AXIS2_PLACEMENT_3D('',#3870,#3178,#3179);
#2603=AXIS2_PLACEMENT_3D('',#3873,#3182,#3183);
#2604=AXIS2_PLACEMENT_3D('',#3875,#3185,#3186);
#2605=AXIS2_PLACEMENT_3D('',#3877,#3188,#3189);
#2606=AXIS2_PLACEMENT_3D('',#3878,#3190,#3191);
#2607=AXIS2_PLACEMENT_3D('',#3881,#3194,#3195);
#2608=AXIS2_PLACEMENT_3D('',#3884,#3198,#3199);
#2609=AXIS2_PLACEMENT_3D('',#3887,#3202,#3203);
#2610=AXIS2_PLACEMENT_3D('',#3890,#3206,#3207);
#2611=AXIS2_PLACEMENT_3D('',#3891,#3208,#3209);
#2612=AXIS2_PLACEMENT_3D('',#3892,#3210,#3211);
#2613=AXIS2_PLACEMENT_3D('',#3893,#3212,#3213);
#2614=DIRECTION('',(0.,0.,1.));
#2615=DIRECTION('',(1.,0.,0.));
#2616=DIRECTION('',(0.,0.,1.));
#2617=DIRECTION('',(1.,0.,0.));
#2618=DIRECTION('',(1.,0.,0.));
#2619=DIRECTION('',(0.,1.,0.));
#2620=DIRECTION('',(1.,0.,0.));
#2621=DIRECTION('',(-2.36723929043448E-16,1.,0.));
#2622=DIRECTION('',(0.,0.,1.));
#2623=DIRECTION('',(1.,0.,0.));
#2624=DIRECTION('',(-0.5,-0.866025403784439,0.));
#2625=DIRECTION('',(1.,0.,0.));
#2626=DIRECTION('',(0.,-1.,0.));
#2627=DIRECTION('',(-1.,0.,0.));
#2628=DIRECTION('',(-0.5,0.866025403784439,0.));
#2629=DIRECTION('',(0.,0.,1.));
#2630=DIRECTION('',(1.,0.,0.));
#2631=DIRECTION('',(0.5,0.866025403784439,0.));
#2632=DIRECTION('',(1.,-4.84390499400156E-16,0.));
#2633=DIRECTION('',(-0.5,0.866025403784439,0.));
#2634=DIRECTION('',(0.,0.,1.));
#2635=DIRECTION('',(1.,0.,0.));
#2636=DIRECTION('',(0.5,0.866025403784439,0.));
#2637=DIRECTION('',(1.,0.,0.));
#2638=DIRECTION('',(0.,-1.,0.));
#2639=DIRECTION('',(-1.,0.,0.));
#2640=DIRECTION('',(0.5,-0.866025403784439,0.));
#2641=DIRECTION('',(0.,0.,1.));
#2642=DIRECTION('',(1.,0.,0.));
#2643=DIRECTION('',(-0.5,-0.866025403784439,0.));
#2644=DIRECTION('',(1.,3.63292874550116E-16,0.));
#2645=DIRECTION('',(0.5,-0.866025403784439,0.));
#2646=DIRECTION('',(-6.19544098563146E-17,1.,0.));
#2647=DIRECTION('',(-1.,0.,0.));
#2648=DIRECTION('',(-6.19544098563146E-17,1.,0.));
#2649=DIRECTION('',(-1.,0.,0.));
#2650=DIRECTION('',(0.,1.,0.));
#2651=DIRECTION('',(-1.,0.,0.));
#2652=DIRECTION('',(0.,1.,0.));
#2653=DIRECTION('',(-1.,0.,0.));
#2654=DIRECTION('',(0.,-1.,0.));
#2655=DIRECTION('',(1.,0.,0.));
#2656=DIRECTION('',(0.,-1.,0.));
#2657=DIRECTION('',(1.,0.,0.));
#2658=DIRECTION('',(0.,0.,1.));
#2659=DIRECTION('',(1.,0.,0.));
#2660=DIRECTION('',(0.,1.,0.));
#2661=DIRECTION('',(-1.,0.,0.));
#2662=DIRECTION('',(0.,1.,0.));
#2663=DIRECTION('',(-1.,0.,0.));
#2664=DIRECTION('',(0.,1.,0.));
#2665=DIRECTION('',(1.,0.,0.));
#2666=DIRECTION('',(0.,1.,0.));
#2667=DIRECTION('',(1.,0.,0.));
#2668=DIRECTION('',(0.,1.,0.));
#2669=DIRECTION('',(1.,0.,0.));
#2670=DIRECTION('',(0.,1.,0.));
#2671=DIRECTION('',(1.,0.,0.));
#2672=DIRECTION('',(-6.19544098563146E-17,-1.,0.));
#2673=DIRECTION('',(-1.,0.,0.));
#2674=DIRECTION('',(-6.19544098563146E-17,-1.,0.));
#2675=DIRECTION('',(-1.,0.,0.));
#2676=DIRECTION('',(0.,-1.,0.));
#2677=DIRECTION('',(-1.,0.,0.));
#2678=DIRECTION('',(0.,-1.,0.));
#2679=DIRECTION('',(-1.,0.,0.));
#2680=DIRECTION('',(0.,-1.,0.));
#2681=DIRECTION('',(-1.,0.,0.));
#2682=DIRECTION('',(0.,-1.,0.));
#2683=DIRECTION('',(1.,0.,0.));
#2684=DIRECTION('',(-1.,0.,0.));
#2685=DIRECTION('',(0.,-1.,0.));
#2686=DIRECTION('',(-1.,0.,0.));
#2687=DIRECTION('',(0.,-1.,0.));
#2688=DIRECTION('',(0.,-1.,0.));
#2689=DIRECTION('',(1.,0.,0.));
#2690=DIRECTION('',(0.,-1.,0.));
#2691=DIRECTION('',(1.,0.,0.));
#2692=DIRECTION('',(-0.5,0.866025403784439,0.));
#2693=DIRECTION('',(0.,0.,1.));
#2694=DIRECTION('',(1.,0.,0.));
#2695=DIRECTION('',(0.,-1.,0.));
#2696=DIRECTION('',(1.,0.,0.));
#2697=DIRECTION('',(0.,-1.,0.));
#2698=DIRECTION('',(0.,0.,1.));
#2699=DIRECTION('',(1.,0.,0.));
#2700=DIRECTION('',(-0.5,-0.866025403784439,0.));
#2701=DIRECTION('',(0.,-1.,0.));
#2702=DIRECTION('',(-0.5,0.866025403784439,0.));
#2703=DIRECTION('',(0.,0.,1.));
#2704=DIRECTION('',(1.,0.,0.));
#2705=DIRECTION('',(0.,1.,0.));
#2706=DIRECTION('',(1.,0.,0.));
#2707=DIRECTION('',(0.,1.,0.));
#2708=DIRECTION('',(0.,0.,1.));
#2709=DIRECTION('',(1.,0.,0.));
#2710=DIRECTION('',(-0.5,-0.866025403784439,0.));
#2711=DIRECTION('',(0.,-1.,0.));
#2712=DIRECTION('',(-1.,0.,0.));
#2713=DIRECTION('',(0.,-1.,0.));
#2714=DIRECTION('',(-1.,0.,0.));
#2715=DIRECTION('',(0.,-1.,0.));
#2716=DIRECTION('',(-1.,0.,0.));
#2717=DIRECTION('',(0.,-1.,0.));
#2718=DIRECTION('',(-1.,0.,0.));
#2719=DIRECTION('',(0.,-1.,0.));
#2720=DIRECTION('',(-1.,0.,0.));
#2721=DIRECTION('',(0.,-1.,0.));
#2722=DIRECTION('',(-1.,0.,0.));
#2723=DIRECTION('',(0.,-1.,0.));
#2724=DIRECTION('',(0.,-1.,0.));
#2725=DIRECTION('',(1.,0.,0.));
#2726=DIRECTION('',(0.,-1.,0.));
#2727=DIRECTION('',(1.,0.,0.));
#2728=DIRECTION('',(1.,0.,0.));
#2729=DIRECTION('',(0.,1.,0.));
#2730=DIRECTION('',(1.,0.,0.));
#2731=DIRECTION('',(0.,1.,0.));
#2732=DIRECTION('',(1.,0.,0.));
#2733=DIRECTION('',(0.,1.,0.));
#2734=DIRECTION('',(1.,0.,0.));
#2735=DIRECTION('',(0.,1.,0.));
#2736=DIRECTION('',(0.,0.,1.));
#2737=DIRECTION('',(1.,0.,0.));
#2738=DIRECTION('',(1.,0.,0.));
#2739=DIRECTION('',(0.,1.,0.));
#2740=DIRECTION('',(1.,0.,0.));
#2741=DIRECTION('',(0.,1.,0.));
#2742=DIRECTION('',(1.,0.,0.));
#2743=DIRECTION('',(0.,1.,0.));
#2744=DIRECTION('',(1.,0.,0.));
#2745=DIRECTION('',(0.,1.,0.));
#2746=DIRECTION('',(0.,-1.,0.));
#2747=DIRECTION('',(-1.,0.,0.));
#2748=DIRECTION('',(0.,-1.,0.));
#2749=DIRECTION('',(-1.,0.,0.));
#2750=DIRECTION('',(0.,-1.,0.));
#2751=DIRECTION('',(-1.,0.,0.));
#2752=DIRECTION('',(0.,-1.,0.));
#2753=DIRECTION('',(-1.,0.,0.));
#2754=DIRECTION('',(1.,0.,0.));
#2755=DIRECTION('',(0.,1.,0.));
#2756=DIRECTION('',(1.,0.,0.));
#2757=DIRECTION('',(-2.36723929043448E-16,1.,0.));
#2758=DIRECTION('',(0.,0.,1.));
#2759=DIRECTION('',(1.,0.,0.));
#2760=DIRECTION('',(-0.5,0.866025403784439,0.));
#2761=DIRECTION('',(-1.,0.,0.));
#2762=DIRECTION('',(0.,-1.,0.));
#2763=DIRECTION('',(1.,0.,0.));
#2764=DIRECTION('',(-0.5,-0.866025403784439,0.));
#2765=DIRECTION('',(0.,0.,1.));
#2766=DIRECTION('',(1.,0.,0.));
#2767=DIRECTION('',(0.5,-0.866025403784439,0.));
#2768=DIRECTION('',(1.,3.63292874550116E-16,0.));
#2769=DIRECTION('',(-0.5,-0.866025403784439,0.));
#2770=DIRECTION('',(0.,0.,1.));
#2771=DIRECTION('',(1.,0.,0.));
#2772=DIRECTION('',(0.5,-0.866025403784439,0.));
#2773=DIRECTION('',(-1.,0.,0.));
#2774=DIRECTION('',(0.,-1.,0.));
#2775=DIRECTION('',(1.,0.,0.));
#2776=DIRECTION('',(0.5,0.866025403784439,0.));
#2777=DIRECTION('',(0.,0.,1.));
#2778=DIRECTION('',(1.,0.,0.));
#2779=DIRECTION('',(-0.5,0.866025403784439,0.));
#2780=DIRECTION('',(1.,-4.84390499400156E-16,0.));
#2781=DIRECTION('',(0.5,0.866025403784439,0.));
#2782=DIRECTION('',(1.,0.,0.));
#2783=DIRECTION('',(0.,1.,0.));
#2784=DIRECTION('',(1.,0.,0.));
#2785=DIRECTION('',(0.,1.,0.));
#2786=DIRECTION('',(1.,0.,0.));
#2787=DIRECTION('',(0.,1.,0.));
#2788=DIRECTION('',(1.,0.,0.));
#2789=DIRECTION('',(0.,1.,0.));
#2790=DIRECTION('',(-1.,0.,0.));
#2791=DIRECTION('',(-6.19544098563146E-17,-1.,0.));
#2792=DIRECTION('',(-1.,0.,0.));
#2793=DIRECTION('',(-6.19544098563146E-17,-1.,0.));
#2794=DIRECTION('',(-1.,0.,0.));
#2795=DIRECTION('',(0.,-1.,0.));
#2796=DIRECTION('',(-1.,0.,0.));
#2797=DIRECTION('',(0.,-1.,0.));
#2798=DIRECTION('',(-1.,0.,0.));
#2799=DIRECTION('',(0.,-1.,0.));
#2800=DIRECTION('',(1.,0.,0.));
#2801=DIRECTION('',(0.,-1.,0.));
#2802=DIRECTION('',(0.,-1.,0.));
#2803=DIRECTION('',(-1.,0.,0.));
#2804=DIRECTION('',(0.,-1.,0.));
#2805=DIRECTION('',(-1.,0.,0.));
#2806=DIRECTION('',(-0.5,-0.866025403784439,0.));
#2807=DIRECTION('',(0.,0.,1.));
#2808=DIRECTION('',(-1.,0.,0.));
#2809=DIRECTION('',(0.,-1.,0.));
#2810=DIRECTION('',(1.,0.,0.));
#2811=DIRECTION('',(0.,-1.,0.));
#2812=DIRECTION('',(0.,0.,-1.));
#2813=DIRECTION('',(-1.,0.,0.));
#2814=DIRECTION('',(-0.5,0.866025403784439,0.));
#2815=DIRECTION('',(0.,-1.,0.));
#2816=DIRECTION('',(-0.5,-0.866025403784439,0.));
#2817=DIRECTION('',(0.,0.,1.));
#2818=DIRECTION('',(-1.,0.,0.));
#2819=DIRECTION('',(0.,1.,0.));
#2820=DIRECTION('',(1.,0.,0.));
#2821=DIRECTION('',(0.,1.,0.));
#2822=DIRECTION('',(0.,0.,-1.));
#2823=DIRECTION('',(-1.,0.,0.));
#2824=DIRECTION('',(-0.5,0.866025403784439,0.));
#2825=DIRECTION('',(0.,-1.,0.));
#2826=DIRECTION('',(0.,0.,-1.));
#2827=DIRECTION('',(-1.,0.,0.));
#2828=DIRECTION('',(1.,0.,0.));
#2829=DIRECTION('',(0.,-1.,0.));
#2830=DIRECTION('',(1.,0.,0.));
#2831=DIRECTION('',(0.,-1.,0.));
#2832=DIRECTION('',(0.,-1.,0.));
#2833=DIRECTION('',(1.,0.,0.));
#2834=DIRECTION('',(0.,-1.,0.));
#2835=DIRECTION('',(1.,0.,0.));
#2836=DIRECTION('',(-1.,0.,0.));
#2837=DIRECTION('',(0.,1.,0.));
#2838=DIRECTION('',(-1.,0.,0.));
#2839=DIRECTION('',(0.,1.,0.));
#2840=DIRECTION('',(-1.,0.,0.));
#2841=DIRECTION('',(-6.19544098563146E-17,1.,0.));
#2842=DIRECTION('',(-1.,0.,0.));
#2843=DIRECTION('',(-6.19544098563146E-17,1.,0.));
#2844=DIRECTION('',(-1.,0.,0.));
#2845=DIRECTION('',(0.,1.,0.));
#2846=DIRECTION('',(-1.,0.,0.));
#2847=DIRECTION('',(0.,1.,0.));
#2848=DIRECTION('',(0.,-1.,0.));
#2849=DIRECTION('',(-1.,0.,0.));
#2850=DIRECTION('',(0.,-1.,0.));
#2851=DIRECTION('',(-1.,0.,0.));
#2852=DIRECTION('',(1.,0.,0.));
#2853=DIRECTION('',(0.,-1.,0.));
#2854=DIRECTION('',(1.,0.,0.));
#2855=DIRECTION('',(0.,-1.,0.));
#2856=DIRECTION('',(0.,1.,0.));
#2857=DIRECTION('',(0.,0.,1.));
#2858=DIRECTION('',(0.,0.,-1.));
#2859=DIRECTION('',(0.,0.,1.));
#2860=DIRECTION('',(0.,0.,-1.));
#2861=DIRECTION('',(-1.,0.,0.));
#2862=DIRECTION('',(0.,0.,-1.));
#2863=DIRECTION('',(0.,0.,-1.));
#2864=DIRECTION('',(0.,0.,1.));
#2865=DIRECTION('',(1.,0.,0.));
#2866=DIRECTION('',(-0.866025403784439,0.5,0.));
#2867=DIRECTION('',(-0.5,-0.866025403784439,0.));
#2868=DIRECTION('',(0.,0.,-1.));
#2869=DIRECTION('',(4.84390499400156E-16,1.,0.));
#2870=DIRECTION('',(-1.,4.84390499400156E-16,0.));
#2871=DIRECTION('',(0.,0.,-1.));
#2872=DIRECTION('',(-0.866025403784439,-0.5,0.));
#2873=DIRECTION('',(0.5,-0.866025403784439,0.));
#2874=DIRECTION('',(0.,0.,-1.));
#2875=DIRECTION('',(0.,0.,-1.));
#2876=DIRECTION('',(-1.,0.,0.));
#2877=DIRECTION('',(0.,0.,-1.));
#2878=DIRECTION('',(0.,0.,1.));
#2879=DIRECTION('',(1.,0.,0.));
#2880=DIRECTION('',(-0.866025403784439,0.5,0.));
#2881=DIRECTION('',(-0.5,-0.866025403784439,0.));
#2882=DIRECTION('',(0.,0.,-1.));
#2883=DIRECTION('',(0.,1.,0.));
#2884=DIRECTION('',(0.,0.,1.));
#2885=DIRECTION('',(0.,0.,-1.));
#2886=DIRECTION('',(1.,0.,0.));
#2887=DIRECTION('',(0.,0.,-1.));
#2888=DIRECTION('',(0.,0.,-1.));
#2889=DIRECTION('',(0.,-1.,0.));
#2890=DIRECTION('',(0.,0.,-1.));
#2891=DIRECTION('',(0.,0.,-1.));
#2892=DIRECTION('',(0.866025403784439,0.5,0.));
#2893=DIRECTION('',(-0.5,0.866025403784439,0.));
#2894=DIRECTION('',(0.,0.,-1.));
#2895=DIRECTION('',(0.,0.,-1.));
#2896=DIRECTION('',(-1.,0.,0.));
#2897=DIRECTION('',(0.,0.,-1.));
#2898=DIRECTION('',(0.,0.,1.));
#2899=DIRECTION('',(1.,0.,0.));
#2900=DIRECTION('',(0.866025403784439,-0.5,0.));
#2901=DIRECTION('',(0.5,0.866025403784439,0.));
#2902=DIRECTION('',(0.,0.,-1.));
#2903=DIRECTION('',(-3.63292874550116E-16,1.,0.));
#2904=DIRECTION('',(-1.,-3.63292874550116E-16,0.));
#2905=DIRECTION('',(0.,0.,-1.));
#2906=DIRECTION('',(0.866025403784439,0.5,0.));
#2907=DIRECTION('',(-0.5,0.866025403784439,0.));
#2908=DIRECTION('',(0.,0.,-1.));
#2909=DIRECTION('',(0.,0.,-1.));
#2910=DIRECTION('',(-1.,0.,0.));
#2911=DIRECTION('',(0.,0.,-1.));
#2912=DIRECTION('',(0.,0.,1.));
#2913=DIRECTION('',(1.,0.,0.));
#2914=DIRECTION('',(0.866025403784439,-0.5,0.));
#2915=DIRECTION('',(0.5,0.866025403784439,0.));
#2916=DIRECTION('',(0.,0.,-1.));
#2917=DIRECTION('',(0.,1.,0.));
#2918=DIRECTION('',(0.,0.,1.));
#2919=DIRECTION('',(0.,0.,-1.));
#2920=DIRECTION('',(1.,0.,0.));
#2921=DIRECTION('',(0.,0.,-1.));
#2922=DIRECTION('',(0.,0.,-1.));
#2923=DIRECTION('',(0.,-1.,0.));
#2924=DIRECTION('',(0.,0.,-1.));
#2925=DIRECTION('',(0.,0.,-1.));
#2926=DIRECTION('',(-0.866025403784439,-0.5,0.));
#2927=DIRECTION('',(0.5,-0.866025403784439,0.));
#2928=DIRECTION('',(0.,0.,1.));
#2929=DIRECTION('',(1.,0.,0.));
#2930=DIRECTION('',(0.,0.,1.));
#2931=DIRECTION('',(1.,0.,0.));
#2932=DIRECTION('',(0.,0.,1.));
#2933=DIRECTION('',(1.,0.,0.));
#2934=DIRECTION('',(0.,0.,1.));
#2935=DIRECTION('',(1.,0.,0.));
#2936=DIRECTION('',(0.,-1.,0.));
#2937=DIRECTION('',(0.,0.,-1.));
#2938=DIRECTION('',(0.,0.,-1.));
#2939=DIRECTION('',(0.,0.,-1.));
#2940=DIRECTION('',(-1.,0.,0.));
#2941=DIRECTION('',(0.,0.,1.));
#2942=DIRECTION('',(0.,0.,-1.));
#2943=DIRECTION('',(0.,-1.,0.));
#2944=DIRECTION('',(0.,0.,-1.));
#2945=DIRECTION('',(0.,0.,-1.));
#2946=DIRECTION('',(0.,-1.,0.));
#2947=DIRECTION('',(0.,0.,-1.));
#2948=DIRECTION('',(0.,0.,-1.));
#2949=DIRECTION('',(0.,0.,-1.));
#2950=DIRECTION('',(-1.,-6.19544098563146E-17,0.));
#2951=DIRECTION('',(6.19544098563146E-17,-1.,0.));
#2952=DIRECTION('',(0.,0.,-1.));
#2953=DIRECTION('',(0.,-1.,0.));
#2954=DIRECTION('',(0.,0.,-1.));
#2955=DIRECTION('',(0.,0.,-1.));
#2956=DIRECTION('',(0.,-1.,0.));
#2957=DIRECTION('',(0.,0.,-1.));
#2958=DIRECTION('',(0.,0.,-1.));
#2959=DIRECTION('',(0.,0.,-1.));
#2960=DIRECTION('',(-1.,0.,0.));
#2961=DIRECTION('',(0.,0.,1.));
#2962=DIRECTION('',(0.,0.,-1.));
#2963=DIRECTION('',(0.,-1.,0.));
#2964=DIRECTION('',(0.,0.,-1.));
#2965=DIRECTION('',(0.,0.,-1.));
#2966=DIRECTION('',(1.,0.,0.));
#2967=DIRECTION('',(0.,0.,-1.));
#2968=DIRECTION('',(0.,0.,-1.));
#2969=DIRECTION('',(0.,0.,-1.));
#2970=DIRECTION('',(0.,1.,0.));
#2971=DIRECTION('',(0.,0.,1.));
#2972=DIRECTION('',(0.,0.,-1.));
#2973=DIRECTION('',(1.,0.,0.));
#2974=DIRECTION('',(0.,0.,-1.));
#2975=DIRECTION('',(0.,0.,-1.));
#2976=DIRECTION('',(0.,1.,0.));
#2977=DIRECTION('',(0.,0.,1.));
#2978=DIRECTION('',(0.,0.,-1.));
#2979=DIRECTION('',(0.,0.,-1.));
#2980=DIRECTION('',(1.,0.,0.));
#2981=DIRECTION('',(0.,0.,-1.));
#2982=DIRECTION('',(0.,0.,-1.));
#2983=DIRECTION('',(0.,1.,0.));
#2984=DIRECTION('',(0.,0.,1.));
#2985=DIRECTION('',(0.,0.,-1.));
#2986=DIRECTION('',(0.866025403784439,-0.5,0.));
#2987=DIRECTION('',(0.5,0.866025403784439,0.));
#2988=DIRECTION('',(0.,0.,-1.));
#2989=DIRECTION('',(0.,0.,-1.));
#2990=DIRECTION('',(0.,0.,-1.));
#2991=DIRECTION('',(-1.,0.,0.));
#2992=DIRECTION('',(0.,0.,-1.));
#2993=DIRECTION('',(0.,0.,1.));
#2994=DIRECTION('',(1.,0.,0.));
#2995=DIRECTION('',(1.,0.,0.));
#2996=DIRECTION('',(0.,0.,-1.));
#2997=DIRECTION('',(0.,0.,-1.));
#2998=DIRECTION('',(0.,1.,0.));
#2999=DIRECTION('',(0.,0.,1.));
#3000=DIRECTION('',(0.,0.,-1.));
#3001=DIRECTION('',(1.,0.,0.));
#3002=DIRECTION('',(0.,0.,-1.));
#3003=DIRECTION('',(0.,0.,-1.));
#3004=DIRECTION('',(0.,0.,-1.));
#3005=DIRECTION('',(-1.,0.,0.));
#3006=DIRECTION('',(0.,0.,-1.));
#3007=DIRECTION('',(0.,0.,1.));
#3008=DIRECTION('',(1.,0.,0.));
#3009=DIRECTION('',(-0.866025403784439,-0.5,0.));
#3010=DIRECTION('',(0.5,-0.866025403784439,0.));
#3011=DIRECTION('',(0.,0.,-1.));
#3012=DIRECTION('',(1.,0.,0.));
#3013=DIRECTION('',(0.,0.,-1.));
#3014=DIRECTION('',(0.,0.,-1.));
#3015=DIRECTION('',(0.866025403784439,-0.5,0.));
#3016=DIRECTION('',(0.5,0.866025403784439,0.));
#3017=DIRECTION('',(0.,0.,-1.));
#3018=DIRECTION('',(0.,0.,-1.));
#3019=DIRECTION('',(-1.,0.,0.));
#3020=DIRECTION('',(0.,0.,-1.));
#3021=DIRECTION('',(0.,0.,1.));
#3022=DIRECTION('',(1.,0.,0.));
#3023=DIRECTION('',(-1.,0.,0.));
#3024=DIRECTION('',(0.,0.,1.));
#3025=DIRECTION('',(0.,0.,-1.));
#3026=DIRECTION('',(0.,1.,0.));
#3027=DIRECTION('',(0.,0.,1.));
#3028=DIRECTION('',(0.,0.,-1.));
#3029=DIRECTION('',(-1.,0.,0.));
#3030=DIRECTION('',(0.,0.,1.));
#3031=DIRECTION('',(0.,0.,-1.));
#3032=DIRECTION('',(0.,0.,-1.));
#3033=DIRECTION('',(-1.,0.,0.));
#3034=DIRECTION('',(0.,0.,-1.));
#3035=DIRECTION('',(0.,0.,1.));
#3036=DIRECTION('',(1.,0.,0.));
#3037=DIRECTION('',(-0.866025403784439,-0.5,0.));
#3038=DIRECTION('',(0.5,-0.866025403784439,0.));
#3039=DIRECTION('',(0.,0.,-1.));
#3040=DIRECTION('',(1.,0.,0.));
#3041=DIRECTION('',(0.,0.,-1.));
#3042=DIRECTION('',(0.,0.,-1.));
#3043=DIRECTION('',(0.,0.,-1.));
#3044=DIRECTION('',(0.,-1.,0.));
#3045=DIRECTION('',(0.,0.,-1.));
#3046=DIRECTION('',(0.,0.,-1.));
#3047=DIRECTION('',(1.,0.,0.));
#3048=DIRECTION('',(0.,0.,-1.));
#3049=DIRECTION('',(0.,0.,-1.));
#3050=DIRECTION('',(0.,-1.,0.));
#3051=DIRECTION('',(0.,0.,-1.));
#3052=DIRECTION('',(0.,0.,-1.));
#3053=DIRECTION('',(0.,0.,-1.));
#3054=DIRECTION('',(1.,0.,0.));
#3055=DIRECTION('',(0.,0.,-1.));
#3056=DIRECTION('',(0.,0.,-1.));
#3057=DIRECTION('',(0.,1.,0.));
#3058=DIRECTION('',(0.,0.,1.));
#3059=DIRECTION('',(0.,0.,-1.));
#3060=DIRECTION('',(0.,-1.,0.));
#3061=DIRECTION('',(0.,0.,-1.));
#3062=DIRECTION('',(0.,0.,-1.));
#3063=DIRECTION('',(0.,0.,-1.));
#3064=DIRECTION('',(1.,0.,0.));
#3065=DIRECTION('',(0.,0.,-1.));
#3066=DIRECTION('',(0.,0.,-1.));
#3067=DIRECTION('',(0.,-1.,0.));
#3068=DIRECTION('',(0.,0.,-1.));
#3069=DIRECTION('',(0.,0.,-1.));
#3070=DIRECTION('',(0.,-1.,0.));
#3071=DIRECTION('',(0.,0.,-1.));
#3072=DIRECTION('',(0.,0.,-1.));
#3073=DIRECTION('',(0.,0.,-1.));
#3074=DIRECTION('',(1.,-6.19544098563146E-17,0.));
#3075=DIRECTION('',(6.19544098563146E-17,1.,0.));
#3076=DIRECTION('',(0.,0.,-1.));
#3077=DIRECTION('',(0.,-1.,0.));
#3078=DIRECTION('',(0.,0.,-1.));
#3079=DIRECTION('',(0.,0.,-1.));
#3080=DIRECTION('',(0.,1.,0.));
#3081=DIRECTION('',(0.,0.,1.));
#3082=DIRECTION('',(0.,0.,-1.));
#3083=DIRECTION('',(0.,0.,-1.));
#3084=DIRECTION('',(-1.,0.,0.));
#3085=DIRECTION('',(0.,0.,1.));
#3086=DIRECTION('',(0.,0.,-1.));
#3087=DIRECTION('',(0.,1.,0.));
#3088=DIRECTION('',(0.,0.,1.));
#3089=DIRECTION('',(0.,0.,-1.));
#3090=DIRECTION('',(0.,1.,0.));
#3091=DIRECTION('',(0.,0.,1.));
#3092=DIRECTION('',(0.,0.,-1.));
#3093=DIRECTION('',(0.,0.,-1.));
#3094=DIRECTION('',(-1.,0.,0.));
#3095=DIRECTION('',(0.,0.,1.));
#3096=DIRECTION('',(0.,0.,-1.));
#3097=DIRECTION('',(0.,1.,0.));
#3098=DIRECTION('',(0.,0.,1.));
#3099=DIRECTION('',(0.,0.,-1.));
#3100=DIRECTION('',(0.,1.,0.));
#3101=DIRECTION('',(0.,0.,1.));
#3102=DIRECTION('',(0.,0.,-1.));
#3103=DIRECTION('',(0.,0.,1.));
#3104=DIRECTION('',(-1.,-6.19544098563146E-17,0.));
#3105=DIRECTION('',(6.19544098563146E-17,-1.,0.));
#3106=DIRECTION('',(-1.,0.,0.));
#3107=DIRECTION('',(0.,0.,1.));
#3108=DIRECTION('',(0.,1.,0.));
#3109=DIRECTION('',(0.,0.,1.));
#3110=DIRECTION('',(1.,0.,0.));
#3111=DIRECTION('',(0.,0.,-1.));
#3112=DIRECTION('',(0.,0.,-1.));
#3113=DIRECTION('',(-1.,0.,0.));
#3114=DIRECTION('',(1.,0.,0.));
#3115=DIRECTION('',(0.,0.,-1.));
#3116=DIRECTION('',(0.,-1.,0.));
#3117=DIRECTION('',(0.,0.,-1.));
#3118=DIRECTION('',(1.,0.,0.));
#3119=DIRECTION('',(0.,0.,-1.));
#3120=DIRECTION('',(1.,0.,0.));
#3121=DIRECTION('',(0.,0.,-1.));
#3122=DIRECTION('',(1.,-6.19544098563146E-17,0.));
#3123=DIRECTION('',(6.19544098563146E-17,1.,0.));
#3124=DIRECTION('',(-1.,0.,0.));
#3125=DIRECTION('',(0.,0.,1.));
#3126=DIRECTION('',(-1.,0.,0.));
#3127=DIRECTION('',(0.,0.,1.));
#3128=DIRECTION('',(-1.,0.,0.));
#3129=DIRECTION('',(0.,0.,1.));
#3130=DIRECTION('',(0.,0.,1.));
#3131=DIRECTION('',(1.,0.,0.));
#3132=DIRECTION('',(0.,0.,1.));
#3133=DIRECTION('',(1.,0.,0.));
#3134=DIRECTION('',(0.,0.,1.));
#3135=DIRECTION('',(1.,0.,0.));
#3136=DIRECTION('',(0.,0.,1.));
#3137=DIRECTION('',(1.,0.,0.));
#3138=DIRECTION('',(1.,0.,0.));
#3139=DIRECTION('',(0.,0.,-1.));
#3140=DIRECTION('',(1.,2.36723929043448E-16,0.));
#3141=DIRECTION('',(-2.36723929043448E-16,1.,0.));
#3142=DIRECTION('',(-1.,0.,0.));
#3143=DIRECTION('',(0.,0.,1.));
#3144=DIRECTION('',(0.,0.,1.));
#3145=DIRECTION('',(0.,0.,1.));
#3146=DIRECTION('',(0.,1.,0.));
#3147=DIRECTION('',(0.,0.,1.));
#3148=DIRECTION('',(0.,0.,1.));
#3149=DIRECTION('',(-1.,0.,0.));
#3150=DIRECTION('',(0.,0.,1.));
#3151=DIRECTION('',(0.,0.,1.));
#3152=DIRECTION('',(0.,1.,0.));
#3153=DIRECTION('',(0.,0.,1.));
#3154=DIRECTION('',(-1.,0.,0.));
#3155=DIRECTION('',(0.,0.,1.));
#3156=DIRECTION('',(0.,0.,1.));
#3157=DIRECTION('',(0.,0.,1.));
#3158=DIRECTION('',(0.,1.,0.));
#3159=DIRECTION('',(0.,0.,1.));
#3160=DIRECTION('',(0.,0.,1.));
#3161=DIRECTION('',(-1.,0.,0.));
#3162=DIRECTION('',(0.,0.,1.));
#3163=DIRECTION('',(0.,0.,1.));
#3164=DIRECTION('',(0.,1.,0.));
#3165=DIRECTION('',(0.,0.,1.));
#3166=DIRECTION('',(-1.,0.,0.));
#3167=DIRECTION('',(0.,0.,1.));
#3168=DIRECTION('',(0.,0.,1.));
#3169=DIRECTION('',(0.,0.,1.));
#3170=DIRECTION('',(0.,1.,0.));
#3171=DIRECTION('',(0.,0.,1.));
#3172=DIRECTION('',(0.,0.,1.));
#3173=DIRECTION('',(-1.,0.,0.));
#3174=DIRECTION('',(0.,0.,1.));
#3175=DIRECTION('',(0.,0.,1.));
#3176=DIRECTION('',(0.,1.,0.));
#3177=DIRECTION('',(0.,0.,1.));
#3178=DIRECTION('',(0.,-1.,0.));
#3179=DIRECTION('',(0.,0.,-1.));
#3180=DIRECTION('',(0.,0.,1.));
#3181=DIRECTION('',(0.,0.,1.));
#3182=DIRECTION('',(-1.,0.,0.));
#3183=DIRECTION('',(0.,0.,1.));
#3184=DIRECTION('',(0.,0.,1.));
#3185=DIRECTION('',(0.,-1.,0.));
#3186=DIRECTION('',(0.,0.,-1.));
#3187=DIRECTION('',(0.,0.,1.));
#3188=DIRECTION('',(-1.,0.,0.));
#3189=DIRECTION('',(0.,0.,1.));
#3190=DIRECTION('',(1.,0.,0.));
#3191=DIRECTION('',(0.,0.,-1.));
#3192=DIRECTION('',(0.,0.,1.));
#3193=DIRECTION('',(0.,0.,1.));
#3194=DIRECTION('',(1.,0.,0.));
#3195=DIRECTION('',(0.,0.,-1.));
#3196=DIRECTION('',(0.,0.,-1.));
#3197=DIRECTION('',(0.,0.,-1.));
#3198=DIRECTION('',(1.,0.,0.));
#3199=DIRECTION('',(0.,0.,-1.));
#3200=DIRECTION('',(0.,0.,-1.));
#3201=DIRECTION('',(0.,0.,-1.));
#3202=DIRECTION('',(1.,0.,0.));
#3203=DIRECTION('',(0.,0.,-1.));
#3204=DIRECTION('',(0.,0.,1.));
#3205=DIRECTION('',(0.,0.,1.));
#3206=DIRECTION('',(0.,1.,0.));
#3207=DIRECTION('',(0.,0.,1.));
#3208=DIRECTION('',(0.,-1.,0.));
#3209=DIRECTION('',(0.,0.,-1.));
#3210=DIRECTION('',(0.,-1.,0.));
#3211=DIRECTION('',(0.,0.,-1.));
#3212=DIRECTION('',(0.,1.,0.));
#3213=DIRECTION('',(0.,0.,1.));
#3214=CARTESIAN_POINT('',(0.,0.,0.));
#3215=CARTESIAN_POINT('',(-0.0272558004294341,0.00873816545307634,0.002));
#3216=CARTESIAN_POINT('',(-0.0240112537801265,0.0380503432795675,0.002));
#3217=CARTESIAN_POINT('',(-0.105661253780127,0.0380503432795675,0.002));
#3218=CARTESIAN_POINT('',(0.0576387462198734,0.0380503432795675,0.002));
#3219=CARTESIAN_POINT('',(-0.105661253780127,0.00873816545307635,0.002));
#3220=CARTESIAN_POINT('',(-0.105661253780127,-0.118278466060758,0.002));
#3221=CARTESIAN_POINT('',(-0.0181862537801266,-0.118278466060758,0.002));
#3222=CARTESIAN_POINT('',(0.0576387462198735,-0.118278466060758,0.002));
#3223=CARTESIAN_POINT('',(0.0576387462198734,0.00873816545307636,0.002));
#3224=CARTESIAN_POINT('',(-0.0576612537801266,-0.00951183454692364,0.002));
#3225=CARTESIAN_POINT('',(-0.0591612537801266,-0.00951183454692364,0.002));
#3226=CARTESIAN_POINT('',(-0.0561612537801266,-0.00951183454692366,0.002));
#3227=CARTESIAN_POINT('',(-0.0610169047651155,-0.0127259163340398,0.002));
#3228=CARTESIAN_POINT('',(-0.0626612537801266,-0.0155740123734147,0.002));
#3229=CARTESIAN_POINT('',(-0.0641612537801266,-0.0155740123734147,0.002));
#3230=CARTESIAN_POINT('',(-0.0656612537801266,-0.0155740123734147,0.002));
#3231=CARTESIAN_POINT('',(-0.0656612537801266,0.0300192543663219,0.002));
#3232=CARTESIAN_POINT('',(-0.0656612537801266,0.0330503432795674,0.002));
#3233=CARTESIAN_POINT('',(-0.0641612537801266,0.0330503432795674,0.002));
#3234=CARTESIAN_POINT('',(-0.0626612537801266,0.0330503432795674,0.002));
#3235=CARTESIAN_POINT('',(-0.0610169047651155,0.0302022472401925,0.002));
#3236=CARTESIAN_POINT('',(-0.0591612537801266,0.0269881654530763,0.002));
#3237=CARTESIAN_POINT('',(-0.0576612537801266,0.0269881654530763,0.002));
#3238=CARTESIAN_POINT('',(-0.0561612537801266,0.0269881654530763,0.002));
#3239=CARTESIAN_POINT('',(-0.0543056027951376,0.0302022472401925,0.002));
#3240=CARTESIAN_POINT('',(-0.0526612537801266,0.0330503432795674,0.002));
#3241=CARTESIAN_POINT('',(-0.0240112537801265,0.0330503432795674,0.002));
#3242=CARTESIAN_POINT('',(0.00463874621987343,0.0330503432795674,0.002));
#3243=CARTESIAN_POINT('',(0.00628309523488447,0.0302022472401925,0.002));
#3244=CARTESIAN_POINT('',(0.00813874621987343,0.0269881654530763,0.002));
#3245=CARTESIAN_POINT('',(0.00963874621987343,0.0269881654530763,0.002));
#3246=CARTESIAN_POINT('',(0.0111387462198734,0.0269881654530763,0.002));
#3247=CARTESIAN_POINT('',(0.0129943972048624,0.0302022472401925,0.002));
#3248=CARTESIAN_POINT('',(0.0146387462198734,0.0330503432795674,0.002));
#3249=CARTESIAN_POINT('',(0.0161387462198734,0.0330503432795674,0.002));
#3250=CARTESIAN_POINT('',(0.0176387462198734,0.0330503432795674,0.002));
#3251=CARTESIAN_POINT('',(0.0176387462198734,0.0300192543663219,0.002));
#3252=CARTESIAN_POINT('',(0.0176387462198734,-0.0155740123734147,0.002));
#3253=CARTESIAN_POINT('',(0.0161387462198734,-0.0155740123734147,0.002));
#3254=CARTESIAN_POINT('',(0.0146387462198734,-0.0155740123734147,0.002));
#3255=CARTESIAN_POINT('',(0.0129943972048624,-0.0127259163340398,0.002));
#3256=CARTESIAN_POINT('',(0.0111387462198734,-0.00951183454692365,0.002));
#3257=CARTESIAN_POINT('',(0.00963874621987343,-0.00951183454692364,0.002));
#3258=CARTESIAN_POINT('',(0.00813874621987343,-0.00951183454692364,0.002));
#3259=CARTESIAN_POINT('',(0.00628309523488447,-0.0127259163340398,0.002));
#3260=CARTESIAN_POINT('',(0.00463874621987343,-0.0155740123734147,0.002));
#3261=CARTESIAN_POINT('',(-0.0240112537801265,-0.0155740123734147,0.002));
#3262=CARTESIAN_POINT('',(-0.0526612537801266,-0.0155740123734147,0.002));
#3263=CARTESIAN_POINT('',(-0.0543056027951376,-0.0127259163340398,0.002));
#3264=CARTESIAN_POINT('',(0.00698874621987341,-0.0406156163662672,0.002));
#3265=CARTESIAN_POINT('',(0.00698874621987341,-0.0476156163662672,0.002));
#3266=CARTESIAN_POINT('',(0.00698874621987341,-0.0336156163662672,0.002));
#3267=CARTESIAN_POINT('',(-1.12537801265859E-5,-0.0476156163662672,0.002));
#3268=CARTESIAN_POINT('',(-0.00701125378012658,-0.0476156163662672,0.002));
#3269=CARTESIAN_POINT('',(-0.00701125378012659,-0.0406156163662672,0.002));
#3270=CARTESIAN_POINT('',(-0.00701125378012659,-0.0336156163662672,0.002));
#3271=CARTESIAN_POINT('',(-1.12537801265859E-5,-0.0336156163662672,0.002));
#3272=CARTESIAN_POINT('',(0.0309887462198734,-0.0406156163662672,0.002));
#3273=CARTESIAN_POINT('',(0.0309887462198734,-0.0476156163662672,0.002));
#3274=CARTESIAN_POINT('',(0.0309887462198734,-0.0336156163662672,0.002));
#3275=CARTESIAN_POINT('',(0.0239887462198734,-0.0476156163662672,0.002));
#3276=CARTESIAN_POINT('',(0.0169887462198734,-0.0476156163662672,0.002));
#3277=CARTESIAN_POINT('',(0.0169887462198734,-0.0406156163662672,0.002));
#3278=CARTESIAN_POINT('',(0.0169887462198734,-0.0336156163662672,0.002));
#3279=CARTESIAN_POINT('',(0.0239887462198734,-0.0336156163662672,0.002));
#3280=CARTESIAN_POINT('',(-0.0550112537801266,-0.106278466060758,0.002));
#3281=CARTESIAN_POINT('',(-0.0550112537801266,-0.0992784660607576,0.002));
#3282=CARTESIAN_POINT('',(-0.0550112537801266,-0.113278466060758,0.002));
#3283=CARTESIAN_POINT('',(-0.0480112537801266,-0.0992784660607576,0.002));
#3284=CARTESIAN_POINT('',(-0.0410112537801266,-0.0992784660607576,0.002));
#3285=CARTESIAN_POINT('',(-0.0410112537801266,-0.106278466060758,0.002));
#3286=CARTESIAN_POINT('',(-0.0410112537801266,-0.113278466060758,0.002));
#3287=CARTESIAN_POINT('',(-0.0480112537801266,-0.113278466060758,0.002));
#3288=CARTESIAN_POINT('',(0.0324547328054905,-0.0884815379977226,0.002));
#3289=CARTESIAN_POINT('',(0.0371047328054905,-0.0884815379977226,0.002));
#3290=CARTESIAN_POINT('',(-0.0170112537801266,-0.0406156163662672,0.002));
#3291=CARTESIAN_POINT('',(-0.0170112537801266,-0.0476156163662672,0.002));
#3292=CARTESIAN_POINT('',(-0.0170112537801266,-0.0336156163662672,0.002));
#3293=CARTESIAN_POINT('',(-0.0240112537801266,-0.0476156163662672,0.002));
#3294=CARTESIAN_POINT('',(-0.0310112537801266,-0.0476156163662672,0.002));
#3295=CARTESIAN_POINT('',(-0.0310112537801266,-0.0406156163662672,0.002));
#3296=CARTESIAN_POINT('',(-0.0310112537801266,-0.0336156163662672,0.002));
#3297=CARTESIAN_POINT('',(-0.0240112537801266,-0.0336156163662672,0.002));
#3298=CARTESIAN_POINT('',(-0.0550112537801266,-0.0406156163662672,0.002));
#3299=CARTESIAN_POINT('',(-0.0550112537801266,-0.0476156163662672,0.002));
#3300=CARTESIAN_POINT('',(-0.0550112537801266,-0.0336156163662672,0.002));
#3301=CARTESIAN_POINT('',(-0.0480112537801266,-0.0336156163662672,0.002));
#3302=CARTESIAN_POINT('',(-0.0410112537801266,-0.0336156163662672,0.002));
#3303=CARTESIAN_POINT('',(-0.0410112537801266,-0.0406156163662672,0.002));
#3304=CARTESIAN_POINT('',(-0.0410112537801266,-0.0476156163662672,0.002));
#3305=CARTESIAN_POINT('',(-0.0480112537801266,-0.0476156163662672,0.002));
#3306=CARTESIAN_POINT('',(-0.0790112537801266,-0.0406156163662672,0.002));
#3307=CARTESIAN_POINT('',(-0.0790112537801266,-0.0476156163662672,0.002));
#3308=CARTESIAN_POINT('',(-0.0790112537801266,-0.0336156163662672,0.002));
#3309=CARTESIAN_POINT('',(-0.0720112537801266,-0.0336156163662672,0.002));
#3310=CARTESIAN_POINT('',(-0.0650112537801266,-0.0336156163662672,0.002));
#3311=CARTESIAN_POINT('',(-0.0650112537801266,-0.0406156163662672,0.002));
#3312=CARTESIAN_POINT('',(-0.0650112537801266,-0.0476156163662672,0.002));
#3313=CARTESIAN_POINT('',(-0.0720112537801266,-0.0476156163662672,0.002));
#3314=CARTESIAN_POINT('',(0.00698874621987341,-0.106278466060758,0.002));
#3315=CARTESIAN_POINT('',(0.00698874621987341,-0.0992784660607576,0.002));
#3316=CARTESIAN_POINT('',(0.00698874621987341,-0.113278466060758,0.002));
#3317=CARTESIAN_POINT('',(-1.12537801265859E-5,-0.113278466060758,0.002));
#3318=CARTESIAN_POINT('',(-0.00701125378012659,-0.113278466060758,0.002));
#3319=CARTESIAN_POINT('',(-0.00701125378012659,-0.106278466060758,0.002));
#3320=CARTESIAN_POINT('',(-0.00701125378012659,-0.0992784660607576,0.002));
#3321=CARTESIAN_POINT('',(-1.12537801265859E-5,-0.0992784660607576,0.002));
#3322=CARTESIAN_POINT('',(0.0309887462198734,-0.106278466060758,0.002));
#3323=CARTESIAN_POINT('',(0.0309887462198734,-0.0992784660607576,0.002));
#3324=CARTESIAN_POINT('',(0.0309887462198734,-0.113278466060758,0.002));
#3325=CARTESIAN_POINT('',(0.0239887462198734,-0.113278466060758,0.002));
#3326=CARTESIAN_POINT('',(0.0169887462198734,-0.113278466060758,0.002));
#3327=CARTESIAN_POINT('',(0.0169887462198734,-0.106278466060758,0.002));
#3328=CARTESIAN_POINT('',(0.0169887462198734,-0.0992784660607576,0.002));
#3329=CARTESIAN_POINT('',(0.0239887462198734,-0.0992784660607576,0.002));
#3330=CARTESIAN_POINT('',(-0.0170112537801266,-0.106278466060758,0.002));
#3331=CARTESIAN_POINT('',(-0.0170112537801266,-0.0992784660607576,0.002));
#3332=CARTESIAN_POINT('',(-0.0170112537801266,-0.113278466060758,0.002));
#3333=CARTESIAN_POINT('',(-0.0240112537801266,-0.113278466060758,0.002));
#3334=CARTESIAN_POINT('',(-0.0310112537801266,-0.113278466060758,0.002));
#3335=CARTESIAN_POINT('',(-0.0310112537801266,-0.106278466060758,0.002));
#3336=CARTESIAN_POINT('',(-0.0310112537801266,-0.0992784660607576,0.002));
#3337=CARTESIAN_POINT('',(-0.0240112537801266,-0.0992784660607576,0.002));
#3338=CARTESIAN_POINT('',(0.0239887462198734,-0.026094814369841,0.002));
#3339=CARTESIAN_POINT('',(0.0266887462198734,-0.026094814369841,0.002));
#3340=CARTESIAN_POINT('',(0.0212887462198734,-0.026094814369841,0.002));
#3341=CARTESIAN_POINT('',(0.0266887462198734,-0.027094814369841,0.002));
#3342=CARTESIAN_POINT('',(0.0266887462198734,-0.028094814369841,0.002));
#3343=CARTESIAN_POINT('',(0.0239887462198734,-0.028094814369841,0.002));
#3344=CARTESIAN_POINT('',(0.0212887462198734,-0.028094814369841,0.002));
#3345=CARTESIAN_POINT('',(0.0212887462198734,-0.027094814369841,0.002));
#3346=CARTESIAN_POINT('',(-0.0790112537801266,-0.106278466060758,0.002));
#3347=CARTESIAN_POINT('',(-0.0790112537801266,-0.0992784660607576,0.002));
#3348=CARTESIAN_POINT('',(-0.0790112537801266,-0.113278466060758,0.002));
#3349=CARTESIAN_POINT('',(-0.0720112537801266,-0.0992784660607576,0.002));
#3350=CARTESIAN_POINT('',(-0.0650112537801266,-0.0992784660607576,0.002));
#3351=CARTESIAN_POINT('',(-0.0650112537801266,-0.106278466060758,0.002));
#3352=CARTESIAN_POINT('',(-0.0650112537801266,-0.113278466060758,0.002));
#3353=CARTESIAN_POINT('',(-0.0720112537801266,-0.113278466060758,0.002));
#3354=CARTESIAN_POINT('',(0.0213696218928475,-0.0837718007399316,0.002));
#3355=CARTESIAN_POINT('',(0.0226254975658216,-0.0859470412135124,0.002));
#3356=CARTESIAN_POINT('',(0.0197387462198735,-0.0809470412135124,0.002));
#3357=CARTESIAN_POINT('',(0.0184887462198734,-0.0809470412135124,0.002));
#3358=CARTESIAN_POINT('',(0.0172387462198734,-0.0809470412135124,0.002));
#3359=CARTESIAN_POINT('',(0.0172387462198734,-0.0865594136492082,0.002));
#3360=CARTESIAN_POINT('',(0.0172387462198734,-0.0909470412135124,0.002));
#3361=CARTESIAN_POINT('',(-0.0240112537801266,-0.0909470412135124,0.002));
#3362=CARTESIAN_POINT('',(-0.0652612537801266,-0.0909470412135124,0.002));
#3363=CARTESIAN_POINT('',(-0.0652612537801266,-0.0865594136492082,0.002));
#3364=CARTESIAN_POINT('',(-0.0652612537801266,-0.0809470412135124,0.002));
#3365=CARTESIAN_POINT('',(-0.0665112537801266,-0.0809470412135124,0.002));
#3366=CARTESIAN_POINT('',(-0.0677612537801266,-0.0809470412135124,0.002));
#3367=CARTESIAN_POINT('',(-0.0693921294531007,-0.0837718007399316,0.002));
#3368=CARTESIAN_POINT('',(-0.0706480051260747,-0.0859470412135124,0.002));
#3369=CARTESIAN_POINT('',(-0.0706480051260747,-0.0734470412135124,0.002));
#3370=CARTESIAN_POINT('',(-0.0706480051260747,-0.0609470412135124,0.002));
#3371=CARTESIAN_POINT('',(-0.0693921294531007,-0.0631222816870933,0.002));
#3372=CARTESIAN_POINT('',(-0.0677612537801266,-0.0659470412135124,0.002));
#3373=CARTESIAN_POINT('',(-0.0665112537801266,-0.0659470412135124,0.002));
#3374=CARTESIAN_POINT('',(-0.0652612537801266,-0.0659470412135124,0.002));
#3375=CARTESIAN_POINT('',(-0.0652612537801266,-0.0603346687778166,0.002));
#3376=CARTESIAN_POINT('',(-0.0652612537801266,-0.0559470412135124,0.002));
#3377=CARTESIAN_POINT('',(-0.0240112537801266,-0.0559470412135124,0.002));
#3378=CARTESIAN_POINT('',(0.0172387462198734,-0.0559470412135124,0.002));
#3379=CARTESIAN_POINT('',(0.0172387462198734,-0.0603346687778166,0.002));
#3380=CARTESIAN_POINT('',(0.0172387462198734,-0.0659470412135124,0.002));
#3381=CARTESIAN_POINT('',(0.0184887462198734,-0.0659470412135124,0.002));
#3382=CARTESIAN_POINT('',(0.0197387462198735,-0.0659470412135124,0.002));
#3383=CARTESIAN_POINT('',(0.0213696218928475,-0.0631222816870933,0.002));
#3384=CARTESIAN_POINT('',(0.0226254975658216,-0.0609470412135124,0.002));
#3385=CARTESIAN_POINT('',(0.0226254975658216,-0.0734470412135124,0.002));
#3386=CARTESIAN_POINT('',(-0.0836161798286439,-0.0139882005739212,0.002));
#3387=CARTESIAN_POINT('',(-0.0809161798286439,-0.0139882005739212,0.002));
#3388=CARTESIAN_POINT('',(-0.0863161798286439,-0.0139882005739212,0.002));
#3389=CARTESIAN_POINT('',(-0.0809161798286439,-0.0149882005739212,0.002));
#3390=CARTESIAN_POINT('',(-0.0809161798286439,-0.0159882005739212,0.002));
#3391=CARTESIAN_POINT('',(-0.0836161798286439,-0.0159882005739212,0.002));
#3392=CARTESIAN_POINT('',(-0.0863161798286439,-0.0159882005739212,0.002));
#3393=CARTESIAN_POINT('',(-0.0863161798286439,-0.0149882005739212,0.002));
#3394=CARTESIAN_POINT('',(-0.0836161798286439,-0.0250882005739212,0.002));
#3395=CARTESIAN_POINT('',(-0.0809161798286439,-0.0250882005739212,0.002));
#3396=CARTESIAN_POINT('',(-0.0863161798286439,-0.0250882005739212,0.002));
#3397=CARTESIAN_POINT('',(-0.0809161798286439,-0.0260882005739212,0.002));
#3398=CARTESIAN_POINT('',(-0.0809161798286439,-0.0270882005739212,0.002));
#3399=CARTESIAN_POINT('',(-0.0836161798286439,-0.0270882005739212,0.002));
#3400=CARTESIAN_POINT('',(-0.0863161798286439,-0.0270882005739212,0.002));
#3401=CARTESIAN_POINT('',(-0.0863161798286439,-0.0260882005739212,0.002));
#3402=CARTESIAN_POINT('',(-0.0836161798286439,-0.0194882005739212,0.002));
#3403=CARTESIAN_POINT('',(-0.0809161798286439,-0.0194882005739212,0.002));
#3404=CARTESIAN_POINT('',(-0.0863161798286439,-0.0194882005739212,0.002));
#3405=CARTESIAN_POINT('',(-0.0809161798286439,-0.0204882005739212,0.002));
#3406=CARTESIAN_POINT('',(-0.0809161798286439,-0.0214882005739212,0.002));
#3407=CARTESIAN_POINT('',(-0.0836161798286439,-0.0214882005739212,0.002));
#3408=CARTESIAN_POINT('',(-0.0863161798286439,-0.0214882005739212,0.002));
#3409=CARTESIAN_POINT('',(-0.0863161798286439,-0.0204882005739212,0.002));
#3410=CARTESIAN_POINT('',(-0.0986361798286438,-0.0205832005739212,0.002));
#3411=CARTESIAN_POINT('',(-0.0986361798286438,-0.0140582005739212,0.002));
#3412=CARTESIAN_POINT('',(-0.0986361798286438,-0.0271082005739212,0.002));
#3413=CARTESIAN_POINT('',(-0.0946111798286438,-0.0140582005739212,0.002));
#3414=CARTESIAN_POINT('',(-0.0905861798286438,-0.0140582005739212,0.002));
#3415=CARTESIAN_POINT('',(-0.0905861798286438,-0.0205832005739212,0.002));
#3416=CARTESIAN_POINT('',(-0.0905861798286438,-0.0271082005739212,0.002));
#3417=CARTESIAN_POINT('',(-0.0946111798286438,-0.0271082005739212,0.002));
#3418=CARTESIAN_POINT('',(0.0326624619483946,0.0170178214430809,0.002));
#3419=CARTESIAN_POINT('',(0.0385624619483946,0.0170178214430809,0.002));
#3420=CARTESIAN_POINT('',(0.0267624619483946,0.0170178214430809,0.002));
#3421=CARTESIAN_POINT('',(0.0385624619483946,0.0100428214430809,0.002));
#3422=CARTESIAN_POINT('',(0.0385624619483946,0.0030678214430809,0.002));
#3423=CARTESIAN_POINT('',(0.0326624619483946,0.0030678214430809,0.002));
#3424=CARTESIAN_POINT('',(0.0267624619483946,0.0030678214430809,0.002));
#3425=CARTESIAN_POINT('',(0.0267624619483946,0.0100428214430809,0.002));
#3426=CARTESIAN_POINT('',(-0.0806849695086477,0.0170178214430809,0.002));
#3427=CARTESIAN_POINT('',(-0.0865849695086477,0.0170178214430809,0.002));
#3428=CARTESIAN_POINT('',(-0.0747849695086477,0.0170178214430809,0.002));
#3429=CARTESIAN_POINT('',(-0.0747849695086477,0.0100428214430809,0.002));
#3430=CARTESIAN_POINT('',(-0.0747849695086477,0.0030678214430809,0.002));
#3431=CARTESIAN_POINT('',(-0.0806849695086477,0.0030678214430809,0.002));
#3432=CARTESIAN_POINT('',(-0.0865849695086477,0.0030678214430809,0.002));
#3433=CARTESIAN_POINT('',(-0.0865849695086477,0.0100428214430809,0.002));
#3434=CARTESIAN_POINT('',(-0.0272558004294341,0.00873816545307634,0.));
#3435=CARTESIAN_POINT('',(-0.0806849695086477,0.0170178214430809,0.));
#3436=CARTESIAN_POINT('',(-0.0865849695086477,0.0170178214430809,0.));
#3437=CARTESIAN_POINT('',(-0.0747849695086477,0.0170178214430809,0.));
#3438=CARTESIAN_POINT('',(-0.0865849695086477,0.0100428214430809,0.));
#3439=CARTESIAN_POINT('',(-0.0865849695086477,0.0030678214430809,0.));
#3440=CARTESIAN_POINT('',(-0.0806849695086477,0.0030678214430809,0.));
#3441=CARTESIAN_POINT('',(-0.0747849695086477,0.0030678214430809,0.));
#3442=CARTESIAN_POINT('',(-0.0747849695086477,0.0100428214430809,0.));
#3443=CARTESIAN_POINT('',(0.0326624619483946,0.0170178214430809,0.));
#3444=CARTESIAN_POINT('',(0.0385624619483946,0.0170178214430809,0.));
#3445=CARTESIAN_POINT('',(0.0267624619483946,0.0170178214430809,0.));
#3446=CARTESIAN_POINT('',(0.0267624619483946,0.0100428214430809,0.));
#3447=CARTESIAN_POINT('',(0.0267624619483946,0.0030678214430809,0.));
#3448=CARTESIAN_POINT('',(0.0326624619483946,0.0030678214430809,0.));
#3449=CARTESIAN_POINT('',(0.0385624619483946,0.0030678214430809,0.));
#3450=CARTESIAN_POINT('',(0.0385624619483946,0.0100428214430809,0.));
#3451=CARTESIAN_POINT('',(-0.0809161798286439,0.00873816545307634,0.));
#3452=CARTESIAN_POINT('',(-0.0809161798286439,-0.0194882005739212,0.));
#3453=CARTESIAN_POINT('',(-0.0809161798286439,-0.0214882005739212,0.));
#3454=CARTESIAN_POINT('',(-0.0272558004294341,-0.0194882005739212,0.));
#3455=CARTESIAN_POINT('',(-0.0863161798286439,-0.0194882005739212,0.));
#3456=CARTESIAN_POINT('',(-0.0863161798286439,0.00873816545307634,0.));
#3457=CARTESIAN_POINT('',(-0.0863161798286439,-0.0214882005739212,0.));
#3458=CARTESIAN_POINT('',(-0.0272558004294341,-0.0214882005739212,0.));
#3459=CARTESIAN_POINT('',(-0.0809161798286439,0.00873816545307634,0.));
#3460=CARTESIAN_POINT('',(-0.0809161798286439,-0.0139882005739212,0.));
#3461=CARTESIAN_POINT('',(-0.0809161798286439,-0.0159882005739212,0.));
#3462=CARTESIAN_POINT('',(-0.0272558004294341,-0.0139882005739212,0.));
#3463=CARTESIAN_POINT('',(-0.0863161798286439,-0.0139882005739212,0.));
#3464=CARTESIAN_POINT('',(-0.0863161798286439,0.00873816545307634,0.));
#3465=CARTESIAN_POINT('',(-0.0863161798286439,-0.0159882005739212,0.));
#3466=CARTESIAN_POINT('',(-0.0272558004294341,-0.0159882005739212,0.));
#3467=CARTESIAN_POINT('',(-0.0181862537801266,-0.118278466060758,0.));
#3468=CARTESIAN_POINT('',(-0.105661253780127,-0.118278466060758,0.));
#3469=CARTESIAN_POINT('',(0.0576387462198735,-0.118278466060758,0.));
#3470=CARTESIAN_POINT('',(-0.105661253780127,0.00873816545307635,0.));
#3471=CARTESIAN_POINT('',(-0.105661253780127,0.0380503432795675,0.));
#3472=CARTESIAN_POINT('',(-0.0240112537801265,0.0380503432795675,0.));
#3473=CARTESIAN_POINT('',(0.0576387462198734,0.0380503432795675,0.));
#3474=CARTESIAN_POINT('',(0.0576387462198734,0.00873816545307636,0.));
#3475=CARTESIAN_POINT('',(-0.0576612537801266,0.0269881654530763,0.));
#3476=CARTESIAN_POINT('',(-0.0591612537801266,0.0269881654530763,0.));
#3477=CARTESIAN_POINT('',(-0.0561612537801266,0.0269881654530763,0.));
#3478=CARTESIAN_POINT('',(-0.0610169047651155,0.0302022472401925,0.));
#3479=CARTESIAN_POINT('',(-0.0626612537801266,0.0330503432795674,0.));
#3480=CARTESIAN_POINT('',(-0.0641612537801266,0.0330503432795674,0.));
#3481=CARTESIAN_POINT('',(-0.0656612537801266,0.0330503432795674,0.));
#3482=CARTESIAN_POINT('',(-0.0656612537801266,0.0300192543663219,0.));
#3483=CARTESIAN_POINT('',(-0.0656612537801266,-0.0155740123734147,0.));
#3484=CARTESIAN_POINT('',(-0.0641612537801266,-0.0155740123734147,0.));
#3485=CARTESIAN_POINT('',(-0.0626612537801266,-0.0155740123734147,0.));
#3486=CARTESIAN_POINT('',(-0.0610169047651155,-0.0127259163340398,0.));
#3487=CARTESIAN_POINT('',(-0.0591612537801266,-0.00951183454692364,0.));
#3488=CARTESIAN_POINT('',(-0.0576612537801266,-0.00951183454692364,0.));
#3489=CARTESIAN_POINT('',(-0.0561612537801266,-0.00951183454692364,0.));
#3490=CARTESIAN_POINT('',(-0.0543056027951376,-0.0127259163340398,0.));
#3491=CARTESIAN_POINT('',(-0.0526612537801266,-0.0155740123734147,0.));
#3492=CARTESIAN_POINT('',(-0.0240112537801265,-0.0155740123734147,0.));
#3493=CARTESIAN_POINT('',(0.00463874621987343,-0.0155740123734147,0.));
#3494=CARTESIAN_POINT('',(0.00628309523488447,-0.0127259163340398,0.));
#3495=CARTESIAN_POINT('',(0.00813874621987343,-0.00951183454692364,0.));
#3496=CARTESIAN_POINT('',(0.00963874621987343,-0.00951183454692364,0.));
#3497=CARTESIAN_POINT('',(0.0111387462198734,-0.00951183454692364,0.));
#3498=CARTESIAN_POINT('',(0.0129943972048624,-0.0127259163340398,0.));
#3499=CARTESIAN_POINT('',(0.0146387462198734,-0.0155740123734147,0.));
#3500=CARTESIAN_POINT('',(0.0161387462198734,-0.0155740123734147,0.));
#3501=CARTESIAN_POINT('',(0.0176387462198734,-0.0155740123734147,0.));
#3502=CARTESIAN_POINT('',(0.0176387462198734,0.0300192543663219,0.));
#3503=CARTESIAN_POINT('',(0.0176387462198734,0.0330503432795674,0.));
#3504=CARTESIAN_POINT('',(0.0161387462198734,0.0330503432795674,0.));
#3505=CARTESIAN_POINT('',(0.0146387462198734,0.0330503432795674,0.));
#3506=CARTESIAN_POINT('',(0.0129943972048624,0.0302022472401925,0.));
#3507=CARTESIAN_POINT('',(0.0111387462198734,0.0269881654530763,0.));
#3508=CARTESIAN_POINT('',(0.00963874621987343,0.0269881654530763,0.));
#3509=CARTESIAN_POINT('',(0.00813874621987343,0.0269881654530763,0.));
#3510=CARTESIAN_POINT('',(0.00628309523488447,0.0302022472401925,0.));
#3511=CARTESIAN_POINT('',(0.00463874621987343,0.0330503432795674,0.));
#3512=CARTESIAN_POINT('',(-0.0240112537801265,0.0330503432795674,0.));
#3513=CARTESIAN_POINT('',(-0.0526612537801266,0.0330503432795674,0.));
#3514=CARTESIAN_POINT('',(-0.0543056027951376,0.0302022472401925,0.));
#3515=CARTESIAN_POINT('',(-0.0480112537801266,-0.0336156163662672,0.));
#3516=CARTESIAN_POINT('',(-0.0550112537801266,-0.0336156163662672,0.));
#3517=CARTESIAN_POINT('',(-0.0410112537801266,-0.0336156163662672,0.));
#3518=CARTESIAN_POINT('',(-0.0550112537801266,-0.0406156163662672,0.));
#3519=CARTESIAN_POINT('',(-0.0550112537801266,-0.0476156163662672,0.));
#3520=CARTESIAN_POINT('',(-0.0480112537801266,-0.0476156163662672,0.));
#3521=CARTESIAN_POINT('',(-0.0410112537801266,-0.0476156163662672,0.));
#3522=CARTESIAN_POINT('',(-0.0410112537801266,-0.0406156163662672,0.));
#3523=CARTESIAN_POINT('',(-0.0720112537801266,-0.0336156163662672,0.));
#3524=CARTESIAN_POINT('',(-0.0790112537801266,-0.0336156163662672,0.));
#3525=CARTESIAN_POINT('',(-0.0650112537801266,-0.0336156163662672,0.));
#3526=CARTESIAN_POINT('',(-0.0790112537801266,-0.0406156163662672,0.));
#3527=CARTESIAN_POINT('',(-0.0790112537801266,-0.0476156163662672,0.));
#3528=CARTESIAN_POINT('',(-0.0720112537801266,-0.0476156163662672,0.));
#3529=CARTESIAN_POINT('',(-0.0650112537801266,-0.0476156163662672,0.));
#3530=CARTESIAN_POINT('',(-0.0650112537801266,-0.0406156163662672,0.));
#3531=CARTESIAN_POINT('',(-1.12537801265859E-5,-0.113278466060758,0.));
#3532=CARTESIAN_POINT('',(0.00698874621987341,-0.113278466060758,0.));
#3533=CARTESIAN_POINT('',(-0.00701125378012659,-0.113278466060758,0.));
#3534=CARTESIAN_POINT('',(0.00698874621987341,-0.106278466060758,0.));
#3535=CARTESIAN_POINT('',(0.00698874621987341,-0.0992784660607576,0.));
#3536=CARTESIAN_POINT('',(-1.12537801265859E-5,-0.0992784660607576,0.));
#3537=CARTESIAN_POINT('',(-0.00701125378012659,-0.0992784660607576,0.));
#3538=CARTESIAN_POINT('',(-0.00701125378012659,-0.106278466060758,0.));
#3539=CARTESIAN_POINT('',(0.0239887462198734,-0.113278466060758,0.));
#3540=CARTESIAN_POINT('',(0.0309887462198734,-0.113278466060758,0.));
#3541=CARTESIAN_POINT('',(0.0169887462198734,-0.113278466060758,0.));
#3542=CARTESIAN_POINT('',(0.0309887462198734,-0.106278466060758,0.));
#3543=CARTESIAN_POINT('',(0.0309887462198734,-0.0992784660607576,0.));
#3544=CARTESIAN_POINT('',(0.0239887462198734,-0.0992784660607576,0.));
#3545=CARTESIAN_POINT('',(0.0169887462198734,-0.0992784660607576,0.));
#3546=CARTESIAN_POINT('',(0.0169887462198734,-0.106278466060758,0.));
#3547=CARTESIAN_POINT('',(-0.0240112537801266,-0.113278466060758,0.));
#3548=CARTESIAN_POINT('',(-0.0170112537801266,-0.113278466060758,0.));
#3549=CARTESIAN_POINT('',(-0.0310112537801266,-0.113278466060758,0.));
#3550=CARTESIAN_POINT('',(-0.0170112537801266,-0.106278466060758,0.));
#3551=CARTESIAN_POINT('',(-0.0170112537801266,-0.0992784660607576,0.));
#3552=CARTESIAN_POINT('',(-0.0240112537801266,-0.0992784660607576,0.));
#3553=CARTESIAN_POINT('',(-0.0310112537801266,-0.0992784660607576,0.));
#3554=CARTESIAN_POINT('',(-0.0310112537801266,-0.106278466060758,0.));
#3555=CARTESIAN_POINT('',(0.0266887462198734,-0.027094814369841,0.));
#3556=CARTESIAN_POINT('',(0.0266887462198734,-0.026094814369841,0.));
#3557=CARTESIAN_POINT('',(0.0266887462198734,-0.028094814369841,0.));
#3558=CARTESIAN_POINT('',(0.0239887462198734,-0.026094814369841,0.));
#3559=CARTESIAN_POINT('',(0.0212887462198734,-0.026094814369841,0.));
#3560=CARTESIAN_POINT('',(0.0212887462198734,-0.027094814369841,0.));
#3561=CARTESIAN_POINT('',(0.0212887462198734,-0.028094814369841,0.));
#3562=CARTESIAN_POINT('',(0.0239887462198734,-0.028094814369841,0.));
#3563=CARTESIAN_POINT('',(-0.0693921294531007,-0.0837718007399316,0.));
#3564=CARTESIAN_POINT('',(-0.0677612537801266,-0.0809470412135124,0.));
#3565=CARTESIAN_POINT('',(-0.0706480051260747,-0.0859470412135124,0.));
#3566=CARTESIAN_POINT('',(-0.0665112537801266,-0.0809470412135124,0.));
#3567=CARTESIAN_POINT('',(-0.0652612537801266,-0.0809470412135124,0.));
#3568=CARTESIAN_POINT('',(-0.0652612537801266,-0.0865594136492082,0.));
#3569=CARTESIAN_POINT('',(-0.0652612537801266,-0.0909470412135124,0.));
#3570=CARTESIAN_POINT('',(-0.0240112537801266,-0.0909470412135124,0.));
#3571=CARTESIAN_POINT('',(0.0172387462198734,-0.0909470412135124,0.));
#3572=CARTESIAN_POINT('',(0.0172387462198734,-0.0865594136492082,0.));
#3573=CARTESIAN_POINT('',(0.0172387462198734,-0.0809470412135124,0.));
#3574=CARTESIAN_POINT('',(0.0184887462198734,-0.0809470412135124,0.));
#3575=CARTESIAN_POINT('',(0.0197387462198735,-0.0809470412135124,0.));
#3576=CARTESIAN_POINT('',(0.0213696218928475,-0.0837718007399316,0.));
#3577=CARTESIAN_POINT('',(0.0226254975658216,-0.0859470412135124,0.));
#3578=CARTESIAN_POINT('',(0.0226254975658216,-0.0734470412135124,0.));
#3579=CARTESIAN_POINT('',(0.0226254975658216,-0.0609470412135124,0.));
#3580=CARTESIAN_POINT('',(0.0213696218928475,-0.0631222816870933,0.));
#3581=CARTESIAN_POINT('',(0.0197387462198735,-0.0659470412135124,0.));
#3582=CARTESIAN_POINT('',(0.0184887462198734,-0.0659470412135124,0.));
#3583=CARTESIAN_POINT('',(0.0172387462198734,-0.0659470412135124,0.));
#3584=CARTESIAN_POINT('',(0.0172387462198734,-0.0603346687778166,0.));
#3585=CARTESIAN_POINT('',(0.0172387462198734,-0.0559470412135124,0.));
#3586=CARTESIAN_POINT('',(-0.0240112537801266,-0.0559470412135124,0.));
#3587=CARTESIAN_POINT('',(-0.0652612537801266,-0.0559470412135124,0.));
#3588=CARTESIAN_POINT('',(-0.0652612537801266,-0.0603346687778166,0.));
#3589=CARTESIAN_POINT('',(-0.0652612537801266,-0.0659470412135124,0.));
#3590=CARTESIAN_POINT('',(-0.0665112537801266,-0.0659470412135124,0.));
#3591=CARTESIAN_POINT('',(-0.0677612537801266,-0.0659470412135124,0.));
#3592=CARTESIAN_POINT('',(-0.0693921294531007,-0.0631222816870933,0.));
#3593=CARTESIAN_POINT('',(-0.0706480051260747,-0.0609470412135124,0.));
#3594=CARTESIAN_POINT('',(-0.0706480051260747,-0.0734470412135124,0.));
#3595=CARTESIAN_POINT('',(0.0324547328054905,-0.0884815379977226,0.));
#3596=CARTESIAN_POINT('',(0.0278047328054905,-0.0884815379977226,0.));
#3597=CARTESIAN_POINT('',(-0.0480112537801266,-0.0992784660607576,0.));
#3598=CARTESIAN_POINT('',(-0.0550112537801266,-0.0992784660607576,0.));
#3599=CARTESIAN_POINT('',(-0.0410112537801266,-0.0992784660607576,0.));
#3600=CARTESIAN_POINT('',(-0.0550112537801266,-0.106278466060758,0.));
#3601=CARTESIAN_POINT('',(-0.0550112537801266,-0.113278466060758,0.));
#3602=CARTESIAN_POINT('',(-0.0480112537801266,-0.113278466060758,0.));
#3603=CARTESIAN_POINT('',(-0.0410112537801266,-0.113278466060758,0.));
#3604=CARTESIAN_POINT('',(-0.0410112537801266,-0.106278466060758,0.));
#3605=CARTESIAN_POINT('',(-0.0790112537801266,-0.106278466060758,0.));
#3606=CARTESIAN_POINT('',(-0.0790112537801266,-0.0992784660607576,0.));
#3607=CARTESIAN_POINT('',(-0.0790112537801266,-0.113278466060758,0.));
#3608=CARTESIAN_POINT('',(-0.0720112537801266,-0.113278466060758,0.));
#3609=CARTESIAN_POINT('',(-0.0650112537801266,-0.113278466060758,0.));
#3610=CARTESIAN_POINT('',(-0.0650112537801266,-0.106278466060758,0.));
#3611=CARTESIAN_POINT('',(-0.0650112537801266,-0.0992784660607576,0.));
#3612=CARTESIAN_POINT('',(-0.0720112537801266,-0.0992784660607576,0.));
#3613=CARTESIAN_POINT('',(0.0239887462198734,-0.0476156163662672,0.));
#3614=CARTESIAN_POINT('',(0.0309887462198734,-0.0476156163662672,0.));
#3615=CARTESIAN_POINT('',(0.0169887462198734,-0.0476156163662672,0.));
#3616=CARTESIAN_POINT('',(0.0309887462198734,-0.0406156163662672,0.));
#3617=CARTESIAN_POINT('',(0.0309887462198734,-0.0336156163662672,0.));
#3618=CARTESIAN_POINT('',(0.0239887462198734,-0.0336156163662672,0.));
#3619=CARTESIAN_POINT('',(0.0169887462198734,-0.0336156163662672,0.));
#3620=CARTESIAN_POINT('',(0.0169887462198734,-0.0406156163662672,0.));
#3621=CARTESIAN_POINT('',(-1.12537801265859E-5,-0.0476156163662672,0.));
#3622=CARTESIAN_POINT('',(0.00698874621987341,-0.0476156163662672,0.));
#3623=CARTESIAN_POINT('',(-0.00701125378012658,-0.0476156163662672,0.));
#3624=CARTESIAN_POINT('',(0.00698874621987341,-0.0406156163662672,0.));
#3625=CARTESIAN_POINT('',(0.00698874621987341,-0.0336156163662672,0.));
#3626=CARTESIAN_POINT('',(-1.12537801265859E-5,-0.0336156163662672,0.));
#3627=CARTESIAN_POINT('',(-0.00701125378012659,-0.0336156163662672,0.));
#3628=CARTESIAN_POINT('',(-0.00701125378012659,-0.0406156163662672,0.));
#3629=CARTESIAN_POINT('',(-0.0240112537801266,-0.0476156163662672,0.));
#3630=CARTESIAN_POINT('',(-0.0170112537801266,-0.0476156163662672,0.));
#3631=CARTESIAN_POINT('',(-0.0310112537801266,-0.0476156163662672,0.));
#3632=CARTESIAN_POINT('',(-0.0170112537801266,-0.0406156163662672,0.));
#3633=CARTESIAN_POINT('',(-0.0170112537801266,-0.0336156163662672,0.));
#3634=CARTESIAN_POINT('',(-0.0240112537801266,-0.0336156163662672,0.));
#3635=CARTESIAN_POINT('',(-0.0310112537801266,-0.0336156163662672,0.));
#3636=CARTESIAN_POINT('',(-0.0310112537801266,-0.0406156163662672,0.));
#3637=CARTESIAN_POINT('',(-0.0809161798286439,0.00873816545307634,0.));
#3638=CARTESIAN_POINT('',(-0.0809161798286439,-0.0250882005739212,0.));
#3639=CARTESIAN_POINT('',(-0.0809161798286439,-0.0270882005739212,0.));
#3640=CARTESIAN_POINT('',(-0.0272558004294341,-0.0250882005739212,0.));
#3641=CARTESIAN_POINT('',(-0.0863161798286439,-0.0250882005739212,0.));
#3642=CARTESIAN_POINT('',(-0.0863161798286439,0.00873816545307634,0.));
#3643=CARTESIAN_POINT('',(-0.0863161798286439,-0.0270882005739212,0.));
#3644=CARTESIAN_POINT('',(-0.0272558004294341,-0.0270882005739212,0.));
#3645=CARTESIAN_POINT('',(-0.0272558004294341,-0.0140582005739212,0.));
#3646=CARTESIAN_POINT('',(-0.0986361798286438,-0.0140582005739212,0.));
#3647=CARTESIAN_POINT('',(-0.0905861798286438,-0.0140582005739212,0.));
#3648=CARTESIAN_POINT('',(-0.0986361798286438,0.00873816545307634,0.));
#3649=CARTESIAN_POINT('',(-0.0986361798286438,-0.0271082005739212,0.));
#3650=CARTESIAN_POINT('',(-0.0272558004294341,-0.0271082005739212,0.));
#3651=CARTESIAN_POINT('',(-0.0905861798286438,-0.0271082005739212,0.));
#3652=CARTESIAN_POINT('',(-0.0905861798286438,0.00873816545307634,0.));
#3653=CARTESIAN_POINT('',(-0.0240112537801265,0.0380503432795675,0.002));
#3654=CARTESIAN_POINT('',(-0.105661253780127,0.0380503432795675,0.002002));
#3655=CARTESIAN_POINT('',(0.0576387462198734,0.0380503432795675,0.002002));
#3656=CARTESIAN_POINT('',(-0.0576612537801266,0.0269881654530763,0.002));
#3657=CARTESIAN_POINT('',(-0.0561612537801266,0.0269881654530763,0.002));
#3658=CARTESIAN_POINT('',(-0.0591612537801266,0.0269881654530763,0.002));
#3659=CARTESIAN_POINT('',(-0.0576612537801266,0.0269881654530763,0.005));
#3660=CARTESIAN_POINT('',(-0.0561612537801266,0.0269881654530763,0.005));
#3661=CARTESIAN_POINT('',(-0.0543056027951376,0.0302022472401925,0.002));
#3662=CARTESIAN_POINT('',(-0.0526612537801266,0.0330503432795674,0.002));
#3663=CARTESIAN_POINT('',(-0.0240112537801265,0.0330503432795674,0.002));
#3664=CARTESIAN_POINT('',(0.00463874621987343,0.0330503432795674,0.002));
#3665=CARTESIAN_POINT('',(0.00628309523488447,0.0302022472401925,0.002));
#3666=CARTESIAN_POINT('',(0.00813874621987343,0.0269881654530763,0.002));
#3667=CARTESIAN_POINT('',(0.00963874621987343,0.0269881654530763,0.002));
#3668=CARTESIAN_POINT('',(0.0111387462198734,0.0269881654530763,0.002));
#3669=CARTESIAN_POINT('',(0.00963874621987343,0.0269881654530763,0.005));
#3670=CARTESIAN_POINT('',(0.0111387462198734,0.0269881654530763,0.005));
#3671=CARTESIAN_POINT('',(0.0129943972048624,0.0302022472401925,0.002));
#3672=CARTESIAN_POINT('',(0.0146387462198734,0.0330503432795674,0.002));
#3673=CARTESIAN_POINT('',(0.0161387462198734,0.0330503432795674,0.002));
#3674=CARTESIAN_POINT('',(0.0176387462198734,0.0330503432795674,0.002));
#3675=CARTESIAN_POINT('',(0.0176387462198734,0.0300192543663219,0.002));
#3676=CARTESIAN_POINT('',(0.0176387462198734,-0.0155740123734147,0.002));
#3677=CARTESIAN_POINT('',(0.0161387462198734,-0.0155740123734147,0.002));
#3678=CARTESIAN_POINT('',(0.0146387462198734,-0.0155740123734147,0.002));
#3679=CARTESIAN_POINT('',(0.0129943972048624,-0.0127259163340398,0.002));
#3680=CARTESIAN_POINT('',(0.0111387462198734,-0.00951183454692364,0.002));
#3681=CARTESIAN_POINT('',(0.00963874621987343,-0.00951183454692364,0.002));
#3682=CARTESIAN_POINT('',(0.00813874621987343,-0.00951183454692364,0.002));
#3683=CARTESIAN_POINT('',(0.00963874621987343,-0.00951183454692364,0.005));
#3684=CARTESIAN_POINT('',(0.0111387462198734,-0.00951183454692364,0.005));
#3685=CARTESIAN_POINT('',(0.00628309523488447,-0.0127259163340398,0.002));
#3686=CARTESIAN_POINT('',(0.00463874621987343,-0.0155740123734147,0.002));
#3687=CARTESIAN_POINT('',(-0.0240112537801265,-0.0155740123734147,0.002));
#3688=CARTESIAN_POINT('',(-0.0526612537801266,-0.0155740123734147,0.002));
#3689=CARTESIAN_POINT('',(-0.0543056027951376,-0.0127259163340398,0.002));
#3690=CARTESIAN_POINT('',(-0.0561612537801266,-0.00951183454692364,0.002));
#3691=CARTESIAN_POINT('',(-0.0576612537801266,-0.00951183454692364,0.002));
#3692=CARTESIAN_POINT('',(-0.0591612537801266,-0.00951183454692364,0.002));
#3693=CARTESIAN_POINT('',(-0.0576612537801266,-0.00951183454692364,0.005));
#3694=CARTESIAN_POINT('',(-0.0561612537801266,-0.00951183454692364,0.005));
#3695=CARTESIAN_POINT('',(-0.0610169047651155,-0.0127259163340398,0.002));
#3696=CARTESIAN_POINT('',(-0.0626612537801266,-0.0155740123734147,0.002));
#3697=CARTESIAN_POINT('',(-0.0641612537801266,-0.0155740123734147,0.002));
#3698=CARTESIAN_POINT('',(-0.0656612537801266,-0.0155740123734147,0.002));
#3699=CARTESIAN_POINT('',(-0.0656612537801266,0.0300192543663219,0.002));
#3700=CARTESIAN_POINT('',(-0.0656612537801266,0.0330503432795674,0.002));
#3701=CARTESIAN_POINT('',(-0.0641612537801266,0.0330503432795674,0.002));
#3702=CARTESIAN_POINT('',(-0.0626612537801266,0.0330503432795674,0.002));
#3703=CARTESIAN_POINT('',(-0.0610169047651155,0.0302022472401925,0.002));
#3704=CARTESIAN_POINT('',(-0.0240112537801266,0.00873816545307634,0.005));
#3705=CARTESIAN_POINT('',(-0.0240112537801266,0.00873816545307634,0.005));
#3706=CARTESIAN_POINT('',(-0.0240112537801266,0.00873816545307634,0.005));
#3707=CARTESIAN_POINT('',(-0.0240112537801266,0.00873816545307634,0.005));
#3708=CARTESIAN_POINT('',(-0.0240112537801266,-0.0476156163662672,0.002002));
#3709=CARTESIAN_POINT('',(-0.0170112537801266,-0.0476156163662672,0.002002));
#3710=CARTESIAN_POINT('',(-0.0310112537801266,-0.0476156163662672,0.002002));
#3711=CARTESIAN_POINT('',(-0.0170112537801266,-0.0406156163662672,0.002002));
#3712=CARTESIAN_POINT('',(-0.0170112537801266,-0.0336156163662672,0.002002));
#3713=CARTESIAN_POINT('',(-0.0240112537801266,-0.0336156163662672,0.002002));
#3714=CARTESIAN_POINT('',(-0.0310112537801266,-0.0336156163662672,0.002002));
#3715=CARTESIAN_POINT('',(-1.12537801265859E-5,-0.0476156163662672,0.002002));
#3716=CARTESIAN_POINT('',(0.00698874621987341,-0.0476156163662672,0.002002));
#3717=CARTESIAN_POINT('',(-0.00701125378012658,-0.0476156163662672,0.002002));
#3718=CARTESIAN_POINT('',(0.00698874621987341,-0.0406156163662672,0.002002));
#3719=CARTESIAN_POINT('',(0.00698874621987341,-0.0336156163662672,0.002002));
#3720=CARTESIAN_POINT('',(-1.12537801265859E-5,-0.0336156163662672,0.002002));
#3721=CARTESIAN_POINT('',(-0.00701125378012659,-0.0336156163662672,0.002002));
#3722=CARTESIAN_POINT('',(0.0239887462198734,-0.0476156163662672,0.002002));
#3723=CARTESIAN_POINT('',(0.0309887462198734,-0.0476156163662672,0.002002));
#3724=CARTESIAN_POINT('',(0.0169887462198734,-0.0476156163662672,0.002002));
#3725=CARTESIAN_POINT('',(0.0309887462198734,-0.0406156163662672,0.002002));
#3726=CARTESIAN_POINT('',(0.0309887462198734,-0.0336156163662672,0.002002));
#3727=CARTESIAN_POINT('',(0.0239887462198734,-0.0336156163662672,0.002002));
#3728=CARTESIAN_POINT('',(0.0169887462198734,-0.0336156163662672,0.002002));
#3729=CARTESIAN_POINT('',(-0.0790112537801266,-0.106278466060758,0.002002));
#3730=CARTESIAN_POINT('',(-0.0790112537801266,-0.0992784660607576,0.002002));
#3731=CARTESIAN_POINT('',(-0.0790112537801266,-0.113278466060758,0.002002));
#3732=CARTESIAN_POINT('',(-0.0720112537801266,-0.113278466060758,0.002002));
#3733=CARTESIAN_POINT('',(-0.0650112537801266,-0.113278466060758,0.002002));
#3734=CARTESIAN_POINT('',(-0.0650112537801266,-0.106278466060758,0.002002));
#3735=CARTESIAN_POINT('',(-0.0650112537801266,-0.0992784660607576,0.002002));
#3736=CARTESIAN_POINT('',(-0.0480112537801266,-0.0992784660607576,0.002002));
#3737=CARTESIAN_POINT('',(-0.0550112537801266,-0.0992784660607576,0.002002));
#3738=CARTESIAN_POINT('',(-0.0410112537801266,-0.0992784660607576,0.002002));
#3739=CARTESIAN_POINT('',(-0.0550112537801266,-0.106278466060758,0.002002));
#3740=CARTESIAN_POINT('',(-0.0550112537801266,-0.113278466060758,0.002002));
#3741=CARTESIAN_POINT('',(-0.0480112537801266,-0.113278466060758,0.002002));
#3742=CARTESIAN_POINT('',(-0.0410112537801266,-0.113278466060758,0.002002));
#3743=CARTESIAN_POINT('',(-0.0693921294531007,-0.0837718007399316,0.002002));
#3744=CARTESIAN_POINT('',(-0.0677612537801266,-0.0809470412135124,0.002002));
#3745=CARTESIAN_POINT('',(-0.0706480051260747,-0.0859470412135124,0.002002));
#3746=CARTESIAN_POINT('',(-0.0665112537801266,-0.0809470412135124,0.002002));
#3747=CARTESIAN_POINT('',(-0.0652612537801266,-0.0809470412135124,0.002002));
#3748=CARTESIAN_POINT('',(-0.0665112537801266,-0.0809470412135124,0.005));
#3749=CARTESIAN_POINT('',(-0.0652612537801266,-0.0809470412135124,0.005));
#3750=CARTESIAN_POINT('',(-0.0652612537801266,-0.0865594136492082,0.002002));
#3751=CARTESIAN_POINT('',(-0.0652612537801266,-0.0909470412135124,0.002002));
#3752=CARTESIAN_POINT('',(-0.0240112537801266,-0.0909470412135124,0.002002));
#3753=CARTESIAN_POINT('',(0.0172387462198734,-0.0909470412135124,0.002002));
#3754=CARTESIAN_POINT('',(0.0172387462198734,-0.0865594136492082,0.002002));
#3755=CARTESIAN_POINT('',(0.0172387462198734,-0.0809470412135124,0.002002));
#3756=CARTESIAN_POINT('',(0.0184887462198734,-0.0809470412135124,0.002002));
#3757=CARTESIAN_POINT('',(0.0197387462198735,-0.0809470412135124,0.002002));
#3758=CARTESIAN_POINT('',(0.0184887462198734,-0.0809470412135124,0.005));
#3759=CARTESIAN_POINT('',(0.0197387462198735,-0.0809470412135124,0.005));
#3760=CARTESIAN_POINT('',(0.0213696218928475,-0.0837718007399316,0.002002));
#3761=CARTESIAN_POINT('',(0.0226254975658216,-0.0859470412135124,0.002002));
#3762=CARTESIAN_POINT('',(0.0226254975658216,-0.0734470412135124,0.002002));
#3763=CARTESIAN_POINT('',(0.0226254975658216,-0.0609470412135124,0.002002));
#3764=CARTESIAN_POINT('',(0.0213696218928475,-0.0631222816870933,0.002002));
#3765=CARTESIAN_POINT('',(0.0197387462198735,-0.0659470412135124,0.002002));
#3766=CARTESIAN_POINT('',(0.0184887462198734,-0.0659470412135124,0.002002));
#3767=CARTESIAN_POINT('',(0.0172387462198734,-0.0659470412135124,0.002002));
#3768=CARTESIAN_POINT('',(0.0184887462198734,-0.0659470412135124,0.005));
#3769=CARTESIAN_POINT('',(0.0197387462198735,-0.0659470412135124,0.005));
#3770=CARTESIAN_POINT('',(0.0172387462198734,-0.0603346687778166,0.002002));
#3771=CARTESIAN_POINT('',(0.0172387462198734,-0.0559470412135124,0.002002));
#3772=CARTESIAN_POINT('',(-0.0240112537801266,-0.0559470412135124,0.002002));
#3773=CARTESIAN_POINT('',(-0.0652612537801266,-0.0559470412135124,0.002002));
#3774=CARTESIAN_POINT('',(-0.0652612537801266,-0.0603346687778166,0.002002));
#3775=CARTESIAN_POINT('',(-0.0652612537801266,-0.0659470412135124,0.002002));
#3776=CARTESIAN_POINT('',(-0.0665112537801266,-0.0659470412135124,0.002002));
#3777=CARTESIAN_POINT('',(-0.0677612537801266,-0.0659470412135124,0.002002));
#3778=CARTESIAN_POINT('',(-0.0665112537801266,-0.0659470412135124,0.005));
#3779=CARTESIAN_POINT('',(-0.0652612537801266,-0.0659470412135124,0.005));
#3780=CARTESIAN_POINT('',(-0.0693921294531007,-0.0631222816870933,0.002002));
#3781=CARTESIAN_POINT('',(-0.0706480051260747,-0.0609470412135124,0.002002));
#3782=CARTESIAN_POINT('',(0.0266887462198734,-0.027094814369841,0.002002));
#3783=CARTESIAN_POINT('',(0.0266887462198734,-0.026094814369841,0.002002));
#3784=CARTESIAN_POINT('',(0.0266887462198734,-0.028094814369841,0.002002));
#3785=CARTESIAN_POINT('',(0.0239887462198734,-0.026094814369841,0.002002));
#3786=CARTESIAN_POINT('',(0.0212887462198734,-0.026094814369841,0.002002));
#3787=CARTESIAN_POINT('',(0.0212887462198734,-0.027094814369841,0.002002));
#3788=CARTESIAN_POINT('',(0.0212887462198734,-0.028094814369841,0.002002));
#3789=CARTESIAN_POINT('',(-0.0240112537801266,-0.113278466060758,0.002002));
#3790=CARTESIAN_POINT('',(-0.0170112537801266,-0.113278466060758,0.002002));
#3791=CARTESIAN_POINT('',(-0.0310112537801266,-0.113278466060758,0.002002));
#3792=CARTESIAN_POINT('',(-0.0170112537801266,-0.106278466060758,0.002002));
#3793=CARTESIAN_POINT('',(-0.0170112537801266,-0.0992784660607576,0.002002));
#3794=CARTESIAN_POINT('',(-0.0240112537801266,-0.0992784660607576,0.002002));
#3795=CARTESIAN_POINT('',(-0.0310112537801266,-0.0992784660607576,0.002002));
#3796=CARTESIAN_POINT('',(0.0239887462198734,-0.113278466060758,0.002002));
#3797=CARTESIAN_POINT('',(0.0309887462198734,-0.113278466060758,0.002002));
#3798=CARTESIAN_POINT('',(0.0169887462198734,-0.113278466060758,0.002002));
#3799=CARTESIAN_POINT('',(0.0309887462198734,-0.106278466060758,0.002002));
#3800=CARTESIAN_POINT('',(0.0309887462198734,-0.0992784660607576,0.002002));
#3801=CARTESIAN_POINT('',(0.0239887462198734,-0.0992784660607576,0.002002));
#3802=CARTESIAN_POINT('',(0.0169887462198734,-0.0992784660607576,0.002002));
#3803=CARTESIAN_POINT('',(-1.12537801265859E-5,-0.113278466060758,0.002002));
#3804=CARTESIAN_POINT('',(0.00698874621987341,-0.113278466060758,0.002002));
#3805=CARTESIAN_POINT('',(-0.00701125378012659,-0.113278466060758,0.002002));
#3806=CARTESIAN_POINT('',(0.00698874621987341,-0.106278466060758,0.002002));
#3807=CARTESIAN_POINT('',(0.00698874621987341,-0.0992784660607576,0.002002));
#3808=CARTESIAN_POINT('',(-1.12537801265859E-5,-0.0992784660607576,0.002002));
#3809=CARTESIAN_POINT('',(-0.00701125378012659,-0.0992784660607576,0.002002));
#3810=CARTESIAN_POINT('',(-0.0720112537801266,-0.0336156163662672,0.002002));
#3811=CARTESIAN_POINT('',(-0.0790112537801266,-0.0336156163662672,0.002002));
#3812=CARTESIAN_POINT('',(-0.0650112537801266,-0.0336156163662672,0.002002));
#3813=CARTESIAN_POINT('',(-0.0790112537801266,-0.0406156163662672,0.002002));
#3814=CARTESIAN_POINT('',(-0.0790112537801266,-0.0476156163662672,0.002002));
#3815=CARTESIAN_POINT('',(-0.0720112537801266,-0.0476156163662672,0.002002));
#3816=CARTESIAN_POINT('',(-0.0650112537801266,-0.0476156163662672,0.002002));
#3817=CARTESIAN_POINT('',(-0.0480112537801266,-0.0336156163662672,0.002002));
#3818=CARTESIAN_POINT('',(-0.0550112537801266,-0.0336156163662672,0.002002));
#3819=CARTESIAN_POINT('',(-0.0410112537801266,-0.0336156163662672,0.002002));
#3820=CARTESIAN_POINT('',(-0.0550112537801266,-0.0406156163662672,0.002002));
#3821=CARTESIAN_POINT('',(-0.0550112537801266,-0.0476156163662672,0.002002));
#3822=CARTESIAN_POINT('',(-0.0480112537801266,-0.0476156163662672,0.002002));
#3823=CARTESIAN_POINT('',(-0.0410112537801266,-0.0476156163662672,0.002002));
#3824=CARTESIAN_POINT('',(-0.0181862537801266,-0.118278466060758,0.002002));
#3825=CARTESIAN_POINT('',(-0.105661253780127,-0.118278466060758,0.002002));
#3826=CARTESIAN_POINT('',(0.0576387462198735,-0.118278466060758,0.002002));
#3827=CARTESIAN_POINT('',(-0.00701125378012659,-0.0406156163662672,0.002002));
#3828=CARTESIAN_POINT('',(0.0169887462198734,-0.0406156163662672,0.002002));
#3829=CARTESIAN_POINT('',(-0.0720112537801266,-0.0992784660607576,0.002002));
#3830=CARTESIAN_POINT('',(-0.0410112537801266,-0.106278466060758,0.002002));
#3831=CARTESIAN_POINT('',(0.0324547328054905,-0.0884815379977226,0.002002));
#3832=CARTESIAN_POINT('',(-0.0706480051260747,-0.0734470412135124,0.002002));
#3833=CARTESIAN_POINT('',(0.0239887462198734,-0.028094814369841,0.002002));
#3834=CARTESIAN_POINT('',(-0.0310112537801266,-0.106278466060758,0.002002));
#3835=CARTESIAN_POINT('',(0.0169887462198734,-0.106278466060758,0.002002));
#3836=CARTESIAN_POINT('',(-0.00701125378012659,-0.106278466060758,0.002002));
#3837=CARTESIAN_POINT('',(-0.0650112537801266,-0.0406156163662672,0.002002));
#3838=CARTESIAN_POINT('',(-0.0410112537801266,-0.0406156163662672,0.002002));
#3839=CARTESIAN_POINT('',(-0.0310112537801266,-0.0406156163662672,0.002002));
#3840=CARTESIAN_POINT('',(-0.0240112537801265,-0.0401140613905951,0.005));
#3841=CARTESIAN_POINT('',(-0.0240112537801265,-0.0401140613905951,0.005));
#3842=CARTESIAN_POINT('',(-0.0240112537801265,-0.0401140613905951,0.005));
#3843=CARTESIAN_POINT('',(-0.0240112537801265,-0.0401140613905951,0.005));
#3844=CARTESIAN_POINT('',(-0.105661253780127,0.00873816545307635,0.002002));
#3845=CARTESIAN_POINT('',(0.0576387462198734,0.00873816545307636,0.002002));
#3846=CARTESIAN_POINT('',(-0.0809161798286439,-0.0149882005739212,-0.023));
#3847=CARTESIAN_POINT('',(-0.0809161798286439,-0.0159882005739212,-0.023));
#3848=CARTESIAN_POINT('',(-0.0809161798286439,-0.0139882005739212,-0.023));
#3849=CARTESIAN_POINT('',(-0.0836161798286439,-0.0139882005739212,-0.023));
#3850=CARTESIAN_POINT('',(-0.0863161798286439,-0.0139882005739212,-0.023));
#3851=CARTESIAN_POINT('',(-0.0863161798286439,-0.0149882005739212,-0.023));
#3852=CARTESIAN_POINT('',(-0.0863161798286439,-0.0159882005739212,-0.023));
#3853=CARTESIAN_POINT('',(-0.0836161798286439,-0.0159882005739212,-0.023));
#3854=CARTESIAN_POINT('',(-0.0809161798286439,-0.0260882005739212,-0.023));
#3855=CARTESIAN_POINT('',(-0.0809161798286439,-0.0270882005739212,-0.023));
#3856=CARTESIAN_POINT('',(-0.0809161798286439,-0.0250882005739212,-0.023));
#3857=CARTESIAN_POINT('',(-0.0836161798286439,-0.0250882005739212,-0.023));
#3858=CARTESIAN_POINT('',(-0.0863161798286439,-0.0250882005739212,-0.023));
#3859=CARTESIAN_POINT('',(-0.0863161798286439,-0.0260882005739212,-0.023));
#3860=CARTESIAN_POINT('',(-0.0863161798286439,-0.0270882005739212,-0.023));
#3861=CARTESIAN_POINT('',(-0.0836161798286439,-0.0270882005739212,-0.023));
#3862=CARTESIAN_POINT('',(-0.0809161798286439,-0.0204882005739212,-0.023));
#3863=CARTESIAN_POINT('',(-0.0809161798286439,-0.0214882005739212,-0.023));
#3864=CARTESIAN_POINT('',(-0.0809161798286439,-0.0194882005739212,-0.023));
#3865=CARTESIAN_POINT('',(-0.0836161798286439,-0.0194882005739212,-0.023));
#3866=CARTESIAN_POINT('',(-0.0863161798286439,-0.0194882005739212,-0.023));
#3867=CARTESIAN_POINT('',(-0.0863161798286439,-0.0204882005739212,-0.023));
#3868=CARTESIAN_POINT('',(-0.0863161798286439,-0.0214882005739212,-0.023));
#3869=CARTESIAN_POINT('',(-0.0836161798286439,-0.0214882005739212,-0.023));
#3870=CARTESIAN_POINT('',(-0.0946111798286438,-0.0140582005739212,-0.023));
#3871=CARTESIAN_POINT('',(-0.0905861798286438,-0.0140582005739212,-0.023));
#3872=CARTESIAN_POINT('',(-0.0986361798286438,-0.0140582005739212,-0.023));
#3873=CARTESIAN_POINT('',(-0.0986361798286438,-0.0205832005739212,-0.023));
#3874=CARTESIAN_POINT('',(-0.0986361798286438,-0.0271082005739212,-0.023));
#3875=CARTESIAN_POINT('',(-0.0946111798286438,-0.0271082005739212,-0.023));
#3876=CARTESIAN_POINT('',(-0.0905861798286438,-0.0271082005739212,-0.023));
#3877=CARTESIAN_POINT('',(-0.0905861798286438,-0.0205832005739212,-0.023));
#3878=CARTESIAN_POINT('',(-0.0747849695086477,0.0100428214430809,0.002002));
#3879=CARTESIAN_POINT('',(-0.0747849695086477,0.0170178214430809,0.002002));
#3880=CARTESIAN_POINT('',(-0.0747849695086477,0.0030678214430809,0.002002));
#3881=CARTESIAN_POINT('',(0.0385624619483946,0.0100428214430809,0.002002));
#3882=CARTESIAN_POINT('',(0.0385624619483946,0.0170178214430809,0.002002));
#3883=CARTESIAN_POINT('',(0.0385624619483946,0.0030678214430809,0.002002));
#3884=CARTESIAN_POINT('',(0.0267624619483946,0.0100428214430809,0.002002));
#3885=CARTESIAN_POINT('',(0.0267624619483946,0.0170178214430809,0.002002));
#3886=CARTESIAN_POINT('',(0.0267624619483946,0.0030678214430809,0.002002));
#3887=CARTESIAN_POINT('',(-0.0865849695086477,0.0100428214430809,0.002002));
#3888=CARTESIAN_POINT('',(-0.0865849695086477,0.0170178214430809,0.002002));
#3889=CARTESIAN_POINT('',(-0.0865849695086477,0.0030678214430809,0.002002));
#3890=CARTESIAN_POINT('',(-0.0806849695086477,0.0030678214430809,0.002002));
#3891=CARTESIAN_POINT('',(0.0326624619483946,0.0030678214430809,0.002002));
#3892=CARTESIAN_POINT('',(0.0326624619483946,0.0170178214430809,0.002002));
#3893=CARTESIAN_POINT('',(-0.0806849695086477,0.0170178214430809,0.002002));
#3894=MECHANICAL_DESIGN_GEOMETRIC_PRESENTATION_REPRESENTATION('',(#2457),
#3895);
#3895=(
GEOMETRIC_REPRESENTATION_CONTEXT(3)
GLOBAL_UNCERTAINTY_ASSIGNED_CONTEXT((#3896))
GLOBAL_UNIT_ASSIGNED_CONTEXT((#3899,#3898,#3897))
REPRESENTATION_CONTEXT('Part 1','TOP_LEVEL_ASSEMBLY_PART')
);
#3896=UNCERTAINTY_MEASURE_WITH_UNIT(LENGTH_MEASURE(1.E-8),#3899,
'DISTANCE_ACCURACY_VALUE','Maximum Tolerance applied to model');
#3897=(
NAMED_UNIT(*)
SI_UNIT($,.STERADIAN.)
SOLID_ANGLE_UNIT()
);
#3898=(
NAMED_UNIT(*)
PLANE_ANGLE_UNIT()
SI_UNIT($,.RADIAN.)
);
#3899=(
LENGTH_UNIT()
NAMED_UNIT(*)
SI_UNIT($,.METRE.)
);
#3900=PRODUCT_DEFINITION_SHAPE('','',#3901);
#3901=PRODUCT_DEFINITION('','',#3903,#3902);
#3902=PRODUCT_DEFINITION_CONTEXT('',#3909,'design');
#3903=PRODUCT_DEFINITION_FORMATION_WITH_SPECIFIED_SOURCE('','',#3905,
 .NOT_KNOWN.);
#3904=PRODUCT_RELATED_PRODUCT_CATEGORY('','',(#3905));
#3905=PRODUCT('Part 1','Part 1','Part 1',(#3907));
#3906=PRODUCT_CATEGORY('','');
#3907=PRODUCT_CONTEXT('',#3909,'mechanical');
#3908=APPLICATION_PROTOCOL_DEFINITION('international standard',
'ap242_managed_model_based_3d_engineering',2020,#3909);
#3909=APPLICATION_CONTEXT('managed model based 3d engineering');
ENDSEC;
END-ISO-10303-21;
